Price,Close,High,Low,Open,Volume
Ticker,SPY,SPY,SPY,SPY,SPY
Date,,,,,
1993-01-29,24.24140167236328,24.258643067578333,24.13795330107297,24.258643067578333,1003200
1993-02-01,24.413822174072266,24.413822174072266,24.258649575508247,24.258649575508247,480500
1993-02-02,24.465553283691406,24.48279468840155,24.344863450720414,24.39658766485084,201300
1993-02-03,24.724178314208984,24.74141972168054,24.482798609607222,24.500040017078778,529400
1993-02-04,24.827606201171875,24.87933038075765,24.534502516852488,24.81036480797662,531500
1993-02-05,24.81036949157715,24.862093680927202,24.672438319976997,24.81036949157715,492100
1993-02-08,24.81036949157715,24.896576473827242,24.77588669867711,24.81036949157715,596100
1993-02-09,24.63796043395996,24.724167433378994,24.58623623430854,24.724167433378994,122100
1993-02-10,24.672439575195312,24.689680972522492,24.56899119123223,24.63795678054095,379600
1993-02-11,24.793127059936523,24.896575434317345,24.706920081285844,24.706920081285844,19500
1993-02-12,24.603469848632812,24.758642398484035,24.603469848632812,24.758642398484035,42500
1993-02-16,23.982776641845703,24.534501194354014,23.94829385731393,24.534501194354014,374800
1993-02-17,23.965545654296875,24.017269853550754,23.879338655540412,23.98278705404817,210900
1993-02-18,23.94830322265625,24.241407005798912,23.620716641496806,24.241407005798912,378100
1993-02-19,24.03451156616211,24.03451156616211,23.913821766332028,23.94830456628348,34900
1993-02-22,24.120708465576172,24.155191251088077,24.034501501796417,24.103467072820223,513600
1993-02-23,24.103477478027344,24.20692587922059,23.982787676635215,24.189684479021718,373700
1993-02-24,24.413822174072266,24.413822174072266,24.120718376784676,24.120718376784676,26300
1993-02-25,24.465553283691406,24.48279468840155,24.344863450720414,24.39658766485084,44500
1993-02-26,24.500022888183594,24.517264283601037,24.379333120261506,24.517264283601037,66200
1993-03-01,24.431062698364258,24.586235291367277,24.396579899919143,24.586235291367277,66500
1993-03-02,24.793127059936523,24.793127059936527,24.413816353873518,24.44829914533379,182400
1993-03-03,24.89659881591797,24.91384022784035,24.793150344383683,24.827633168228445,280100
1993-03-04,24.758642196655273,24.931056139528916,24.758642196655273,24.931056139528916,89500
1993-03-05,24.689685821533203,24.896582630093537,24.672444420819843,24.793134225813372,40000
1993-03-08,25.241422653198242,25.241422653198242,24.74142179463079,24.74142179463079,50800
1993-03-09,25.15519142150879,25.20691559852354,25.103467244494034,25.18967420618529,169300
1993-03-10,25.2069149017334,25.2069149017334,25.051742374978545,25.155190726148447,194400
1993-03-11,25.137928009033203,25.293100404150696,25.10344525456265,25.224134895209588,70900
1993-03-12,24.87934112548828,24.94830672805374,24.724168519716006,24.931065327412377,643600
1993-03-15,25.00002098083496,25.00002098083496,24.862089830595874,24.862089830595874,310800
1993-03-16,25.00002098083496,25.068986555954506,25.00002098083496,25.00002098083496,30800
1993-03-17,24.8448486328125,24.965538390223802,24.810365844980698,24.965538390223802,21800
1993-03-18,25.00002098083496,25.10346934351428,24.948296799495303,24.948296799495303,59300
1993-03-19,24.962186813354492,25.100769391083038,24.962186813354492,25.100769391083038,66900
1993-03-22,24.823617935180664,24.875586430509024,24.70235811274782,24.71968094452394,183400
1993-03-23,24.875574111938477,24.910219758333934,24.84092846554302,24.892896935136207,55200
1993-03-24,24.875574111938477,24.97951105112485,24.719668703158916,24.84092846554302,37200
1993-03-25,25.031494140625,25.083462640570936,24.858265807471884,24.892911474102508,110100
1993-03-26,24.892902374267578,25.031484990129886,24.87557954728479,25.0141621631471,101500
1993-03-29,24.996849060058594,25.118108896108772,24.91023489145132,24.91023489145132,87100
1993-03-30,25.066129684448242,25.066129684448242,24.996838379169876,25.031484031809057,56000
1993-03-31,25.04880714416504,25.204712582821667,25.048807144165036,25.13542127675205,111600
1993-04-01,24.962186813354492,25.083446568866968,24.910218346706287,25.083446568866968,129500
1993-04-02,24.442506790161133,24.75431764928438,24.442506790161133,24.75431764928438,59400
1993-04-05,24.56376838684082,24.63305969399693,24.494477079684714,24.63305969399693,172200
1993-04-06,24.494470596313477,24.61573035174077,24.425179307497878,24.61573035174077,129700
1993-04-07,24.581106185913086,24.58110618591309,24.477169161871174,24.52913767389213,28000
1993-04-08,24.54644775390625,24.685030380604378,24.44251078388265,24.685030380604378,180800
1993-04-12,24.892902374267578,24.910225201250366,24.754319758405266,24.788965412370843,348500
1993-04-13,24.94486427307129,25.031478385130566,24.858250161012013,24.87557298342387,146100
1993-04-14,24.91023063659668,24.97952195964702,24.892907805834096,24.962199128884436,119600
1993-04-15,24.91023063659668,24.962199128884436,24.80629365202117,24.892907805834096,148600
1993-04-16,24.91023063659668,24.962199128884436,24.87558497507151,24.927553467359264,47900
1993-04-19,24.80628776550293,24.979516032021802,24.78896493885104,24.910224725414253,157000
1993-04-20,24.68501853942871,24.806278279622397,24.52911315917969,24.77163263956706,279500
1993-04-21,24.667701721191406,24.736993018161048,24.59841042422177,24.736993018161048,67900
1993-04-22,24.355886459350586,24.77163416562684,24.355886459350586,24.56376031248871,97700
1993-04-23,24.251956939697266,24.37321672439575,24.217311286926268,24.30392541885376,106000
1993-04-26,24.061405181884766,24.355893222267802,23.992113878265226,24.26927909274338,62600
1993-04-27,24.321250915527344,24.321250915527344,24.02676283464133,24.02676283464133,156800
1993-04-28,24.26927375793457,24.338565046322675,24.234628113740513,24.286596580031595,85900
1993-04-29,24.373228073120117,24.373228073120117,24.182676894154714,24.321259569765918,85000
1993-04-30,24.407865524291992,24.54644815324468,24.407865524291992,24.45983401014925,88500
1993-05-03,24.56376838684082,24.56376838684082,24.338571638583467,24.44250859931763,80500
1993-05-04,24.65038299560547,24.73699713121898,24.58109168711466,24.615737341360067,149100
1993-05-05,24.71967315673828,24.806287288331617,24.650381851463614,24.650381851463614,109000
1993-05-06,24.63306427001953,24.702355590047716,24.615741440012485,24.68503276004067,54700
1993-05-07,24.581106185913086,24.650397535274365,24.54646051123245,24.650397535274365,68000
1993-05-10,24.63306427001953,24.771646910075898,24.615741440012485,24.615741440012485,113900
1993-05-11,24.736997604370117,24.73699760437012,24.56376932982971,24.633060639645876,42600
1993-05-12,24.70235252380371,24.719675351660513,24.63306121237649,24.63306121237649,31000
1993-05-13,24.407865524291992,24.598416639101938,24.390542695672906,24.598416639101938,129100
1993-05-14,24.390539169311523,24.477153299884364,24.373216343196958,24.407861995426092,63500
1993-05-17,24.477155685424805,24.477155685424805,24.355895890804867,24.459832857621958,34000
1993-05-18,24.459821701049805,24.511790160754583,24.373207601541836,24.49446734085299,105200
1993-05-19,24.962186813354492,24.962186813354492,24.303919569143893,24.45982496908851,50200
1993-05-20,25.031494140625,25.031494140625,24.91023430741782,24.962202807363756,98200
1993-05-21,24.80628776550293,25.08345299193313,24.78896493885104,25.048807338629352,221400
1993-05-24,24.91023063659668,24.996844790409604,24.858262144308927,24.858262144308927,30500
1993-05-25,24.962186813354492,25.014155280002697,24.962186813354492,25.014155280002697,191800
1993-05-26,25.273990631103516,25.29131344853402,25.014148369645973,25.031471187076477,102400
1993-05-27,25.187376022338867,25.308635741841186,25.152730388195344,25.308635741841186,53800
1993-05-28,25.066129684448242,25.170066642365786,24.944869900211103,25.170066642365786,79100
1993-06-01,25.308658599853516,25.3952727634396,25.118107439964135,25.152753105398567,28300
1993-06-02,25.273990631103516,25.36060471825603,25.135408091659492,25.23934499624251,20300
1993-06-03,25.187376022338867,25.222021656482386,25.135407571123586,25.222021656482386,21600
1993-06-04,25.10076904296875,25.118091864944574,24.996832111113807,25.118091864944574,32000
1993-06-07,25.01417350769043,25.152756186403394,25.01417350769043,25.152756186403394,121400
1993-06-08,24.78896141052246,24.944866828198705,24.78896141052246,24.944866828198705,104500
1993-06-09,24.875574111938477,24.97951105112485,24.84092846554302,24.875574111938477,43300
1993-06-10,24.892902374267578,24.910225201250366,24.806288239353634,24.858256720302,17900
1993-06-11,24.996849060058594,25.031494727501503,24.892912057729866,24.97952622633714,647400
1993-06-14,24.962186813354492,25.048800924434833,24.962186813354492,25.031478102218763,64200
1993-06-15,24.91023063659668,25.014167621172188,24.91023063659668,24.996844790409604,142400
1993-06-16,24.962186813354492,24.962186813354492,24.840927057842013,24.910218346706287,330900
1993-06-17,25.04880714416504,25.048807144165036,24.96219301157802,25.01416149113023,37400
1993-06-18,24.842527389526367,25.03442893537243,24.842527389526367,25.03442893537243,58500
1993-06-21,24.894865036010742,24.9123106316912,24.859973844649833,24.9123106316912,29300
1993-06-22,24.91231346130371,24.92975905896569,24.877422265979757,24.92975905896569,137500
1993-06-23,24.685522079467773,24.912314861823308,24.685522079467773,24.912314861823308,227600
1993-06-24,25.016998291015625,25.016998291015625,24.75531420847362,24.75531420847362,243700
1993-06-25,24.99954605102539,25.06932845451744,24.98210045015238,24.999546051025394,44800
1993-06-28,25.27866554260254,25.27866554260254,25.086764009842963,25.12165519761743,439900
1993-06-29,25.15656089782715,25.243788917583828,25.121669689924474,25.243788917583828,207500
1993-06-30,25.15656089782715,25.243788917583828,25.121669689924474,25.19145210572982,437600
1993-07-01,25.086776733398438,25.191450349810392,25.051885527927787,25.191450349810392,605700
1993-07-02,24.94720458984375,25.01698698030485,24.85997660176737,24.999541382689575,285400
1993-07-06,24.685522079467773,24.98209725639424,24.650630882182305,24.912314861823308,246400
1993-07-07,24.75531578063965,24.79020699386113,24.66808774758595,24.66808774758595,343700
1993-07-08,25.034433364868164,25.086770159359176,24.737858196085753,24.772749392413097,248200
1993-07-09,25.104217529296875,25.10421752929687,24.9820983335324,25.034435131717174,378200
1993-07-12,25.086776733398438,25.104222336133763,25.03443992519246,25.069331130663112,373700
1993-07-13,25.06932258605957,25.173996166794684,24.92975781174609,25.10421377963794,389600
1993-07-14,25.15656089782715,25.226343313632494,25.069332878070465,25.086778482021803,617300
1993-07-15,25.0518741607666,25.13910213486398,24.999537376308176,25.13910213486398,443800
1993-07-16,24.982093811035156,25.086767388455694,24.947202618561644,25.069321792218936,216400
1993-07-19,24.964645385742188,24.982090980001967,24.894863008703076,24.982090980001967,188200
1993-07-20,25.034433364868164,25.034433364868164,24.82508618690411,24.94720537404981,68500
1993-07-21,25.016998291015625,25.016998291015625,24.929770263501624,24.999552685512825,142700
1993-07-22,24.842527389526367,25.016983340295514,24.842527389526367,24.982092150141682,632400
1993-07-23,24.964645385742188,24.964645385742188,24.877417414443297,24.894863008703076,286200
1993-07-26,25.104217529296875,25.156554327481647,25.034435131717174,25.034435131717174,121300
1993-07-27,25.086776733398438,25.139113541604413,24.99954871972181,25.121667938869088,92800
1993-07-28,25.034433364868164,25.086770159359176,24.99954216854082,25.034433364868164,30800
1993-07-29,25.17400360107422,25.243786008838804,25.051884387486194,25.086775591368486,331000
1993-07-30,25.034433364868164,25.173998150177532,24.99954216854082,25.173998150177532,75300
1993-08-02,25.104217529296875,25.191445526271497,25.06932633050702,25.06932633050702,41300
1993-08-03,25.121654510498047,25.226328070958456,25.034426543447708,25.156545697318187,81600
1993-08-04,25.121654510498047,25.173991290728253,25.051872136857778,25.12165451049805,434000
1993-08-05,25.06932258605957,25.12165937642713,25.0344313924812,25.12165937642713,36800
1993-08-06,25.104217529296875,25.156554327481647,25.06932633050702,25.139108728086722,402300
1993-08-09,25.24378204345703,25.313564440259952,25.121662849051916,25.173999646654106,828200
1993-08-10,25.226335525512695,25.243781124078055,25.191444328381973,25.226335525512695,604900
1993-08-11,25.226335525512695,25.29611791977414,25.208889926947332,25.208889926947332,542200
1993-08-12,25.15656089782715,25.29612572943784,25.069332878070465,25.29612572943784,303700
1993-08-13,25.19145393371582,25.208899538933075,25.174008328498566,25.174008328498566,103500
1993-08-16,25.331005096435547,25.40078747962132,25.208885925860447,25.208885925860447,241800
1993-08-17,25.41823959350586,25.41823959350586,25.313565991885383,25.313565991885383,369300
1993-08-18,25.557798385620117,25.610135174123094,25.488016000949482,25.50546159711714,414300
1993-08-19,25.557798385620117,25.575243981787775,25.5229071932848,25.575243981787775,28500
1993-08-20,25.57525634765625,25.57525634765625,25.488028324642414,25.50547392924518,80700
1993-08-23,25.522899627685547,25.540345218681914,25.470562854696443,25.470562854696443,15600
1993-08-24,25.802038192749023,25.802038192749023,25.52290863826357,25.52290863826357,273400
1993-08-25,25.819477081298828,25.924150637033822,25.76714030343133,25.802031488676327,242300
1993-08-26,25.836929321289062,25.976494098176513,25.732255738623476,25.836929321289062,120000
1993-08-27,25.819477081298828,25.819477081298828,25.76714030343133,25.76714030343133,25700
1993-08-30,25.924163818359375,25.95905502134505,25.836935810895177,25.836935810895177,183500
1993-08-31,25.993934631347656,25.993934631347656,25.87181547536146,25.906706662786085,66500
1993-09-01,25.959035873413086,26.011372639286904,25.90669910753927,25.90669910753927,136500
1993-09-02,25.871837615966797,26.011402485102153,25.854392007324876,25.976511267818314,472400
1993-09-03,25.88926124572754,25.924152433390244,25.819478870402126,25.85437005806483,630500
1993-09-07,25.714797973632812,25.92414503990391,25.679906795920964,25.88925386219206,196400
1993-09-08,25.627592086791992,25.71482010614799,25.453136048079998,25.71482010614799,269900
1993-09-09,25.67991065979004,25.697356251270875,25.52290033646252,25.52290033646252,239200
1993-09-10,25.906700134277344,25.924145723593355,25.714798651801214,25.74968983043324,106500
1993-09-13,25.924163818359375,25.99394622433073,25.92416381835937,25.99394622433073,66900
1993-09-14,25.819477081298828,25.854368266543826,25.73224911818633,25.854368266543826,184500
1993-09-15,25.88926124572754,25.90670683955889,25.627577338257243,25.714805307414007,101000
1993-09-16,25.784591674804688,25.871819657466407,25.767146078272344,25.854374060934063,54300
1993-09-17,25.734609603881836,25.78727251575881,25.699500995963852,25.76971821179982,200900
1993-09-20,25.523937225341797,25.822360150259826,25.523937225341797,25.769697281156645,57800
1993-09-21,25.436166763305664,25.594155376742343,25.17285240757786,25.559046795978634,318200
1993-09-22,25.646833419799805,25.681942021332727,25.488844712901656,25.52395331443458,439700
1993-09-23,25.787273406982422,25.8048277115481,25.681947579588346,25.717056188719706,88500
1993-09-24,25.717044830322266,25.769707720759786,25.681936236697254,25.75215342394728,53500
1993-09-27,25.99791145324707,25.997911453247074,25.910139976362377,25.910139976362377,274600
1993-09-28,25.945240020751953,26.01545717913017,25.927685731157396,26.01545717913017,158300
1993-09-29,25.857471466064453,26.01546009009336,25.822362882946916,25.945242923858288,221000
1993-09-30,25.804805755615234,25.910131493393255,25.752142886726222,25.857468624504243,99300
1993-10-01,25.927692413330078,25.962801001567488,25.7345951780243,25.769703766261713,22700
1993-10-04,25.962804794311523,25.962804794311527,25.892587607579106,25.962804794311527,1038500
1993-10-05,25.927692413330078,26.015463883923612,25.83992094273654,26.015463883923612,436500
1993-10-06,25.910140991210938,26.050575359726984,25.910140991210934,25.945249583339947,209200
1993-10-07,25.83991813659668,25.94524388987085,25.822363844384316,25.94524388987085,59400
1993-10-08,25.875024795532227,25.927687668250407,25.68192759556557,25.910133377344348,54400
1993-10-11,25.927692413330078,25.980355295686195,25.927692413330075,25.927692413330075,467100
1993-10-12,25.962804794311523,25.98035909099463,25.94525049762842,25.962804794311527,26200
1993-10-13,25.962804794311523,25.98035909099463,25.927696200945316,25.98035909099463,139100
1993-10-14,26.29633331298828,26.29633331298828,25.997910304763447,26.06812748316929,108100
1993-10-15,26.436767578125,26.489430461746764,26.34899610542206,26.419213283584412,1502500
1993-10-18,26.366552352905273,26.41921524042772,26.331443761223642,26.41921524042772,722400
1993-10-19,26.17345428466797,26.384105828206543,26.17345428466797,26.3314429423219,880100
1993-10-20,26.208559036254883,26.261221914425523,26.155896158084243,26.261221914425523,230400
1993-10-21,26.17345428466797,26.226117170552612,26.138345694078204,26.226117170552612,56200
1993-10-22,26.050569534301758,26.313883916387017,26.050569534301754,26.20855816355291,390700
1993-10-25,26.12078285217285,26.155891431275236,25.99790282531451,26.068119983519278,114500
1993-10-26,26.103235244750977,26.120789538795865,26.015463774526527,26.103235244750977,186200
1993-10-27,26.12078285217285,26.138337141724044,26.068119983519278,26.068119983519278,118400
1993-10-28,26.313884735107422,26.3841019058482,26.155896100940666,26.155896100940666,129600
1993-10-29,26.313884735107422,26.331439027792616,26.27877614973703,26.296330442422224,80700
1993-11-01,26.384117126464844,26.401671429276867,26.27879130959273,26.27879130959273,36400
1993-11-02,26.366552352905273,26.401660944586904,26.208563690337932,26.34899805706446,262100
1993-11-03,26.033039093017578,26.349016641011048,25.910158935464562,26.349016641011048,479100
1993-11-04,25.752147674560547,26.03301636085432,25.734593381667185,26.03301636085432,130400
1993-11-05,25.875024795532227,25.875024795532227,25.57660185012921,25.68192759556557,363200
1993-11-08,25.910140991210938,25.98035817546896,25.822369510888404,25.89258669514643,367600
1993-11-09,25.927692413330078,26.103235354517146,25.910138119211368,26.08568106039844,246900
1993-11-10,26.12078285217285,26.12078285217285,25.857468508904983,25.927685667109746,46500
1993-11-11,26.050569534301758,26.191003871413894,26.03301524216274,26.120786702857824,88900
1993-11-12,26.17345428466797,26.261225761142374,26.08568280819356,26.103237103488443,108200
1993-11-15,26.155893325805664,26.226110489096417,26.08567616251491,26.226110489096417,243300
1993-11-16,26.278783798217773,26.29633809601217,26.103240820273765,26.20856660704017,492600
1993-11-17,26.138338088989258,26.296326700675557,26.06812092823979,26.296326700675557,39600
1993-11-18,26.068117141723633,26.155888579911252,25.997899991173533,26.10322571699868,240800
1993-11-19,26.015464782714844,26.0505733721652,25.962801898539308,25.980356193264488,106000
1993-11-22,25.857471466064453,25.962797215417055,25.769700008270615,25.945242923858288,165300
1993-11-23,25.99791145324707,26.015465748624013,25.85747709023156,25.997911453247074,89700
1993-11-24,26.103235244750977,26.120789538795865,26.033018068571415,26.068126656661196,77200
1993-11-26,26.12078285217285,26.17344572082643,26.103228562621663,26.17344572082643,1019800
1993-11-29,26.015464782714844,26.243670614142168,26.015464782714844,26.191007729966632,517500
1993-11-30,26.033039093017578,26.155919250570594,25.980376168352,25.99793047657386,230000
1993-12-01,26.068117141723633,26.190997155186302,26.06811714172363,26.173442867548776,379200
1993-12-02,26.138338088989258,26.155892379176624,26.06812092823979,26.12078379880189,352000
1993-12-03,26.243688583374023,26.243688583374023,26.120808436160903,26.120808436160903,306000
1993-12-06,26.331443786621094,26.366552378336586,26.27878089904785,26.27878089904785,99500
1993-12-07,26.313884735107422,26.34899332047781,26.27877614973703,26.331439027792616,88800
1993-12-08,26.313884735107422,26.313884735107422,26.27877614973703,26.313884735107422,146700
1993-12-09,26.226112365722656,26.348992410274235,26.191003781565062,26.31388382611664,416500
1993-12-10,26.17345428466797,26.243671465847495,26.120791398783325,26.243671465847495,412900
1993-12-13,26.331443786621094,26.331443786621094,26.13834653218587,26.173455123901366,273200
1993-12-14,26.138338088989258,26.34898957123766,26.138338088989258,26.34898957123766,41900
1993-12-15,26.103235244750977,26.191006714975423,26.103235244750977,26.173452420930534,82600
1993-12-16,26.191022872924805,26.20857717779942,26.15591426317558,26.20857717779942,78200
1993-12-17,26.334943771362305,26.35261823026926,26.228897017920577,26.246571476827533,104700
1993-12-20,26.37030792236328,26.387982391480147,26.299610045895818,26.317284515012684,68800
1993-12-21,26.28192710876465,26.33495049903115,26.24657818192031,26.33495049903115,205700
1993-12-22,26.458675384521484,26.47634985037621,26.29960519182897,26.35262858939314,410300
1993-12-23,26.440994262695312,26.49401764691195,26.405645339884224,26.440994262695312,533800
1993-12-27,26.582382202148438,26.58238220214844,26.440986552137012,26.440986552137012,447100
1993-12-28,26.63541030883789,26.65308476823327,26.547038011860987,26.564712471256367,880600
1993-12-29,26.60007667541504,26.670774553622124,26.582402205863268,26.653100084070353,266700
1993-12-30,26.494020462036133,26.582392778453862,26.440997072185493,26.582392778453862,219900
1993-12-31,26.352628707885742,26.582396765030285,26.334954241951547,26.547047833161894,312900
1994-01-03,26.28192710876465,26.38797388929766,26.24657818192031,26.35262496245332,960900
1994-01-04,26.38797378540039,26.387973785400394,26.28192700528492,26.31727593199008,164300
1994-01-05,26.440994262695312,26.45866872410086,26.317273032856498,26.423319801289768,710900
1994-01-06,26.440994262695312,26.49401764691195,26.405645339884224,26.476343185506405,201000
1994-01-07,26.60007667541504,26.61775114496681,26.42333197989733,26.494029858104415,775500
1994-01-10,26.918201446533203,26.9182014465332,26.56471226141786,26.63541009844093,593700
1994-01-11,26.865177154541016,26.900526071849622,26.7768048612695,26.900526071849622,295200
1994-01-12,26.776817321777344,26.882864123051707,26.688444987382038,26.882864123051707,158400
1994-01-13,26.706117630004883,26.759141027020114,26.670768698661394,26.706117630004883,244300
1994-01-14,26.812158584594727,26.865181970061954,26.794484122772317,26.794484122772317,137200
1994-01-17,26.812158584594727,26.847507508239545,26.7591351991275,26.812158584594727,17700
1994-01-18,26.847509384155273,26.882858310270027,26.794485994983145,26.847509384155273,166400
1994-01-19,26.776817321777344,26.847515189293585,26.72379392114016,26.812166255535466,200800
1994-01-20,26.847509384155273,26.86518384721265,26.794485994983145,26.81216045804052,281100
1994-01-21,26.794475555419922,26.882847836275527,26.7768010992488,26.882847836275527,85600
1994-01-24,26.68843650817871,26.900530043343043,26.68843650817871,26.776808814497183,373800
1994-01-25,26.68843650817871,26.723785430706098,26.635413124387625,26.706110969442403,310400
1994-01-26,26.759145736694336,26.77682020547683,26.65309892399938,26.688447861564367,145100
1994-01-27,27.00657844543457,27.04192737010137,26.776810435100376,26.812159359767175,344500
1994-01-28,27.0772647857666,27.16563705987158,27.077264785766598,27.11261369540859,356500
1994-01-31,27.271696090698242,27.32471947907938,27.14797485114226,27.183323776729683,313800
1994-02-01,27.130290985107422,27.236337725114357,27.094942071771776,27.236337725114357,303600
1994-02-02,27.307050704956055,27.307050704956055,27.201003906101857,27.218678372577557,307600
1994-02-03,27.183338165283203,27.254036053879517,27.094965804537807,27.254036053879517,466100
1994-02-04,26.564727783203125,27.218683157772993,26.56472778320312,27.183334218607055,1403200
1994-02-07,26.68843650817871,26.759134353233488,26.49401743427807,26.49401743427807,516400
1994-02-08,26.706117630004883,26.741466561348368,26.600070835974417,26.741466561348368,188200
1994-02-09,26.812158584594727,26.829833046417136,26.688437351837862,26.72378627548268,144600
1994-02-10,26.582382202148438,26.81215013341701,26.58238220214844,26.794475677165583,883900
1994-02-11,26.670753479003906,26.74145130134719,26.476334467559877,26.600055656660622,519400
1994-02-14,26.706117630004883,26.7944899583636,26.582396370302675,26.617745301646163,2742100
1994-02-15,26.847509384155273,26.86518384721265,26.723788142753637,26.75913706886839,374700
1994-02-16,26.82984733581543,26.882870749522574,26.77682392210828,26.882870749522574,287600
1994-02-17,26.670753479003906,26.971219223962866,26.600055656660622,26.953544768377043,342400
1994-02-18,26.511690139770508,26.706109200795492,26.440992299397784,26.68843474070231,313300
1994-02-22,26.776817321777344,26.776817321777344,26.58239818610767,26.58239818610767,154500
1994-02-23,26.706117630004883,26.829838889707087,26.617745301646163,26.812164424035345,391700
1994-02-24,26.352628707885742,26.617745696898677,26.334954241951547,26.617745696898677,770800
1994-02-25,26.476343154907227,26.476343154907227,26.33494746382628,26.387970847981634,531300
1994-02-28,26.476343154907227,26.61773884598817,26.476343154907227,26.5470410004477,333000
1994-03-01,26.37030792236328,26.52937814441507,26.22891216942836,26.476354737064476,423600
1994-03-02,26.40564727783203,26.405647277832035,25.963785710264563,26.03448356107536,581500
1994-03-03,26.334943771362305,26.370292689176214,26.264245935734486,26.370292689176214,223200
1994-03-04,26.40564727783203,26.47634512864283,26.246577113507744,26.33494942702124,595800
1994-03-07,26.547046661376953,26.582395591685046,26.494023265914816,26.494023265914816,539800
1994-03-08,26.440994262695312,26.56471549253413,26.405645339884224,26.56471549253413,880300
1994-03-09,26.564727783203125,26.582402252786093,26.35263414820749,26.476355435288276,2500100
1994-03-10,26.352628707885742,26.547047833161894,26.264256378214764,26.547047833161894,207400
1994-03-11,26.494020462036133,26.529369388603225,26.24657797606648,26.387973682334852,576600
1994-03-14,26.529369354248047,26.60006720729068,26.49402042772673,26.60006720729068,345900
1994-03-15,26.511690139770508,26.63541136042277,26.494015679677325,26.582387980143228,748600
1994-03-16,26.723791122436523,26.723791122436523,26.458674147015525,26.54704647215586,455500
1994-03-17,26.723791122436523,26.759140052492658,26.63541879729619,26.63541879729619,133000
1994-03-18,26.717966079711914,26.753518928786715,26.57575468341272,26.593531107950117,365500
1994-03-21,26.646852493286133,26.700181751111256,26.575746816185973,26.629076074011092,324800
1994-03-22,26.717966079711914,26.771295353324117,26.593531107950117,26.646860381562316,435700
1994-03-23,26.700183868408203,26.771289551146975,26.682407447723513,26.700183868408207,698500
1994-03-24,26.38019561767578,26.646841799795144,26.255760732686742,26.59351256337127,1200500
1994-03-25,26.131330490112305,26.46908238080083,26.131330490112305,26.397976719603246,100900
1994-03-28,26.166889190673828,26.202442029248115,25.93579573994098,26.166889190673828,1117200
1994-03-29,25.651384353637695,26.18467716764264,25.651384353637695,26.166900740509142,338400
1994-03-30,25.295846939086914,25.740257461558578,25.295846939086914,25.669151777963112,1123900
1994-03-31,25.36695098876953,25.420280248031137,24.762552717138025,25.29584530975406,788800
1994-04-04,24.975875854492188,25.04698155087508,24.655900220769155,24.655900220769155,2627300
1994-04-05,25.491397857666016,25.491397857666016,25.224751436560723,25.224751436560723,1179000
1994-04-06,25.491397857666016,25.544727141887073,25.313633576929153,25.526950713813388,516500
1994-04-07,25.61581039428711,25.66913963174919,25.33138779448933,25.47359909438822,666100
1994-04-08,25.42027473449707,25.56248606168307,25.295839823209324,25.56248606168307,242400
1994-04-11,25.526935577392578,25.633594082590598,25.42916528096106,25.491382742326575,203300
1994-04-12,25.491397857666016,25.598056426108133,25.43806857344496,25.553615355923917,1409200
1994-04-13,25.358060836791992,25.54471322991244,25.171408443671545,25.482495765538957,364100
1994-04-14,25.36695098876953,25.500274136923544,25.260292470246327,25.31362172950793,419900
1994-04-15,25.36695098876953,25.473609507292743,25.322509939384865,25.3580627788926,387300
1994-04-18,25.198057174682617,25.464703282351216,25.118063342382037,25.39359765363959,369100
1994-04-19,25.233625411987305,25.331395711223603,25.020308395471737,25.17140794883693,472200
1994-04-20,25.206972122192383,25.322518891440794,25.07364892690575,25.260301400307032,508000
1994-04-21,25.544715881347656,25.58026872182274,25.224740317071902,25.313622418259612,200300
1994-04-22,25.51805305480957,25.624711583774292,25.44694736883309,25.606935162280173,301800
1994-04-25,25.784683227539062,25.802459637899307,25.509148866955226,25.509148866955226,394600
1994-04-26,25.758024215698242,25.793577044153313,25.704694973015638,25.749136008584475,399000
1994-04-28,25.571382522583008,25.740258528119707,25.49138862522352,25.704705684848822,287000
1994-04-29,25.651384353637695,25.68693720790469,25.491396509436214,25.52694936370321,481900
1994-05-02,25.811355590820312,26.006896163478043,25.562485771074112,25.651367849554898,275000
1994-05-03,25.784683227539062,25.82912425343968,25.633583739476958,25.820236048259556,183400
1994-05-04,25.740253448486328,25.83802374818707,25.642483148785583,25.83802374818707,401900
1994-05-05,25.70470428466797,25.811362808670744,25.704704284667972,25.766921757002923,659800
1994-05-06,25.455835342407227,25.580270291706704,25.366953235764747,25.580270291706704,216300
1994-05-09,25.233625411987305,25.455830637524354,25.189184366879893,25.384724965352497,499300
1994-05-10,25.429180145263672,25.509174070921613,25.340298005643735,25.358074433567722,583400
1994-05-11,25.198057174682617,25.438038671584355,25.12695154597099,25.40248585722854,210600
1994-05-12,25.322498321533203,25.384715762126653,25.260280880939757,25.35805114472946,305200
1994-05-13,25.322498321533203,25.393603967925717,25.19806344034631,25.393603967925717,321300
1994-05-16,25.331390380859375,25.455825280975876,25.322502173708195,25.375831416615267,450400
1994-05-17,25.70470428466797,25.704704284667972,25.313623029991142,25.3491758713254,470200
1994-05-18,25.89134407043457,25.989114336406,25.60692147851768,25.722468156483917,824800
1994-05-19,26.015777587890625,26.086883232134948,25.838013477279826,25.838013477279826,531000
1994-05-20,25.918001174926758,25.989106802292813,25.882448361243732,25.9713303954513,370400
1994-05-23,25.873573303222656,25.90023792703223,25.793579431793933,25.891349719095704,262700
1994-05-24,25.98024559020996,26.078015929413624,25.944692739590447,25.944692739590447,549600
1994-05-25,26.051353454589844,26.069129881375645,25.793595266195744,25.882477400124742,738200
1994-05-26,26.069122314453125,26.131339790143947,26.015793049575283,26.042457682014206,369600
1994-05-27,26.09577178955078,26.09577178955078,25.980225116095685,26.024666144347645,162000
1994-05-31,26.06024169921875,26.113570979640073,25.971359565183217,26.015800632200985,160000
1994-06-01,26.17576789855957,26.175767898559567,25.9180099124617,25.998003770216208,200500
1994-06-02,26.149097442626953,26.19353846479321,26.104656420460692,26.19353846479321,55100
1994-06-03,26.300207138061523,26.38908921693297,26.086890148770046,26.16688401975435,550400
1994-06-06,26.29132843017578,26.433539807756176,26.27355200797823,26.3535459078672,99300
1994-06-07,26.255762100219727,26.291314926354083,26.184656447951024,26.24687389368614,120600
1994-06-08,26.042448043823242,26.317982477051405,26.04244804382324,26.317982477051405,131900
1994-06-09,26.184656143188477,26.184656143188477,26.10466228531723,26.157991523898062,80500
1994-06-10,26.229103088378906,26.282432338982183,26.211326671511145,26.211326671511145,83100
1994-06-13,26.264665603637695,26.273553815347896,26.184671698245907,26.193559909956107,109700
1994-06-14,26.469078063964844,26.477966270164966,26.344643177163128,26.344643177163128,161000
1994-06-15,26.362445831298828,26.48688084196578,26.34466940120355,26.47799262691814,142800
1994-06-16,26.41576385498047,26.433540277493915,26.335769953669963,26.36243458744013,44000
1994-06-17,26.268293380737305,26.456179675354292,26.232505515095973,26.429338776123295,403800
1994-06-20,26.044635772705078,26.125158521572942,26.017794856415794,26.080423661090798,137400
1994-06-21,25.82097625732422,26.02675673338744,25.71361253068254,26.02675673338744,139200
1994-06-22,25.91937255859375,26.00884226021126,25.86569073762324,25.892531648108495,279900
1994-06-23,25.76727294921875,25.999894163343644,25.731485070122616,25.964106284247507,922500
1994-06-24,25.230472564697266,25.64203346468878,25.194684660350177,25.64203346468878,353800
1994-06-27,25.668848037719727,25.668848037719727,25.20360575889037,25.328863295498273,371200
1994-06-28,25.543622970581055,25.677827644682182,25.33784247029266,25.677827644682182,5382300
1994-06-29,25.624128341674805,25.776226868842567,25.552552564184094,25.579393480743107,311800
1994-06-30,25.46309471130371,25.677822143865654,25.373624947736236,25.668875167508908,271900
1994-07-01,25.516756057739258,25.5883318110569,25.409392427762796,25.5883318110569,406900
1994-07-05,25.650970458984375,25.686758349405,25.489924952091553,25.570447705537962,112000
1994-07-06,25.615192413330078,25.659927293548957,25.46309382058589,25.552563581023648,174800
1994-07-07,25.722553253173828,25.72255325317383,25.5883486275051,25.615189552638842,66700
1994-07-08,25.713623046875,25.758357951271098,25.552577391049063,25.561524371928282,148400
1994-07-11,25.624128341674805,25.776226868842567,25.49887073106606,25.731492007910873,124000
1994-07-12,25.659927368164062,25.668874344233853,25.48993482283801,25.633086439954685,257300
1994-07-13,25.704666137695312,25.78518893450675,25.66887822800134,25.66887822800134,532700
1994-07-14,25.982013702392578,26.035695548885123,25.812021188499514,25.829915137330364,494200
1994-07-15,25.9909610748291,26.044642922143726,25.955173176619358,25.964120151171795,49100
1994-07-18,26.035676956176758,26.098305732360004,25.990942116045872,25.990942116045872,72300
1994-07-19,25.982013702392578,26.08937739537767,25.982013702392578,26.080430420962248,609500
1994-07-20,25.86570167541504,25.99990628459222,25.803072857799023,25.99990628459222,185300
1994-07-21,25.91937255859375,25.93726649891725,25.81200891665273,25.86569073762324,86300
1994-07-22,25.964111328125,25.999899214173418,25.91042949905238,25.98200527114921,151600
1994-07-25,25.99989891052246,26.0267398247453,25.946217082076785,25.973057996299623,120900
1994-07-26,25.973068237304688,26.008856137046067,25.946227312498657,25.990962187175377,489600
1994-07-27,25.973068237304688,25.97306823730469,25.865704538080557,25.97306823730469,83200
1994-07-28,26.026735305786133,26.09831106461951,25.973053486661104,25.973053486661104,828200
1994-07-29,26.286212921142578,26.366735697279506,26.19674316987933,26.205690145005658,459100
1994-08-01,26.411457061767578,26.429351002866337,26.27725250352689,26.30409341517503,486300
1994-08-02,26.4472599029541,26.554623610273264,26.357790146854796,26.50094175661368,505500
1994-08-03,26.456193923950195,26.47408786640806,26.393565125347674,26.43829998149233,144100
1994-08-04,26.304109573364258,26.465155142180773,26.295162597318896,26.438314214044688,231700
1994-08-05,26.214628219604492,26.2504161079589,26.143052442895673,26.169893359161478,138400
1994-08-08,26.27724838256836,26.30408929000714,26.214619598544534,26.241460505983316,328600
1994-08-09,26.321983337402344,26.32198333740234,26.178831830468813,26.178831830468813,105900
1994-08-10,26.4204158782959,26.447256801978558,26.304105209004383,26.339893107247928,840300
1994-08-11,26.321983337402344,26.474081813519213,26.18777879965216,26.357771214135724,876200
1994-08-12,26.527782440185547,26.536729415713435,26.36673688068358,26.36673688068358,184100
1994-08-15,26.518823623657227,26.617240310519655,26.51882362365723,26.55461150978902,325900
1994-08-16,26.70671272277832,26.733553640087642,26.429356577248626,26.536720246485928,1089500
1994-08-17,26.688812255859375,26.760388017859665,26.670918315359298,26.74249407735959,133700
1994-08-18,26.59935760498047,26.661986432170128,26.57251667904204,26.599357604980465,620000
1994-08-19,26.581464767456055,26.63514662158084,26.518835937643804,26.608305694518446,103200
1994-08-22,26.55462074279785,26.590408641373052,26.500938894935054,26.590408641373052,79700
1994-08-23,26.70671272277832,26.831970336888503,26.635136943286785,26.67092483303255,268600
1994-08-24,26.993022918701172,26.993022918701172,26.72461367522718,26.733560650009647,254700
1994-08-25,26.92144203186035,27.028805708956504,26.849866247129583,26.96617689731708,147400
1994-08-26,27.30615997314453,27.359841807954123,26.984068964286998,26.984068964286998,339500
1994-08-29,27.28826904296875,27.47615548555968,27.279322069512038,27.37773877753586,350300
1994-08-30,27.359848022460938,27.404582894963326,27.243537353954725,27.279325251956635,36000
1994-08-31,27.28826904296875,27.422473644819416,27.252481149141904,27.315109963338884,356200
1994-09-01,27.198793411254883,27.216687354288602,27.100376724569422,27.198793411254883,294600
1994-09-02,27.082475662231445,27.324043829684452,27.037740816406814,27.324043829684452,99600
1994-09-06,27.0914306640625,27.118271579515667,26.984067002249837,27.064589748609336,229800
1994-09-07,27.06461524963379,27.154085052111917,27.03777430889035,27.154085052111917,27900
1994-09-08,27.198793411254883,27.234581297322322,27.109323696086282,27.11827066760314,284800
1994-09-09,26.91248893737793,26.984064705828402,26.805125284702218,26.930382879490548,488400
1994-09-12,26.83197021484375,26.948280855988454,26.787235352865018,26.91249296640547,129400
1994-09-13,26.91248893737793,26.984064705828402,26.831966197871147,26.885648024209,389200
1994-09-14,26.9393367767334,26.97512467015981,26.82302612309755,26.82302612309755,423500
1994-09-15,27.279325485229492,27.279325485229492,27.01091624791992,27.01091624791992,779800
1994-09-16,27.085176467895508,27.15718757183142,26.986161199983627,27.07617507990352,571300
1994-09-19,27.11216926574707,27.265192797459456,27.085165113091946,27.148174802620574,167300
1994-09-20,26.599103927612305,26.995165035163893,26.59910392761231,26.968160868739922,355600
1994-09-21,26.599103927612305,26.680116426884222,26.347065040988568,26.680116426884222,397500
1994-09-22,26.53609275817871,26.662112194615112,26.509088593228057,26.662112194615112,266400
1994-09-23,26.44608497619629,26.599108612886326,26.401078024228628,26.545100270525136,176600
1994-09-26,26.581100463867188,26.599103241018472,26.49108657811078,26.545094909564625,223000
1994-09-27,26.56309700012207,26.65311088355183,26.50008728172124,26.581099776808024,479500
1994-09-28,26.77013397216797,26.80613953231883,26.68912146182852,26.707124241903955,324000
1994-09-29,26.635103225708008,26.770124026108693,26.5540907454676,26.770124026108693,195900
1994-09-30,26.599103927612305,26.752127537348148,26.59910392761231,26.62610809403628,5200
1994-10-03,26.53609275817871,26.64410941798134,26.491085816594286,26.617105253030683,72600
1994-10-04,26.140033721923828,26.671115674263188,26.122030943878425,26.671115674263188,84200
1994-10-05,26.149032592773438,26.149032592773438,25.923997888876936,26.09502426383828,461900
1994-10-06,26.068025588989258,26.185043659658064,26.023018638732026,26.16704087955517,345200
1994-10-07,26.18503189086914,26.257042978915532,26.041009714776358,26.068013872793752,188700
1994-10-10,26.464088439941406,26.509095393070556,26.293062018050627,26.302063408676457,213600
1994-10-11,26.86014747619629,26.93215859543542,26.581104389144652,26.581104389144652,461400
1994-10-12,26.896154403686523,26.93215996513724,26.833144671147767,26.896154403686523,162400
1994-10-13,26.986160278320312,27.265203296541774,26.959156115266627,27.202193582749832,1564500
1994-10-14,27.103178024291992,27.112179411878937,26.896146109792255,27.076173861531156,72800
1994-10-17,27.049169540405273,27.112179253144983,27.022165377802537,27.076173703008006,282300
1994-10-18,26.986160278320312,27.02216582905857,26.896146401474684,27.02216582905857,132100
1994-10-19,27.11216926574707,27.211184492149204,26.87813327606931,26.887134660287686,136700
1994-10-20,26.93214988708496,27.112177626971892,26.85113740413584,27.112177626971892,290300
1994-10-21,26.82413673400879,26.896147839334986,26.707118687853715,26.860142286671888,87800
1994-10-24,26.599103927612305,26.94115670231595,26.590102538804317,26.833140036620062,149600
1994-10-25,26.62610626220703,26.680114591339297,26.500086827565077,26.50908821575379,91800
1994-10-26,26.72511863708496,26.75212279872567,26.599099216095002,26.72511863708496,201000
1994-10-27,26.88714027404785,26.88714027404785,26.76112086867903,26.82413057136344,210300
1994-10-28,27.454235076904297,27.48123924255371,26.94115592956543,26.94115592956543,192100
1994-10-31,27.35521697998047,27.41822669332692,27.34621559235955,27.391222530464155,36300
1994-11-01,27.049169540405273,27.23819867862441,27.040168152871026,27.23819867862441,435200
1994-11-02,26.896154403686523,27.21120306638031,26.896154403686523,26.96816552658796,115600
1994-11-03,27.040172576904297,27.085179521939093,26.95015868683471,26.986164242862547,87000
1994-11-04,26.689125061035156,27.16619879737069,26.689125061035153,27.16619879737069,124400
1994-11-07,26.77013397216797,26.842145092469696,26.680120071790807,26.752131192092534,115000
1994-11-08,26.97718048095703,27.067194429842438,26.815155372963293,26.860162347406,308300
1994-11-09,27.022167205810547,27.265204685676267,26.788131114088007,27.265204685676267,318500
1994-11-10,26.833145141601562,27.094185466695972,26.815142360560568,27.04017712357299,172100
1994-11-11,26.734121322631836,26.824135199139015,26.662110221426094,26.79713103618686,302200
1994-11-14,26.986160278320312,26.99516166600488,26.85113946305187,26.85113946305187,181400
1994-11-15,26.896154403686523,27.130190553116194,26.689122425344895,26.959164136225283,316900
1994-11-16,26.986160278320312,26.986160278320316,26.85113946305187,26.9411533398975,106900
1994-11-17,26.80613136291504,27.00416188339326,26.698114715381468,27.00416188339326,104700
1994-11-18,26.77013397216797,26.86014787254513,26.65311590167766,26.815140922356548,269300
1994-11-21,26.500093460083008,26.833144906422365,26.500093460083008,26.752132392447926,283100
1994-11-22,25.923988342285156,26.500076972113714,25.923988342285156,26.40106173886193,483600
1994-11-23,26.068025588989258,26.077026979040706,25.69896859687995,25.942006128269007,601600
1994-11-25,26.194026947021484,26.230032482343848,26.086010341054383,26.086010341054383,77300
1994-11-28,26.311054229736328,26.32005561674616,26.122025102529875,26.185034811598694,79900
1994-11-29,26.302061080932617,26.356069419907836,26.212047182640582,26.302061080932617,105500
1994-11-30,26.266048431396484,26.47308034158227,26.266048431396488,26.43707479198474,218800
1994-12-01,26.005035400390625,26.293080098491178,25.95102701949677,26.293080098491178,439000
1994-12-02,26.248029708862305,26.248029708862305,25.95098410516119,25.95098410516119,318500
1994-12-05,26.275039672851562,26.392057663857752,26.21202998538669,26.30204382462222,139200
1994-12-06,26.29305076599121,26.302052152764915,26.131025804064524,26.17603273793305,249900
1994-12-07,26.10401153564453,26.21202813510237,26.07700738578007,26.131015685508988,531900
1994-12-08,25.85199737548828,26.24805861661693,25.779986240737614,26.212053049241597,261500
1994-12-09,25.951007843017578,25.96901062334572,25.743975869243936,25.851992551212792,235900
1994-12-12,26.122024536132812,26.122024536132812,25.896989865766404,25.896989865766404,151100
1994-12-13,26.221046447753906,26.230047836853718,26.104028389456342,26.104028389456342,70900
1994-12-14,26.356077194213867,26.473095296510582,26.18505073701098,26.18505073701098,203300
1994-12-15,26.437068939208984,26.51808140786846,26.39206201217594,26.39206201217594,130100
1994-12-16,26.56621551513672,26.62065448135626,26.493630226843994,26.520849709953765,266100
1994-12-19,26.602514266967773,26.62066059320718,26.48456314641164,26.566221614488967,1120200
1994-12-20,26.52083396911621,26.647858148236164,26.520833969116207,26.62971183693331,675600
1994-12-21,26.802106857299805,26.865618958857386,26.538985293704105,26.538985293704105,544500
1994-12-22,26.720443725585938,26.829321594756408,26.693224258293323,26.80210212746379,222000
1994-12-23,26.7476749420166,26.811187060264267,26.70230914326827,26.70230914326827,125800
1994-12-27,26.89283561706543,26.947274555561513,26.820250365737316,26.838396678569346,95200
1994-12-28,26.756746292114258,26.920063156562563,26.69323417816214,26.920063156562563,358200
1994-12-29,26.774892807006836,26.856551239830644,26.7476733293989,26.856551239830644,220100
1994-12-30,26.457311630249023,26.85653032425827,26.457311630249023,26.829310867848548,2209500
1995-01-03,26.584352493286133,26.620645124676283,26.529913546200905,26.53898670404844,324300
1995-01-04,26.71137809753418,26.71137809753418,26.566207564395405,26.702304939213004,351800
1995-01-05,26.71137809753418,26.77489020578239,26.684158622570656,26.729524414176524,89800
1995-01-06,26.73859405517578,26.856545097835195,26.65693564102696,26.765813526558723,448400
1995-01-09,26.76580810546875,26.76580810546875,26.711369173728812,26.72951548430879,36800
1995-01-10,26.793033599853516,26.938204117157156,26.793033599853512,26.829326229179426,229800
1995-01-11,26.811187744140625,26.8837730239894,26.6025050645754,26.8837730239894,222400
1995-01-12,26.820255279541016,26.838401595697672,26.72952369875772,26.783962647227696,40300
1995-01-13,27.137828826904297,27.137828826904297,26.92914609102372,26.965438740742083,170600
1995-01-16,27.30113410949707,27.310207268057887,27.128744096841555,27.128744096841555,105100
1995-01-17,27.310213088989258,27.32835940997862,27.21040832354777,27.246700965526493,89500
1995-01-18,27.28299331665039,27.33743227903812,27.219481193864706,27.292066477048344,84500
1995-01-19,27.128759384155273,27.21949102089158,27.110613056808013,27.192271529870688,139100
1995-01-20,27.028940200805664,27.10152547156983,26.97450124773254,27.09245231272431,78700
1995-01-23,27.1106014251709,27.110601425170902,26.82933347196464,26.847479791526336,53700
1995-01-24,27.14687728881836,27.14687728881836,27.083365209599865,27.101511517948005,32400
1995-01-25,27.219470977783203,27.31927570470174,27.010788366953534,27.010788366953534,15700
1995-01-26,27.246700286865234,27.28299292793998,27.14689552390968,27.2013344855218,9800
1995-01-27,27.35557746887207,27.428162749054813,27.246699548597952,27.428162749054813,91200
1995-01-30,27.23760986328125,27.319268253943985,27.201317245208923,27.301121944907823,26600
1995-01-31,27.346500396728516,27.391866190352815,27.246695650755054,27.292061444379353,127500
1995-02-01,27.337425231933594,27.48259576087848,27.292059441638315,27.38279102222887,380200
1995-02-02,27.500749588012695,27.500749588012695,27.328359537807405,27.328359537807405,131700
1995-02-03,27.890893936157227,27.93625973631363,27.627772295250082,27.673138095406486,405100
1995-02-06,28.008859634399414,28.09051811729854,27.85461583336774,27.881835327667446,405400
1995-02-07,28.045133590698242,28.054206749414096,27.954402003539727,28.054206749414096,702900
1995-02-08,28.045133590698242,28.144938336572615,27.990694638403134,28.008840955834838,521500
1995-02-09,28.045133590698242,28.045133590698246,27.945328844823873,27.999767797118984,390700
1995-02-10,28.0814266204834,28.0814266204834,27.92718292014472,28.008841349735786,148300
1995-02-13,28.09049415588379,28.144933098046355,28.063274684802508,28.063274684802508,79700
1995-02-14,28.126794815063477,28.18123377277005,28.017916899650327,28.18123377277005,170200
1995-02-15,28.281049728393555,28.317342381237175,28.099586464175434,28.12680595380815,431500
1995-02-16,28.244731903076172,28.27195136845016,28.163073506954206,28.244731903076172,99300
1995-02-17,28.1358585357666,28.235663258079864,28.12678537919267,28.217516944931997,49100
1995-02-21,28.126794815063477,28.18123377277005,28.117721655445713,28.135867974681236,168000
1995-02-22,28.335464477539062,28.335464477539062,28.13585505758842,28.154001368493024,386400
1995-02-23,28.380847930908203,28.54416483076637,28.37177476980497,28.44436005863082,402800
1995-02-24,28.453441619873047,28.462514783654896,28.34456365449088,28.41714896474566,307600
1995-02-27,28.226594924926758,28.4534238780361,28.18122913430489,28.37176545491674,280900
1995-02-28,28.46248435974121,28.46248435974121,28.199362891321545,28.199362891321545,493500
1995-03-01,28.281049728393555,28.471586155822575,28.253830238760834,28.43529350297895,242600
1995-03-02,28.31733512878418,28.31733512878418,28.19031087636413,28.271969324348447,488600
1995-03-03,28.32639503479004,28.32639503479004,28.154005058601374,28.226590311733446,290000
1995-03-06,28.344539642333984,28.34453964233398,28.099564427755553,28.135857052137542,85700
1995-03-07,28.126794815063477,28.308258007418722,27.9997705804148,28.244745890094386,180900
1995-03-08,28.19937515258789,28.235667784701903,28.072350940188844,28.17215567850238,155900
1995-03-09,28.190311431884766,28.21753091508259,28.11772614335722,28.190311431884762,63500
1995-03-10,28.607669830322266,28.680255101062063,28.181231364725964,28.21752400009586,192100
1995-03-13,28.5804500579834,28.680254804217626,28.5532305817377,28.589523216731966,261300
1995-03-14,28.78914451599121,28.825437165869552,28.662120241417032,28.662120241417032,223300
1995-03-15,28.73470115661621,28.789140123127005,28.62582322359461,28.74377431770134,278500
1995-03-16,28.907085418701172,28.92523173723143,28.707475914868336,28.707475914868336,20400
1995-03-17,28.935848236083984,28.97233732591511,28.844625511506166,28.862870056421727,89900
1995-03-20,28.935848236083984,28.97233732591511,28.88111460133729,28.97233732591511,91700
1995-03-21,28.862869262695312,29.118292884489076,28.81725790166071,28.93584744035067,104400
1995-03-22,28.890233993530273,28.917600808175237,28.79901127804707,28.917600808175237,74900
1995-03-23,28.908470153808594,28.990570573936168,28.817247464777957,28.853736540390212,220500
1995-03-24,29.318967819213867,29.31896781921387,28.99968845590569,28.99968845590569,134000
1995-03-27,29.43755531311035,29.437555313110355,29.291599042577424,29.364577177843888,132100
1995-03-28,29.43755531311035,29.437555313110355,29.328088110210658,29.364577177843888,121900
1995-03-29,29.428434371948242,29.71122465884545,29.264233560201475,29.41018983730971,246100
1995-03-30,29.373727798461914,29.49231738274142,29.25513821418241,29.49231738274142,298400
1995-03-31,29.255115509033203,29.291604583568947,28.9267138382115,29.14564828542597,541300
1995-04-03,29.32811737060547,29.328117370605465,29.227772334500752,29.24601688651979,193300
1995-04-04,29.5196533203125,29.5196533203125,29.337207996948393,29.337207996948393,66900
1995-04-05,29.5196533203125,29.547020118817116,29.437552924798652,29.455797457135063,107200
1995-04-06,29.629119873046875,29.656486670959172,29.537897213339217,29.59263080916381,352500
1995-04-07,29.601768493652344,29.69299120087469,29.46493443281882,29.69299120087469,361400
1995-04-10,29.656503677368164,29.656503677368164,29.537914151743497,29.556158694147292,285400
1995-04-11,29.556140899658203,29.738586213853623,29.53789636823866,29.729463948143852,250300
1995-04-12,29.656503677368164,29.656503677368164,29.547036422945396,29.60177005015678,150900
1995-04-13,29.82069969177246,29.829821961485454,29.692987915790567,29.711232455216553,243400
1995-04-17,29.647377014160156,29.957534189077524,29.556154315655046,29.93016737952599,178900
1995-04-18,29.547029495239258,29.674741262122044,29.474051342734807,29.674741262122044,329500
1995-04-19,29.5196533203125,29.610875981994553,29.36457479545301,29.547020118817116,223000
1995-04-20,29.56526756286621,29.647367966465655,29.44667809100035,29.60175663113263,207900
1995-04-21,29.71123504638672,29.720357316895278,29.574400988758285,29.574400988758285,145000
1995-04-24,30.057872772216797,30.057872772216797,29.69298205571037,29.69298205571037,169000
1995-04-25,29.975778579711914,30.057879007958235,29.95753404010162,30.0122676589325,293200
1995-04-26,30.003137588500977,30.021382123367804,29.848059042132927,29.921037181600244,204400
1995-04-27,30.076128005981445,30.094372548296263,29.93929393862029,29.95753848093511,502200
1995-04-28,30.121732711791992,30.16734405750942,29.875431444917858,30.066999096931074,130800
1995-05-01,30.039630889892578,30.15822038323257,30.039630889892575,30.094364502203344,518700
1995-05-02,30.103479385375977,30.14909071777806,30.003134454091388,30.066990319454305,228400
1995-05-03,30.52313232421875,30.52313232421875,30.20385269739638,30.20385269739638,724700
1995-05-04,30.504884719848633,30.760308395732537,30.43190652673895,30.5596183646809,311400
1995-05-05,30.468387603759766,30.632588495037513,30.404531701596195,30.632588495037513,314900
1995-05-08,30.68731117248535,30.787656125784203,30.41364311803394,30.44100992347908,183100
1995-05-09,30.659927368164062,30.851494900068687,30.614316051043915,30.815005846372568,180600
1995-05-10,30.696434020996094,30.751167632920602,30.550477722530733,30.742045364266517,330300
1995-05-11,30.778528213500977,30.778528213500977,30.641694211366268,30.742039146265054,351700
1995-05-12,30.79677963256836,30.869757783356434,30.650823330992203,30.659945599840714,94600
1995-05-15,30.942731857299805,30.94273185729981,30.81502011024727,30.87887598377354,147200
1995-05-16,30.960988998413086,31.03396716929915,30.878888556166263,30.93362218433081,221600
1995-05-17,30.842382431030273,30.97009415952315,30.81501563206751,30.96097189320223,189200
1995-05-18,30.39541244506836,30.805914713984347,30.39541244506836,30.787670168699194,577800
1995-05-19,30.41364097595215,30.468374582987455,30.304173761881536,30.349785101077625,363900
1995-05-22,30.75117301940918,30.79678437066906,30.49574945235387,30.51399399285782,216000
1995-05-23,31.033960342407227,31.03396034240723,30.714680915016206,30.8059036085565,136800
1995-05-24,31.015697479248047,31.189020494573256,30.824129935993867,31.088675590963923,370800
1995-05-25,31.043092727661133,31.07045954464115,30.77854683018768,30.924503187414413,379900
1995-05-26,30.68731117248535,30.933612421491624,30.56872168222307,30.924490153009913,518600
1995-05-30,30.678194046020508,30.842394906213304,30.57784907590269,30.760294476116908,61500
1995-05-31,31.316743850708008,31.316743850708004,30.62345153126326,30.62345153126326,564500
1995-06-01,31.234651565551758,31.471830578607932,31.08869524982488,31.179917947154177,810100
1995-06-02,31.261999130249023,31.48093346906606,30.99745347084511,31.106920640253623,112900
1995-06-05,31.453580856323242,31.553925806850955,31.234646418808232,31.262013223497608,257200
1995-06-06,31.39883041381836,31.53566436390763,31.39883041381836,31.426197203836214,165800
1995-06-07,31.234651565551758,31.353241072079843,31.19816248662004,31.334996532613985,41900
1995-06-08,31.161657333374023,31.316735838838706,31.161657333374023,31.225513188565365,141100
1995-06-09,30.979219436645508,31.13429797917289,30.796774092495653,31.097808910342916,304900
1995-06-12,31.152544021606445,31.280255768693557,31.06132134511565,31.07956588041381,378500
1995-06-13,31.49005889892578,31.508303428994683,31.271124538098952,31.298491333202303,120000
1995-06-14,31.462690353393555,31.499179411501284,31.344100914543418,31.444445824339684,389400
1995-06-15,31.599531173706055,31.663387039241837,31.453574909624272,31.50830850865494,274500
1995-06-16,31.693355560302734,31.693355560302734,31.537366259629557,31.537366259629557,325100
1995-06-19,32.05120849609375,32.06956017573652,31.766757461630853,31.78510914127362,134600
1995-06-20,31.968637466430664,32.069571740865435,31.941109937039364,31.959461623300232,287800
1995-06-21,31.950271606445312,32.09708503140313,31.950271606445316,32.06955751422354,158200
1995-06-22,32.37236404418945,32.39071572448661,32.08791299958348,32.08791299958348,297000
1995-06-23,32.30813980102539,32.317315643059196,32.20720553865354,32.298963958991585,315400
1995-06-26,31.922754287719727,32.27143628338899,31.922754287719727,32.21638123144121,132900
1995-06-27,31.85851287841797,32.12461220833563,31.840161200492613,31.913567912194036,127700
1995-06-28,32.023658752441406,32.15212042078931,31.75755958229218,31.85849375027982,212600
1995-06-29,31.968637466430664,32.10627511338717,31.74841723130026,32.02369252521327,89200
1995-06-30,31.950271606445312,32.14296422670245,31.88604073302627,32.03285415798409,714100
1995-07-03,32.069576263427734,32.069576263427734,31.98699366360775,31.98699366360775,9500
1995-07-05,32.18883514404297,32.33564853124499,32.087900940341584,32.16130763394259,409300
1995-07-06,32.60176086425781,32.60176086425781,32.13379300496225,32.19802388761066,202500
1995-07-07,32.748592376708984,32.75776822214936,32.519196240699536,32.53754793158029,481700
1995-07-10,32.766929626464844,32.85868804042862,32.71187457808657,32.77610546786122,400400
1995-07-11,32.6109619140625,32.76695132107968,32.565082676704506,32.739423778664886,420500
1995-07-12,33.01467514038086,33.06973018508411,32.61093814589038,32.6751690313775,203400
1995-07-13,32.94126510620117,33.04219934468814,32.90456174675137,32.96879262578853,215600
1995-07-14,32.91373062133789,32.941258135099815,32.73938970084572,32.766917214607645,543700
1995-07-17,33.09727096557617,33.13397434341435,32.93210576530438,32.95963329868301,171500
1995-07-18,32.81278991699219,33.04218581965573,32.785262408672565,33.04218581965573,221200
1995-07-19,32.4549446105957,32.721043958548,31.830987518845493,32.68434060020976,486600
1995-07-20,32.574241638183594,32.63847253718846,32.31731804216412,32.49165905374876,318900
1995-07-21,32.53752136230469,32.66598309357154,32.409059631037834,32.546697200252325,94000
1995-07-24,32.77609634399414,32.81279969936256,32.58340372830997,32.58340372830997,108400
1995-07-25,33.02384948730469,33.06972868914868,32.71187091476555,32.81280515882233,107400
1995-07-26,32.99634552001953,33.161510764558,32.98716967310073,33.00552136693834,167800
1995-07-27,33.271602630615234,33.29913015623351,33.1523166862694,33.1523166862694,187700
1995-07-28,33.060569763183594,33.299141734830215,33.0330422279936,33.299141734830215,415600
1995-07-31,32.97797775268555,33.115615389382896,32.904571013113625,33.08808786204342,342500
1995-08-01,32.92292404174805,33.02385831277905,32.73940718532805,33.02385831277905,141000
1995-08-02,32.849510192871094,33.35418143885096,32.79445514785511,33.11560957711502,240400
1995-08-03,32.84033966064453,32.858691345283056,32.56506439106662,32.6201194449822,1193600
1995-08-04,32.87704086303711,32.93209591332408,32.840337496179124,32.90456838818059,240500
1995-08-07,32.950443267822266,33.05137751342128,32.93209158680427,32.950443267822266,193100
1995-08-08,32.950443267822266,33.06972919443928,32.84950902222326,32.96879494884027,951900
1995-08-09,32.94126510620117,33.060551024413044,32.91373758661382,33.060551024413044,107100
1995-08-10,32.86786651611328,33.05138335874931,32.73022888413625,32.9779766216949,280800
1995-08-11,32.684356689453125,32.877049415584096,32.546719027931005,32.84034603917819,257200
1995-08-14,32.97797775268555,32.97797775268555,32.693526636844354,32.76693337641627,254800
1995-08-15,32.91373062133789,32.96878564886173,32.68433467332188,32.96878564886173,44400
1995-08-16,33.00550079345703,33.00550079345703,32.849511493070935,32.886214857867664,374900
1995-08-17,32.950443267822266,33.023849991894274,32.831157341205255,33.023849991894274,353800
1995-08-18,32.987152099609375,33.124789730066716,32.95962457351791,33.11561388803623,85400
1995-08-21,32.895381927490234,33.26241547758775,32.886206088737794,33.12477789630118,266700
1995-08-22,32.959598541259766,33.01465354995898,32.77608184559573,32.941246871693366,220200
1995-08-23,32.84033966064453,33.00550482239127,32.84033966064453,32.98715313775275,176500
1995-08-24,32.87704086303711,32.94127175503858,32.73940323731968,32.84951333789362,167400
1995-08-25,33.060569763183594,33.11562483356359,32.93210793229695,32.93210793229695,195000
1995-08-28,32.94126510620117,33.15230942303756,32.88621006702647,33.15230942303756,293000
1995-08-29,33.02384948730469,33.033025327673485,32.748574276240745,32.9779702854607,1133100
1995-08-30,33.09727096557617,33.13397434341435,33.01468836544028,33.05139174327845,437400
1995-08-31,33.124778747558594,33.17983378148806,33.06054787464089,33.08807539160562,491900
1995-09-01,33.271602630615234,33.32665768185178,33.088085793160104,33.11561331877838,629900
1995-09-05,33.58357238769531,33.60192406659569,33.3174730436398,33.37252808034094,272200
1995-09-06,33.6478271484375,33.68453053229181,33.601947918619615,33.61112376458319,214500
1995-09-07,33.66615295410156,33.70285630973427,33.620273759560675,33.68450463191792,258800
1995-09-08,33.79463195800781,33.79463195800781,33.5744117117433,33.79463195800781,107300
1995-09-11,33.88637161254883,33.95060248210957,33.849668258514114,33.849668258514114,260700
1995-09-12,34.04237365722656,34.04237365722656,33.812977608323415,33.895560185928545,139500
1995-09-13,34.1983642578125,34.24424346932017,33.99649572717878,34.00567156948031,239800
1995-09-14,34.51033401489258,34.537861534713024,34.225882976748025,34.317641376149496,457600
1995-09-15,34.50081253051758,34.58383587617925,34.36244028774812,34.48236289814832,431200
1995-09-18,34.37166976928711,34.399344221597325,34.205623055425825,34.38089458672385,307500
1995-09-19,34.53771209716797,34.5561617296985,34.316316506801506,34.43623911825001,549600
1995-09-20,34.7037467956543,34.7037467956543,34.56537459949938,34.59304903873036,290800
1995-09-21,34.41779327392578,34.68531297506324,34.27942101471675,34.65763852322143,508500
1995-09-22,34.42703628540039,34.463935574023544,34.11339233210361,34.14106679857097,449900
1995-09-25,34.37166976928711,34.463917943654494,34.25174714260951,34.463917943654494,130000
1995-09-26,34.36244201660156,34.55616316622536,34.279418666762794,34.473139816386585,466600
1995-09-27,34.33476257324219,34.35321220385651,34.0026692221845,34.21483997424914,654400
1995-09-28,34.59306716918945,34.59306716918945,34.33477226765951,34.36244672139486,456200
1995-09-29,34.52849197387695,34.77756204689183,34.48236788628161,34.56539124395323,606600
1995-10-02,34.353214263916016,34.61150910800561,34.27019092117293,34.52848576526253,293100
1995-10-03,34.390106201171875,34.44545508454286,34.214834737163756,34.35320694559122,839700
1995-10-04,34.353214263916016,34.40856315907807,34.3070901846143,34.40856315907807,248800
1995-10-05,34.4547004699707,34.4547004699707,34.29787854012077,34.390126734150144,268800
1995-10-06,34.482364654541016,34.58383763774057,34.473139837886514,34.473139837886514,75300
1995-10-09,34.19640350341797,34.37167506170363,34.13182977141799,34.35322542398935,358200
1995-10-10,34.1779670715332,34.1779670715332,33.80897417467454,33.84587346436041,360800
1995-10-11,34.28864669799805,34.29787151551163,34.16872407032143,34.29787151551163,228100
1995-10-12,34.50081253051758,34.51926216288684,34.31631620682497,34.31631620682497,199800
1995-10-13,34.61149978637695,34.74987198701545,34.61149978637695,34.65762385325645,488100
1995-10-16,34.445472717285156,34.57462017792844,34.445472717285156,34.5100464476068,443600
1995-10-17,34.67610168457031,34.713000968086746,34.417806699955264,34.482380446109026,146000
1995-10-18,34.77755355834961,34.88825134155921,34.666855775140014,34.842127265221876,228100
1995-10-19,34.94361114501953,34.94361114501953,34.71299069131692,34.759114782057445,500600
1995-10-20,34.73143005371094,34.94360080835512,34.73143005371094,34.91592636209718,748400
1995-10-23,34.65762710571289,34.72220080540413,34.56537896329683,34.56537896329683,533000
1995-10-24,34.69453811645508,34.74066220328897,34.61151476015407,34.70376293382186,172200
1995-10-25,34.408546447753906,34.7683140915776,34.408546447753906,34.722190034677126,302700
1995-10-26,34.09491729736328,34.49158435466486,33.81817283878079,34.463909908806606,606800
1995-10-27,34.353214263916016,34.353214263916016,33.901198286759225,34.058020156385055,905800
1995-10-30,34.574607849121094,34.593057479776974,34.43623561920199,34.43623561920199,488700
1995-10-31,34.42703628540039,34.74068023869718,34.42703628540039,34.66688166145088,508200
1995-11-01,34.7037467956543,34.7037467956543,34.38087833795948,34.408552777190465,415700
1995-11-02,34.9251594543457,34.9251594543457,34.64841492618131,34.64841492618131,326000
1995-11-03,34.97128677368164,34.98051159213948,34.869813770645365,34.97128677368164,615000
1995-11-06,34.85136413574219,34.96206195724269,34.84213931728381,34.96206195724269,311200
1995-11-07,34.722225189208984,34.83292303784621,34.61152734057176,34.83292303784621,358200
1995-11-08,35.03584671020508,35.054296339857636,34.768327080243004,34.768327080243004,357200
1995-11-09,35.165008544921875,35.174233363532814,34.998961809924864,35.174233363532814,503700
1995-11-10,35.14655685424805,35.19268094460795,34.962060492808426,34.971285310880404,795600
1995-11-13,35.109649658203125,35.220347450083956,35.01740149830243,35.08197521023292,818500
1995-11-14,34.8790283203125,35.1188735296032,34.8790283203125,35.0450750036676,341800
1995-11-15,35.229576110839844,35.238800927836664,34.89748269895448,34.91593233294811,584700
1995-11-16,35.423301696777344,35.46020096937815,35.22035569747289,35.22958051562309,577700
1995-11-17,35.534000396728516,35.54322521510773,35.43252739455718,35.47865148645324,267000
1995-11-20,35.349517822265625,35.598588015689735,35.340293000286955,35.589363193711065,448800
1995-11-21,35.635467529296875,35.635467529296875,35.37717265722328,35.38639747408305,119200
1995-11-22,35.524784088134766,35.64470675579141,35.524784088134766,35.60780747343552,351600
1995-11-24,35.61701965332031,35.61701965332031,35.53399629748507,35.56167074943015,62400
1995-11-27,35.626251220703125,35.80152278289716,35.626251220703125,35.69082495414303,273000
1995-11-28,36.00445556640625,36.00445556640625,35.51554033580939,35.59856367685414,479000
1995-11-29,36.04133987426758,36.06901430979939,35.92141732029638,36.06901430979939,549200
1995-11-30,35.95832061767578,36.13359206245153,35.921421366144045,36.04134393362219,286200
1995-12-01,36.00445556640625,36.05980446043608,35.9214322253615,36.00445556640625,465200
1995-12-04,36.44728469848633,36.44728469848633,36.04139238597471,36.08751651239648,631700
1995-12-05,36.68709182739258,36.72399108997985,36.3826729110476,36.41034735798805,567700
1995-12-06,36.77012634277344,36.91772343797775,36.60407961066859,36.77935116122371,272800
1995-12-07,36.576393127441406,36.770114251193306,36.54871868119113,36.72399017410952,289700
1995-12-08,36.696311950683594,36.7424360230198,36.46569158900258,36.73321120855256,296900
1995-12-11,36.85313034057617,36.92692884939335,36.69630850933968,36.77010701815685,186500
1995-12-12,36.742454528808594,36.81625308171606,36.68710561412799,36.68710561412799,299400
1995-12-13,36.973052978515625,37.0191770466026,36.788556706167746,36.788556706167746,390700
1995-12-14,36.70553207397461,37.07452460550489,36.61328394109204,37.00995091248709,395000
1995-12-15,36.71897888183594,36.75610626189846,36.5890330516171,36.75610626189846,416700
1995-12-18,36.01357650756836,36.39413234179782,36.004294657953004,36.39413234179782,862300
1995-12-19,36.394100189208984,36.44050939628525,35.98569916693783,36.03210837401409,1022600
1995-12-20,36.04140090942383,36.54262049456647,36.04140090942383,36.50549311788924,1349800
1995-12-21,36.227046966552734,36.338429124789634,36.087819268756604,36.25489250611196,857600
1995-12-22,36.35699462890625,36.4590949457094,36.31986724097783,36.42196755778099,332800
1995-12-26,36.533348083496094,36.551911776627946,36.431247771270876,36.50550254379831,432200
1995-12-27,36.51479721069336,36.62617940859075,36.449824261919886,36.62617940859075,151800
1995-12-28,36.4776496887207,36.62615920399284,36.384831241675606,36.44052230990266,256200
1995-12-29,36.52407455444336,36.55192010048233,36.38484682424853,36.5147927057637,339200
1996-01-02,36.913902282714844,36.913902282714844,36.44052812721611,36.47765551196111,514400
1996-01-03,37.01600646972656,37.12738863563346,36.830369526548395,37.034570164044375,610300
1996-01-04,36.66330337524414,37.2016506146781,36.366284208659884,37.062422880341735,1129700
1996-01-05,36.58903884887695,36.681857313739656,36.33842899374766,36.42196561212409,302400
1996-01-08,36.72826385498047,36.774673084011276,36.6725727801435,36.718982009174304,179900
1996-01-09,36.09711837768555,36.86751200724273,36.01358171905886,36.83966645436717,415500
1996-01-10,35.62372970581055,36.12494945675212,35.42881091377771,36.05069467883485,787700
1996-01-11,35.83721160888672,35.83721160888672,35.51234696078752,35.679420208381394,513200
1996-01-12,35.78152084350586,35.93931224540977,35.44737434535639,35.930030398238955,390400
1996-01-15,35.707275390625,35.911476081707335,35.558765797110574,35.79081203697687,154200
1996-01-16,36.14350509643555,36.17135063194898,35.57731254099575,35.88361343164351,454600
1996-01-17,36.032127380371094,36.310582769709356,35.91146337832451,36.05997291930492,407600
1996-01-18,36.15279769897461,36.18064324277356,35.865060413052085,36.171361394840574,425600
1996-01-19,36.394100189208984,36.48691860336152,36.11564494675138,36.152772312412395,169800
1996-01-22,36.40340042114258,36.48693703608146,36.30130011399506,36.366273036725296,288200
1996-01-23,36.48692321777344,36.48692321777344,36.310568208580435,36.38482294929328,362200
1996-01-24,36.78395462036133,36.858209386185926,36.52406293997523,36.542626631431375,1506500
1996-01-25,36.65401077270508,36.830365851125286,36.60760154154187,36.81180215866,298400
1996-01-26,36.969608306884766,36.98817200676269,36.57977060944837,36.62617985914318,726300
1996-01-29,37.11808776855469,37.11808776855469,36.91388723569442,36.94173276290264,254800
1996-01-30,37.43370819091797,37.50796300508294,37.14597078602869,37.1923800448818,272100
1996-01-31,37.82353973388672,37.83282158412816,37.40585647302171,37.4244201735046,498000
1996-02-01,37.9627571105957,37.9627571105957,37.75855646110106,37.78640200421396,373900
1996-02-02,37.80498123168945,38.02774566811483,37.72144456802994,37.94420900445532,496200
1996-02-05,38.11125946044922,38.16695053613424,37.68429454686406,37.73998562254908,295300
1996-02-06,38.473270416259766,38.51039781835025,38.07415084378711,38.129841946922824,301600
1996-02-07,38.69602966308594,38.69602966308594,38.426856033863224,38.46398343099739,585100
1996-02-08,39.11371994018555,39.150847344020555,38.56609073361911,38.640345541289136,1526600
1996-02-09,39.10441970825195,39.42928433910617,38.918782776335256,39.09513786165612,804600
1996-02-12,39.40143585205078,39.5777909241801,39.14154416680757,39.178671550413746,626500
1996-02-13,39.31790542602539,39.614924541613874,39.20652325767971,39.23436879976613,1045900
1996-02-14,38.974464416503906,39.419992945199354,38.95590072780826,39.290047124329845,431400
1996-02-15,38.73313522338867,39.15081820566821,38.68672600313539,38.89092657224983,889500
1996-02-16,38.57536315917969,38.75171828430587,38.45469912619862,38.65889979739735,606100
1996-02-20,38.19479751586914,38.38971628812509,37.94418766582577,38.27833413255026,492300
1996-02-21,38.66816329956055,38.69600883242149,38.26904399522039,38.26904399522039,434000
1996-02-22,39.280757904052734,39.401421857916795,38.853793144226074,38.88163867204086,721400
1996-02-23,39.169395446777344,39.56851487905493,38.80740340354883,39.503541948219045,1430400
1996-02-26,38.612483978271484,39.14154926355068,38.59392028405116,39.05801263955923,1408400
1996-02-27,38.491817474365234,38.71458179059016,38.315462390687166,38.705299944080785,601000
1996-02-28,38.31547546386719,39.048741588296814,38.31547546386719,38.79813164703605,865900
1996-02-29,37.94419860839844,38.58464618764978,37.94419860839844,38.092708191992955,914300
1996-03-01,38.547508239746094,38.547508239746094,37.78639683217104,38.39899869680462,1452600
1996-03-04,38.77028274536133,39.002328967203326,38.50110912802461,38.63105501225613,652600
1996-03-05,39.13224792480469,39.13224792480469,38.65887395797237,38.67743764294619,402000
1996-03-06,38.788841247558594,39.187960695666995,38.788841247558594,39.07657852410186,624700
1996-03-07,38.9837532043457,39.00231689634777,38.75170705431984,38.863089206332255,534200
1996-03-08,37.721431732177734,38.53823438779576,36.83037428968535,38.12983305998675,2289900
1996-03-11,38.15767288208008,38.21336396388316,37.461534359541524,37.57291652314769,1511400
1996-03-12,37.86065673828125,38.046293692134064,37.368718810571295,37.907065976744455,1385300
1996-03-13,38.12053680419922,38.278328166670946,37.897772527768545,38.11125495934794,1019300
1996-03-14,38.287620544433594,38.501103034741945,38.157674680767634,38.17623837557706,725600
1996-03-15,38.26189422607422,38.383094183418024,38.03814045867028,38.224601931506896,869200
1996-03-18,38.998409271240234,38.998409271240234,38.53225568205495,38.61616332810831,917600
1996-03-19,38.91450500488281,39.34336634417956,38.78398198857511,39.34336634417956,858300
1996-03-20,38.867889404296875,39.100966217707146,38.56955108313173,39.100966217707146,744300
1996-03-21,38.7746696472168,38.933161925168875,38.644146594785674,38.91451577482157,650800
1996-03-22,38.87721633911133,38.97977014720011,38.74669331063469,38.79330867794778,344500
1996-03-25,38.802635192871094,39.26878890734576,38.700081375686665,39.23149661018778,802400
1996-03-26,38.989070892333984,39.09162464169211,38.700055780506545,38.73734805300041,969400
1996-03-27,38.63480758666992,39.07299193912492,38.597515301354605,39.04502272513843,809600
1996-03-28,38.78397750854492,38.802623651577875,38.48563922001765,38.49496229153413,1001300
1996-03-29,38.59752655029297,38.89586491976383,38.41106506937368,38.89586491976383,457700
1996-04-01,39.045013427734375,39.05433649684319,38.66276759427279,38.78396749268744,773400
1996-04-02,39.11960983276367,39.11960983276367,38.96111760989499,39.09164061696331,638800
1996-04-03,39.11960983276367,39.147579048564026,38.88653303442737,38.979763753761894,288000
1996-04-04,39.091636657714844,39.21283658057445,39.08231358672565,39.11960587068245,934900
1996-04-08,38.42037582397461,38.42037582397461,37.9448992000914,38.112714479109,2217200
1996-04-09,38.27122116088867,38.56955954752653,38.1966365642292,38.56955954752653,1180900
1996-04-10,37.590633392333984,38.37377158800761,37.44146421220567,38.20595626036326,939500
1996-04-11,37.54402160644531,37.87032921911618,37.06854479941062,37.683867726161395,1276000
1996-04-12,38.01950454711914,38.075443004030056,37.69319688180546,37.805073795627294,411300
1996-04-15,38.336483001708984,38.38309837500873,38.09408306055032,38.21528303112965,484200
1996-04-16,38.448341369628906,38.57886435197003,38.327141457455,38.41104908896001,429700
1996-04-17,38.355106353759766,38.52292159789386,38.09406041844006,38.41104476847113,525300
1996-04-18,38.41105270385742,38.53225262743756,38.24323742505416,38.44834498803593,818600
1996-04-19,38.5042610168457,38.700045394897465,38.43899955749512,38.59749167306083,885100
1996-04-22,38.802635192871094,38.95180438150298,38.54158911276528,38.85857363860805,828900
1996-04-23,38.9238166809082,38.95178589049927,38.653447654861175,38.73735528363439,225400
1996-04-24,38.78397750854492,39.1196080831381,38.700069864896626,39.1196080831381,699000
1996-04-25,38.96113204956055,39.11962433116919,38.634824410954515,38.86790129567311,475500
1996-04-26,39.045013427734375,39.26876708634603,38.92381352931972,39.06365956595201,563300
1996-04-29,39.045013427734375,39.11959798060493,38.87719818377563,38.87719818377563,219900
1996-04-30,39.01705551147461,39.119609301349456,38.858563290758944,39.04502472689502,184400
1996-05-01,39.10095977783203,39.259451984847566,38.95179064181741,39.00772906782289,561900
1996-05-02,38.42969512939453,39.00772547825976,38.24323372653478,38.793294864971045,1299600
1996-05-03,38.373756408691406,38.774648421707376,38.03812588616641,38.65344851079558,1329300
1996-05-06,38.336483001708984,38.52294449490796,38.00085231395083,38.52294449490796,647500
1996-05-07,38.1779899597168,38.336482225727835,38.04746691711948,38.336482225727835,582100
1996-05-08,38.653472900390625,38.653472900390625,37.63725762153327,37.991534507740425,1694700
1996-05-09,38.62550354003906,38.8212881343767,38.48565740122647,38.52294970490983,593400
1996-05-10,39.00773239135742,39.138255396491026,38.82127095545227,39.00773239135742,925100
1996-05-13,39.5950927734375,39.76290809482245,39.063677589051835,39.10096988269293,867500
1996-05-14,39.83748245239258,39.94003623357121,39.716282529181456,39.753574813246416,632300
1996-05-15,39.79084777832031,40.16377043791094,39.762878578851016,39.846786177258906,466100
1996-05-16,39.87477111816406,39.94003260935582,39.54846366220527,39.56710980254577,514400
1996-05-17,40.08921813964844,40.1544796575502,39.97734125181687,39.97734125181687,427700
1996-05-20,40.35958480834961,40.424846322246225,39.96801572496992,40.36890788176341,788500
1996-05-21,40.30364990234375,40.49943446120315,40.27568067964955,40.42484986735195,352700
1996-05-22,40.68588638305664,40.68588638305664,40.21040970901084,40.35025578961255,1218100
1996-05-23,40.51807403564453,40.835058508081694,40.294320290394765,40.74182778089429,967900
1996-05-24,40.67658233642578,40.769813100433176,40.53673619041469,40.555382343216166,659100
1996-05-28,40.266353607177734,40.79776878560078,40.16379980081539,40.79776878560078,456400
1996-05-29,39.995975494384766,40.387544485238884,39.865452497433395,40.35025220039564,649600
1996-05-30,40.20108413696289,40.40619170909025,39.8281612785495,39.94003813607352,895800
1996-05-31,39.90274429321289,40.359574776943596,39.90274429321289,40.19175949720579,923500
1996-06-03,40.01460647583008,40.042575678865376,39.80017591922614,39.912052731367325,503100
1996-06-04,40.29433059692383,40.33162289733745,40.12651524506251,40.20109984588976,627100
1996-06-05,40.64862060546875,40.695235996071354,40.22908209004534,40.31298979313002,428000
1996-06-06,40.350242614746094,40.872334478522845,40.275658062777985,40.872334478522845,523300
1996-06-07,40.350242614746094,40.35956568374211,39.49252026711286,39.49252026711286,1422800
1996-06-10,40.219722747802734,40.41550721180455,40.154461259802126,40.29430730551771,548800
1996-06-11,40.18244552612305,40.5926607472714,40.18244552612305,40.36890699028139,688700
1996-06-12,40.10786056518555,40.415521978168144,40.04259905334075,40.31296817384061,1120600
1996-06-13,40.10786056518555,40.257029735116504,39.87478373716843,40.20109129639239,1502000
1996-06-14,39.940040588378906,40.12650202903427,39.809517579920154,40.12650202903427,1468200
1996-06-17,39.91206741333008,40.10785190659799,39.809513631142124,39.95868276887006,1101000
1996-06-18,39.585777282714844,39.99599259134401,39.57645420751872,39.884115688990605,718000
1996-06-19,39.76291275024414,39.9773434637859,39.63238970721872,39.772235824745955,552100
1996-06-20,39.73493576049805,39.93072028676986,39.49253587082819,39.80019726925532,1234400
1996-06-21,40.07667541503906,40.07667541503907,39.81424629632506,39.92671591863106,573300
1996-06-24,40.15166091918945,40.32036537683311,40.09542609997491,40.17040585892764,416500
1996-06-25,40.10482406616211,40.29227358271346,40.05796168702427,40.26415615523076,454400
1996-06-26,39.83301544189453,40.14230709120806,39.8236429676729,40.057954823213464,838200
1996-06-27,40.11417770385742,40.21727488954491,39.68304401825522,39.833003561073376,1090500
1996-06-28,40.2547721862793,40.48908401507021,40.170419927914566,40.282889605734205,1060800
1996-07-01,40.601531982421875,40.61090445056187,40.30161300194231,40.357847810782225,471300
1996-07-02,40.45158386230469,40.573425982371866,40.3859765668839,40.56405351159747,389400
1996-07-03,40.367225646972656,40.48906774899509,40.22663860617753,40.432832932677044,308300
1996-07-05,39.336265563964844,39.85175153156505,39.21442342616843,39.66430208880134,842900
1996-07-08,39.17694091796875,39.57995729583302,39.06447123112291,39.36439039604515,942000
1996-07-09,39.336265563964844,39.47685264603763,39.21442342616843,39.355010508241214,716300
1996-07-10,39.49561309814453,39.49561309814453,38.94263702486724,39.32690853341587,1132300
1996-07-11,38.698936462402344,39.4018718546717,38.314665114628426,39.326892079496304,1587400
1996-07-12,38.72705078125,38.933245146493825,38.43650417567915,38.76454066583978,1312000
1996-07-15,37.5836181640625,38.820784647268546,37.5836181640625,38.820784647268546,1951300
1996-07-16,37.67734146118164,38.089730273194576,36.21523567313579,37.69608640718223,4141000
1996-07-17,38.12720489501953,38.3896340339233,37.78979600214325,38.23967452597829,1340500
1996-07-18,38.652069091796875,38.717676386569565,37.98662367338815,38.2396803817971,1432500
1996-07-19,38.37089920043945,38.61458346502456,38.164704822713595,38.55834863473569,1216000
1996-07-22,38.0897331237793,38.239692703006774,37.79918643902606,38.10847807118273,519800
1996-07-23,37.60237121582031,38.35216924604604,37.53676388817556,38.14597478773396,1479800
1996-07-24,37.67734146118164,37.902280813188696,36.965033513159305,37.152482973165185,2463400
1996-07-25,38.014739990234375,38.1272096351759,37.86478046364568,38.05222987188155,1989800
1996-07-26,38.220951080322266,38.27718592742426,38.024129115465286,38.12722633515228,642300
1996-07-29,37.79918670654297,38.22094802610519,37.752324337702724,38.16471318349689,1297900
1996-07-30,38.164703369140625,38.202193254572,37.75231462939549,38.052233712846494,1868200
1996-07-31,38.44586944580078,38.54896660911229,38.099088078298436,38.192812772217984,767100
1996-08-01,39.083221435546875,39.22380856301287,38.42714817403889,38.48338302502529,1168600
1996-08-02,39.926727294921875,39.94547223731386,39.43935879273034,39.589318331866195,1098500
1996-08-05,39.692413330078125,39.9454700384399,39.57057121123727,39.93609756775983,710200
1996-08-06,39.81426239013672,39.89861464096328,39.467480914516415,39.683047777739844,640000
1996-08-07,39.9173583984375,40.039200534896686,39.6643016534838,39.96422075861411,917800
1996-08-08,39.85175323486328,39.92673301517347,39.701793674242914,39.92673301517347,925100
1996-08-09,39.72054672241211,40.048583328189466,39.6268219779043,39.992348481484775,648800
1996-08-12,40.01109313964844,40.10481788347521,39.58933179242797,39.7392913825508,764200
1996-08-13,39.692413330078125,39.964214979800026,39.589316152597405,39.93609756775983,805200
1996-08-14,39.83301544189453,39.870505338781015,39.58933111213235,39.701800802791816,533800
1996-08-15,39.758018493652344,39.964212837560964,39.711156142764025,39.72990108311935,632600
1996-08-16,40.0954475402832,40.11419249004491,39.870508143142764,39.870508143142764,475100
1996-08-19,40.11417770385742,40.14229511813583,39.96421816103927,40.10480523243129,436400
1996-08-20,40.08606719970703,40.13292956491595,39.9923424692892,40.12355709187417,645700
1996-08-21,39.94545364379883,40.076668179465926,39.81423910813172,39.982943511132284,266400
1996-08-22,40.32036209106445,40.39534184390698,40.02044307969438,40.03918801790501,584800
1996-08-23,40.10482406616211,40.31101853436859,39.97360940457616,40.24541120357562,757100
1996-08-26,39.907981872558594,40.057941409890894,39.842374574975715,40.01107905447455,784700
1996-08-27,40.05795669555664,40.095446594195444,39.88925215168205,40.020466796917844,389400
1996-08-28,39.992347717285156,40.189169676990566,39.98297524301347,40.15167977990382,227600
1996-08-29,39.598690032958984,39.94547146046656,39.36437825761603,39.94547146046656,680200
1996-08-30,39.18628692626953,39.59867549951896,39.064444847809476,39.58930303194511,1500900
1996-09-03,39.439369201660156,39.49560404367773,38.6145915187357,38.67082636075328,1782000
1996-09-04,39.47684860229492,40.039196872982885,39.280026707554136,39.439358717582394,930200
1996-09-05,38.99885940551758,39.44873810089485,38.99885940551758,39.289406062948736,616600
1996-09-06,39.55182647705078,39.692413537988166,39.07383046986367,39.13943776496779,804900
1996-09-09,40.02045440673828,40.029826878496294,39.63618306465953,39.70179036696565,719200
1996-09-10,40.001712799072266,40.13292741462686,39.81426334827999,39.96422290891381,669900
1996-09-11,40.226654052734375,40.26414394467541,39.833010187353466,39.92673491720606,713500
1996-09-12,40.50783157348633,40.62967373231449,40.28289220334202,40.3391270458781,713300
1996-09-13,41.126407623291016,41.16389751173522,40.863978404181594,40.976448069514205,2008800
1996-09-16,41.27638244628906,41.48257690900894,41.126422837038234,41.1826576905073,1220200
1996-09-17,41.18263626098633,41.37945814571112,40.92957955205446,41.31385085080286,604700
1996-09-18,41.07954406738281,41.23887608863435,40.92021204613127,41.12640642657444,225500
1996-09-19,41.238861083984375,41.26697848926891,40.95768703113903,41.0139218417081,410000
1996-09-20,41.3851432800293,41.469929596787836,41.22499134837428,41.35688117444312,948400
1996-09-23,41.375732421875,41.45109805470173,41.093111298774765,41.281525380841586,466800
1996-09-24,41.366329193115234,41.75257822452441,41.18733573953537,41.33806706886578,1269800
1996-09-25,41.394588470458984,41.56416120429336,41.30038139610655,41.56416120429336,1353300
1996-09-26,41.375732421875,41.71487776959529,41.23442186032488,41.45109805470173,773200
1996-09-27,41.41342544555664,41.43226685840721,41.22501131705092,41.43226685840721,407600
1996-09-30,41.375732421875,41.63951213676856,41.347470309564976,41.469939462908414,578200
1996-10-01,41.60185623168945,41.63011836228163,41.26271066458329,41.42286273793897,561400
1996-10-02,41.88447189331055,41.95983756473351,41.696057714753145,41.75258196832037,609000
1996-10-03,41.84678268432617,41.92214834427092,41.72431348691594,41.90330692928474,342200
1996-10-04,42.41202163696289,42.41202163696289,41.90330347428053,42.01635195487661,754100
1996-10-07,42.459129333496094,42.581598532816145,42.35550154945606,42.39318438001607,235100
1996-10-08,42.28954315185547,42.61926781443398,42.21417751469467,42.47795724475748,386200
1996-10-09,41.9598274230957,42.43086275564056,41.91272388984122,42.35549710243338,528800
1996-10-10,41.87504959106445,42.11998801386933,41.82794604821736,41.95983596818922,1562200
1996-10-11,42.393165588378906,42.393165588378906,42.035178856743705,42.035178856743705,331300
1996-10-14,42.449710845947266,42.61928359233587,42.38376588901836,42.393186597151065,201600
1996-10-15,42.393165588378906,42.88304216851128,42.17648940870497,42.88304216851128,776900
1996-10-16,42.60043716430664,42.60043716430664,42.167084641184545,42.5062300940627,590100
1996-10-17,42.71347427368164,42.826522727868706,42.534480887885444,42.732315682712816,792500
1996-10-18,42.9395751953125,42.996099427688954,42.63811262263808,42.73231967659884,695800
1996-10-21,42.883056640625,43.18451925321287,42.770008160904545,42.977263707058704,879200
1996-10-22,42.581565856933594,42.85476616884755,42.562724456111944,42.84534546843672,848900
1996-10-23,42.722900390625,42.74174180204314,42.31781004513506,42.487382747898295,735900
1996-10-24,42.35548400878906,42.79825708450372,42.336642601311844,42.722891454594844,379300
1996-10-25,42.393165588378906,42.54389684380425,42.28011714680989,42.34606207105848,568300
1996-10-28,42.11054992675781,42.647530093609085,42.09170851739461,42.43085388593226,975400
1996-10-29,42.449710845947266,42.553338635406966,42.025778979975755,42.24245526702786,815900
1996-10-30,42.30841064453125,42.581611247668945,42.26130709226613,42.581611247668945,495400
1996-10-31,42.71347427368164,42.732315682712816,42.31780468402689,42.36490820660484,726300
1996-11-01,42.562740325927734,42.901885667170184,42.3649055435363,42.79825792401277,821300
1996-11-04,42.845375061035156,42.845375061035156,42.52507102583832,42.61927809501386,1608400
1996-11-05,43.09032440185547,43.28815929744772,42.977275890088464,42.98669659940238,764000
1996-11-06,43.91933059692383,43.93817200859132,43.127991306889164,43.165674130224154,1665000
1996-11-07,44.02293014526367,44.19250274158611,43.73088845159725,43.7874126503714,1446300
1996-11-08,44.26791000366211,44.2773307123243,43.86281953118765,44.03239228710719,1355700
1996-11-11,44.22080993652344,44.32443773995372,44.145444261301414,44.16428568010692,655900
1996-11-12,44.08889389038086,44.37151500506279,44.022948963621744,44.343252893594595,719900
1996-11-13,44.2867546081543,44.3526995735355,44.022974746629444,44.136023258711525,481900
1996-11-14,44.578792572021484,44.57879257202149,44.10775714754958,44.12659856452846,558800
1996-11-15,44.63533401489258,44.917955378431365,44.446919772533384,44.69185828760033,2250900
1996-11-18,44.64471435546875,44.76718350225523,44.45630028348957,44.72007998426043,1518200
1996-11-19,44.96500778198242,44.974428483382376,44.635283232984015,44.7012281427837,1029300
1996-11-20,45.04039001464844,45.228804112178864,44.804872392735405,44.95560367075974,730000
1996-11-21,44.974456787109375,45.12518810436823,44.84256688450788,45.096925982382196,653000
1996-11-22,45.323020935058594,45.37012446959929,45.04039972781441,45.04039972781441,965100
1996-11-25,45.89768981933594,45.91653123551793,45.266502377239156,45.37013016624012,2058800
1996-11-26,45.7469367980957,46.23681338654319,45.50199850387197,45.99187509231945,2861800
1996-11-27,45.66217803955078,45.93537860962443,45.605653783673475,45.860012935121354,872000
1996-11-29,45.83173751831055,45.95420670386821,45.73753045249696,45.82231681172919,1073400
1996-12-02,45.8505973815918,45.89770093345289,45.45492754595858,45.775231698614036,1350600
1996-12-03,45.068634033203125,46.17085606118907,45.068634033203125,45.85997292509047,1777800
1996-12-04,45.191131591796875,45.25707654096147,44.6729927055036,45.1440280566793,2365100
1996-12-05,45.068634033203125,45.304151560550544,44.93674421788857,45.125158239766506,1697700
1996-12-06,44.80487060546875,45.068650331489174,43.80627592839144,44.164262699419155,3401800
1996-12-09,45.46431350708008,45.47373421025188,44.965016238974975,45.03096116117754,1864600
1996-12-10,45.24766540527344,45.62449376592531,45.200561860191954,45.55854880281123,1331600
1996-12-11,44.83315658569336,44.993308647461966,44.20196904813474,44.39038323845075,1847900
1996-12-12,44.08889389038086,45.14401271852673,43.97584544450809,45.08748849559034,2540200
1996-12-13,44.20195007324219,44.36210206626118,43.655549155883264,44.0512187856949,1678300
1996-12-16,43.636722564697266,44.428062093072604,43.448308391274566,44.31501358901898,1831100
1996-12-17,43.98526382446289,44.18309859428806,43.33523529503733,43.504807954887475,2023200
1996-12-18,44.33384704589844,44.475157650592124,44.1736950272456,44.23963997610265,1666800
1996-12-19,45.24766540527344,45.29476895035492,44.55053293806748,44.729526409377115,2269300
1996-12-20,45.346946716308594,45.877098911739346,45.29014469536959,45.51735277912562,1543200
1996-12-23,45.23333740234375,45.56468248586866,45.0345303522288,45.49841346916368,1263700
1996-12-24,45.564701080322266,45.564701080322266,45.31855891782728,45.3469599365767,633000
1996-12-26,45.91498565673828,45.94338667879399,45.66884346558876,45.70671149499638,1384300
1996-12-27,45.97174835205078,46.066418344538526,45.74454037008018,45.91494635655813,410400
1996-12-30,45.57415771484375,46.123243952371986,45.53628969846249,46.123243952371986,694100
1996-12-31,44.7410774230957,45.66884415764149,44.7410774230957,45.6120421126693,1378100
1997-01-02,44.85464859008789,45.062922602114476,44.078354545261554,45.062922602114476,2031900
1997-01-03,45.498435974121094,45.517369988259304,44.883080514629235,45.06295364894224,2123200
1997-01-06,45.10080337524414,45.706691581796534,45.025067349425086,45.49841751079415,1374100
1997-01-07,45.64986801147461,45.725604001539274,44.91144210834416,45.10078208350582,939000
1997-01-08,45.25225067138672,45.914940534775226,45.25225067138672,45.896006538678414,1802200
1997-01-09,45.630950927734375,45.97176300935231,45.40374287332242,45.479478891459735,1415700
1997-01-10,46.12322998046875,46.1989659902889,44.98718983316657,44.98718983316657,2369500
1997-01-13,46.05696105957031,46.350438098182174,45.82975302967726,46.350438098182174,1364600
1997-01-14,46.634429931640625,46.89003886549249,46.350420005138545,46.46402397573938,2111200
1997-01-15,46.52086639404297,46.776475550054194,46.274724243809935,46.4829983709302,1583900
1997-01-16,46.71016311645508,46.83323407724022,46.35041723108311,46.672295128521185,1308400
1997-01-17,46.99419403076172,47.107798045340516,46.71965099552963,46.77645300281903,1604000
1997-01-20,47.05099105834961,47.31606706431214,46.93738705579424,47.10779305962729,1889900
1997-01-21,47.42966842651367,47.5906074211745,46.71964345006886,46.88058244472968,2785800
1997-01-22,47.770484924316406,47.770484924316406,47.18353088838545,47.44860690461233,1201600
1997-01-23,47.10783767700195,48.28174681525521,46.59661918131101,47.90306644807674,2601100
1997-01-24,46.5019416809082,47.20250024857661,46.5019416809082,47.183566233234224,2176000
1997-01-27,46.3693733215332,46.79538838879923,46.2747033065852,46.57764735441882,2108500
1997-01-28,46.5019416809082,47.16463221789183,46.04752531269086,47.03209411049511,4376000
1997-01-29,46.95634841918945,46.95634841918945,46.407262086868286,46.57766819000244,1122700
1997-01-30,47.56224060058594,47.581174613563874,46.899550146358024,47.183560341027125,2126300
1997-01-31,47.50542449951172,48.111312735456075,47.48649049213846,47.82730262485716,3208100
1997-02-03,47.647430419921875,47.79890248165817,47.477024350468554,47.69476543921447,755000
1997-02-04,47.94090270996094,47.988237724484996,47.52435458214927,47.713694640245485,654100
1997-02-05,47.04153823852539,48.14917759733149,46.72912713732367,48.007172551330704,2255400
1997-02-06,47.35393524169922,47.38233624244394,46.89951922978367,47.12672723574145,2483100
1997-02-07,47.997703552246094,48.01663755759215,47.12673930632762,47.7515614827474,2321000
1997-02-10,47.54330062866211,48.18705698922544,47.5148996127549,48.016650893782206,1670000
1997-02-11,48.09235382080078,48.09235382080078,47.334993918111,47.732607867023134,1664300
1997-02-12,48.77397537231445,48.859178357242804,48.0260825046101,48.0923514928877,2675400
1997-02-13,49.304134368896484,49.417738365138185,48.88758638267693,48.9633223801714,1104800
1997-02-14,49.19050598144531,49.36091189131175,49.020100071578874,49.19050598144531,1112900
1997-02-18,49.60707092285156,49.64493891592244,48.92544704757574,49.28519298174909,833100
1997-02-19,49.27574157714844,49.68282263148415,49.17160456324861,49.47454860368448,648100
1997-02-20,48.6793327331543,49.29468796996002,48.56572868943632,49.095880893453554,1193900
1997-02-21,48.6982536315918,48.93492865896151,48.55624861516997,48.71718763378138,1844400
1997-02-24,49.27574157714844,49.3041425809393,48.45211246721339,48.45211246721339,787300
1997-02-25,49.31361770629883,49.398820731708064,49.00120661313164,49.32308470912208,1653900
1997-02-26,48.830806732177734,49.34202494922651,48.24385248297358,49.26628891707114,1597800
1997-02-27,48.10184860229492,48.96334598918901,48.09238159804334,48.96334598918901,1813100
1997-02-28,47.9598503112793,48.39533256834974,47.90304827774837,48.016652344810225,2961200
1997-03-03,48.28173828125,48.319606311274505,47.67584980085784,47.71371783088235,1210400
1997-03-04,48.01662826538086,48.54678031247497,47.9219582569712,48.414242300701446,1478700
1997-03-05,48.830806732177734,48.830806732177734,48.13971543875994,48.300654507090115,1254800
1997-03-06,48.54677200317383,49.02012196420321,48.39530001564442,48.84971597823264,1528500
1997-03-07,48.98225402832031,49.17159401296786,48.62250805748997,48.7361120482785,1859300
1997-03-10,49.49348068237305,49.49348068237305,48.80238961699179,49.03906463938263,1074900
1997-03-11,49.228431701660156,49.559776915036714,49.228431701660156,49.5313758967473,624600
1997-03-12,48.79293441772461,49.285218583367154,48.65092936994311,49.266284576996284,1055600
1997-03-13,48.03556823730469,48.75506039064232,47.90303020905828,48.62252236239592,2514100
1997-03-14,48.28173828125,48.4900124463848,48.01666207107843,48.25333725873161,1642700
1997-03-17,48.414268493652344,48.49000454135458,47.52436993315111,48.01665424321562,3013500
1997-03-18,47.8935661315918,48.53732230809866,47.69475907708232,48.47105328992883,1352500
1997-03-19,47.732608795166016,48.16809074768042,47.29712684265161,47.770476791036835,1510000
1997-03-20,47.486488342285156,47.865168472606406,47.183544238028155,47.71369642047791,1808200
1997-03-21,47.706363677978516,47.89642887191468,47.64934411979766,47.858415833127445,2810600
1997-03-24,48.3715705871582,48.40008035371252,47.49727107949248,47.74435572296323,2145600
1997-03-25,47.89641571044922,48.637669763110935,47.76337011125353,48.25753947969467,2125800
1997-03-26,48.105464935302734,48.447582030852104,47.85838036629486,48.08645842999444,1335300
1997-03-27,46.83204650878906,48.276541449806906,46.318870674480095,48.276541449806906,2898500
1997-03-31,45.843719482421875,46.90808444552951,45.76769341362847,46.77503882514106,4270700
1997-04-01,46.138328552246094,46.33789701766261,45.64415901883378,45.76770140218686,3210900
1997-04-02,45.311519622802734,46.18581907861184,45.273506602984945,45.99575397952291,2672700
1997-04-03,45.558631896972656,45.69167754706811,45.12148190380187,45.27353407533953,2284200
1997-04-04,46.12880325317383,46.13830650889142,45.102451635674285,45.31152326146123,3706700
1997-04-07,46.30937957763672,46.60398059690755,46.30937957763672,46.33788935369519,2596200
1997-04-08,46.64199447631836,46.6990140294679,46.12881849797256,46.29987715742116,1822700
1997-04-09,46.261837005615234,46.86054196275446,46.12879145958429,46.83203220289069,2453200
1997-04-10,46.09082794189453,46.55648785306006,46.03380836093548,46.28089321175801,1996500
1997-04-11,44.627288818359375,45.80569252651026,44.627288818359375,45.653640435135955,4221600
1997-04-14,45.22599411010742,45.2830136446022,44.58927597491574,44.84586388014224,3988500
1997-04-15,45.995765686035156,46.00526894340831,45.311531155168524,45.767687509079614,2760400
1997-04-16,46.5279426574707,46.594465451302874,45.76768215653164,45.84370820662555,2273300
1997-04-17,46.337860107421875,46.8320292472057,46.22382107516407,46.52792516118488,1386000
1997-04-18,46.565982818603516,46.82257088719582,46.37591758260922,46.71803500739895,1702100
1997-04-21,46.261837005615234,46.77501268316314,45.90071338067411,46.679980150283896,2809400
1997-04-22,47.27869415283203,47.27869415283203,46.22383283605527,46.29035562179795,3215000
1997-04-23,47.32621383666992,47.45925941773686,46.94608360505008,47.23118127876496,2047700
1997-04-24,47.088653564453125,47.611332867388526,46.75603946258514,47.468783966587964,2689900
1997-04-25,46.546966552734375,46.95560672459382,46.48044373405958,46.87007738629766,1606200
1997-04-28,47.00313186645508,47.32624276080596,46.451942693738864,46.52796878652731,1666500
1997-04-29,48.48563003540039,48.52364307345245,47.620833419716064,47.80139535046334,3197400
1997-04-30,48.71369934082031,49.074823136167794,48.1815169055714,48.200523421116,3372200
1997-05-01,48.65669250488281,48.97980335354805,48.238549053668976,48.78973814845085,2149500
1997-05-02,49.530975341796875,49.67352419638762,48.694688728197846,48.827734325815875,1448300
1997-05-05,50.709381103515625,50.82342019145457,49.445447878859035,49.66402279740867,3636200
1997-05-06,50.67136001586914,50.766392574038434,50.177190713388796,50.462288387896685,1721100
1997-05-07,49.569007873535156,50.48132090188243,49.51198830926345,50.48132090188243,2327200
1997-05-08,49.911094665527344,50.614335527151304,49.378912391865974,49.45493843096045,2923700
1997-05-09,50.25324630737305,50.55735067231933,49.66404410028963,50.46231805827362,2558200
1997-05-12,51.089500427246094,51.24155251185099,50.40526604652405,50.44327906767527,2357900
1997-05-13,50.88044357299805,51.1465347982584,50.490809993152524,51.05150221780828,1195100
1997-05-14,50.975486755371094,51.39363019631747,50.7474085148549,51.23207477595182,2772000
1997-05-15,51.317588806152344,51.450634406760884,50.794909660904494,50.975471547444656,884100
1997-05-16,50.61433029174805,51.27955806501548,50.481284737094555,51.16551901816963,1934200
1997-05-19,50.766414642333984,51.032505920878606,50.51932988368541,50.671382042853764,1375800
1997-05-20,51.37461853027344,51.50766415724787,50.329260032617114,50.652370840983615,1756400
1997-05-21,51.260562896728516,51.68820941700156,50.880432656485816,51.507647552886276,1208000
1997-05-22,51.089500427246094,51.37459808588028,50.823409279187516,51.31757855415344,907600
1997-05-23,51.564666748046875,51.83075791445773,51.18453651031707,51.3175820935225,644400
1997-05-27,51.773746490478516,52.02083118371501,51.251067331708995,51.31759013373421,1531000
1997-05-28,51.76424789428711,51.9733195766213,51.40312407934624,51.77375115257503,716700
1997-05-29,51.46015167236328,51.849785323068154,51.393628853950254,51.75475272533526,1282700
1997-05-30,51.79273986816406,52.03982449872778,50.55731671534547,50.61433624547556,2143300
1997-06-02,51.564666748046875,52.00181652143613,51.52665372427389,51.906783962003686,1479100
1997-06-03,51.39361572265625,51.963811163366195,51.298583149204596,51.33659617858525,1562100
1997-06-04,51.33660125732422,51.54567293960136,51.1370328333324,51.41262732360681,1063100
1997-06-05,51.52666091918945,51.88778469545821,51.346099031055076,51.45063486102761,1180800
1997-06-06,52.53401184082031,52.57202487399023,51.450640395477784,51.450640395477784,1511100
1997-06-09,52.80010223388672,52.83811526645251,52.51500448964327,52.57202403849195,1823400
1997-06-10,52.961673736572266,53.16124221826399,52.6100530783535,52.81912482107817,1217500
1997-06-11,53.085205078125,53.161231150560546,52.809610565546116,52.914146415145,1673800
1997-06-12,54.11151885986328,54.13052536455589,53.25622614869579,53.446291195621896,4273300
1997-06-13,54.56771469116211,54.73877335790556,54.07354520945879,54.16857780209404,2132900
1997-06-16,54.586708068847656,54.73876018046005,54.41564944328372,54.586708068847656,800400
1997-06-17,54.51070022583008,54.881327371717,54.09255677918842,54.39666110401872,2048100
1997-06-18,54.320640563964844,54.510705786372,54.11156881931697,54.20660143052055,1971900
1997-06-19,54.88130569458008,55.04286105333469,54.358626592726935,54.501175438686886,2029900
1997-06-20,54.69429397583008,55.16176657391409,54.6465926903113,54.91371988921645,1396900
1997-06-23,53.368221282958984,54.8946630786818,53.33006023806591,54.58937471953724,3991500
1997-06-24,54.72293472290039,54.87557889228086,53.7307476219273,53.88339179130777,4895100
1997-06-25,54.34132385253906,55.10454469316461,53.69258613800734,54.637071928281465,4708900
1997-06-26,54.07417678833008,54.722914265677716,53.53992239522025,54.245901414686806,2569900
1997-06-27,54.284088134765625,54.780181734591245,54.1505244732741,54.322249180906056,2617900
1997-06-30,53.921566009521484,54.627545465414016,53.65443864783242,54.28409600038522,2384900
1997-07-01,54.55123519897461,54.68479890880071,53.96927903473231,54.036060889645356,1749000
1997-07-02,55.44799041748047,55.447990417480476,54.47488390980962,54.68476962715039,1961800
1997-07-03,56.21122741699219,56.26846899277324,55.84869743704554,56.09674426543009,2539100
1997-07-07,55.6388053894043,56.47834840625402,55.50524172763275,56.40202631381314,1158600
1997-07-08,56.220760345458984,56.28754217515832,55.67696544647864,55.71512649202112,3396500
1997-07-09,55.60063552856445,56.40201737214706,54.97097836574955,56.36385633197646,5390300
1997-07-10,55.84869384765625,56.077660136064814,55.24765734058376,55.63880808328173,2072200
1997-07-11,56.039527893066406,56.28757483300848,55.791480953124335,55.925044690016215,2258900
1997-07-14,56.21122741699219,56.36387161907499,55.69605323496273,56.106284528060264,3186400
1997-07-15,56.49744415283203,56.640548114718634,55.848706192279415,56.3638804550712,2983100
1997-07-16,57.241554260253906,57.45143995920817,56.716840012868246,56.85994389851888,2621300
1997-07-17,56.95536422729492,57.27973313579207,56.65007584282701,57.165249991616605,1794800
1997-07-18,55.7437629699707,56.91721545076933,55.6006590088977,56.793192017839395,3961900
1997-07-21,55.753318786621094,55.92504358781192,55.371708117308145,55.734238253155446,3810300
1997-07-22,57.231990814208984,57.27015183492191,55.94405636514777,55.9822173858607,4243400
1997-07-23,57.18433380126953,57.68996771709657,57.108011700767335,57.35605852739947,3204300
1997-07-24,57.451438903808594,57.5563817513579,56.59281560567794,57.35603631512741,4152700
1997-07-25,57.41328048706055,57.890293452223894,57.165233745175605,57.737649303371626,2364800
1997-07-28,57.37514877319336,57.7376788119997,57.08894084781993,57.546873528417414,2794700
1997-07-29,57.56596374511719,57.68044693453406,57.04124912695653,57.16527258215814,2737100
1997-07-30,58.25286102294922,58.38642473967396,57.64228403220753,57.699525625089564,4839800
1997-07-31,58.195587158203125,58.63443912693712,58.02386247478548,58.25282871934235,2138700
1997-08-01,57.9666633605957,58.44367671938929,57.27976412393295,58.31011297892708,7077700
1997-08-04,58.11927795410156,58.33870398708652,57.64226483891688,57.87123113420553,2339500
1997-08-05,58.15749740600586,58.4246250187631,57.94761142455374,58.062094687163984,1466700
1997-08-06,58.63446044921875,58.93974888631198,58.042964102350616,58.27193043017054,2478200
1997-08-07,58.195587158203125,58.99696901415216,58.081104035924696,58.9206469326332,3641900
1997-08-08,57.012569427490234,57.85211194918018,56.42107355993595,57.58498478318792,7113100
1997-08-11,57.43238067626953,57.56594435226086,56.55467651975511,57.24157542485335,6355900
1997-08-12,56.5164909362793,57.72810375682411,56.45924938570238,57.52775832980489,6132500
1997-08-13,56.34477996826172,57.29880604290212,55.84868640944872,57.20340343543808,6982300
1997-08-14,56.55465316772461,56.97442454751204,56.00131816709572,56.84086092667058,3462700
1997-08-15,54.81833267211914,56.249371638498864,54.72293007436049,56.249371638498864,4907100
1997-08-18,56.039527893066406,56.039527893066406,54.55124625341398,55.18090387019,5638900
1997-08-19,56.688228607177734,56.72638964965984,55.88684671505337,56.30661818235661,3802800
1997-08-20,57.54686737060547,57.5850284232385,56.545139738988496,56.74548526531189,3564600
1997-08-21,56.53556442260742,57.54683169037597,56.23027619082824,57.470509632431174,5392600
1997-08-22,56.5164909362793,56.62143377900365,55.295337857305,55.56246509333062,8087800
1997-08-25,56.30663299560547,57.03169299351568,56.077666680475936,56.65008246829978,3888000
1997-08-26,55.47663497924805,56.51652375185992,55.38123233955889,56.173074248978935,4290000
1997-08-27,55.8105354309082,56.153984879713796,55.1999586330316,55.562488606770835,5484300
1997-08-28,54.96141052246094,56.1348619187919,54.95187026720621,55.67692966656518,4287900
1997-08-29,55.180877685546875,55.629270018053916,54.78018666500867,55.02823348724661,2652300
1997-09-02,56.97447967529297,57.0031004788807,55.314473067205064,55.37171467438051,7294000
1997-09-03,56.669166564941406,57.39422660853325,56.63100551001553,56.96491474061703,2812500
1997-09-04,57.03169250488281,57.22249776585599,56.63100145683914,56.821806717812315,2473700
1997-09-05,56.8695068359375,57.66134865230771,56.53559763626332,57.3751407668727,3663300
1997-09-08,57.117530822753906,57.394198334673035,56.97442693727849,57.22247367210254,803500
1997-09-09,57.146175384521484,57.56594695662815,56.726403812414816,56.91720907246331,1885200
1997-09-10,55.96318817138672,57.08893931428199,55.96318817138672,56.8599729801338,3623700
1997-09-11,55.67695617675781,56.115808127431364,55.10454058892274,56.03948604905335,7055900
1997-09-12,56.573768615722656,56.76457390616354,55.524339518297786,56.1730775057968,6708000
1997-09-15,56.47834777832031,56.97444137367043,56.287542549339506,56.57375039281072,2060500
1997-09-16,57.89033126831055,58.17653923437009,56.802740997284275,56.974465776920006,6979000
1997-09-17,57.89033126831055,58.31010295186454,57.69952595760418,58.233780827581995,2220000
1997-09-18,58.13837432861328,58.84435393155345,57.98573009013973,58.00481061994893,5045400
1997-09-19,58.23666763305664,58.437747873157626,57.85365765191191,58.006861644369806,1566400
1997-09-22,58.562252044677734,58.95483744916299,58.35159646178321,58.523951029606,3259000
1997-09-23,58.29417419433594,58.64845876154856,58.0643679885764,58.56228143438873,1872800
1997-09-24,57.8154182434082,58.8974225927797,57.77711720449239,58.447385385518984,2793100
1997-09-25,57.41324996948242,58.06436754752191,57.37494893548009,57.757959275503325,6327800
1997-09-26,57.89201736450195,58.10267306778,57.71966269818356,57.872866846022134,3995800
1997-09-29,58.447349548339844,58.56225259463409,57.700479747427245,57.91113533230003,2065000
1997-09-30,57.834537506103516,58.63885888863873,57.834537506103516,58.217547688263146,4137600
1997-10-01,58.600563049316406,58.71546611411898,58.08349925770479,58.37075691971124,3567500
1997-10-02,58.926143646240234,58.94529416416232,58.40907966234408,58.54313328779864,2577500
1997-10-03,59.22295379638672,59.90279691999924,58.428207609628416,59.73044232528057,6499900
1997-10-06,59.615570068359375,59.81665053277241,59.385763823315905,59.634720588779665,2272100
1997-10-07,60.17091369628906,60.36241883217796,59.567672518239064,59.7687529109224,1832800
1997-10-08,59.74960708618164,60.28582150874993,59.28041946643438,60.27624625120407,4439400
1997-10-09,59.5389289855957,59.81661134979356,58.96441374932428,59.309122891087135,3607600
1997-10-10,59.36660385131836,59.43363066211823,58.983593503890496,59.02189453863328,2858100
1997-10-13,59.42401123046875,59.77829553848154,59.27080720538214,59.65381726809867,1760300
1997-10-14,59.44320297241211,59.7496112351565,58.94528954545247,59.730460718734975,2235700
1997-10-15,59.30912399291992,59.48147856700332,59.00271586121611,59.021866369447594,2601700
1997-10-16,58.370826721191406,59.74966514767624,58.21762245158198,59.63476194546917,9488100
1997-10-17,57.77712631225586,58.44739459894096,56.99195489071045,58.22716359045871,8151300
1997-10-20,58.600563049316406,58.67716509251812,57.70048904169618,58.121800279305646,3636400
1997-10-21,59.740020751953125,59.749596007723596,58.84952196529956,58.96442503454518,5225400
1997-10-22,59.347434997558594,59.6825689480127,59.15592988301339,59.653843180830926,4485200
1997-10-23,58.179290771484375,58.67720438572354,57.777129775368124,58.179290771484375,8054100
1997-10-24,57.6047477722168,58.926133276300234,57.4036673694215,58.926133276300234,6778700
1997-10-27,53.42992401123047,57.566434257261214,53.21926839684927,57.001494200511644,10840700
1997-10-28,56.51317596435547,56.91533682347151,51.70639617206363,51.70639617206363,19548000
1997-10-29,56.35997772216797,57.45155731107846,55.93866630188673,56.68553654693075,10134400
1997-10-30,55.11515808105469,56.723800637972204,55.00025504127487,55.536469226914036,9772900
1997-10-31,56.41739273071289,56.68549982447731,55.42156638244504,56.26418867713322,7072700
1997-11-03,57.6047477722168,57.83455394684,56.915329248347184,57.10683439386652,5548500
1997-11-04,57.6047477722168,57.87285497594387,57.16428593752232,57.528145714009064,3455700
1997-11-05,57.7962646484375,58.389930720041725,57.50900687185481,57.71966257468211,4774900
1997-11-06,57.576019287109375,57.81540070772766,57.29833683919217,57.623895571233035,3679800
1997-11-07,56.95359802246094,57.145103059523684,56.03437384455975,56.60888895574799,10606800
1997-11-10,56.60896301269531,57.50903786438566,56.37915666758288,57.37498416307008,4347900
1997-11-11,56.628055572509766,57.0302162647731,56.39824946264499,56.800410154908334,3212400
1997-11-12,55.45989227294922,56.819578858370285,55.38329021179874,56.14931082330356,6775300
1997-11-13,56.264217376708984,56.474873057833484,55.21093897108645,56.05356169558448,8589600
1997-11-14,57.03020477294922,57.23128507856237,56.1397062766624,56.57059264583344,5827900
1997-11-17,58.08351516723633,58.409073940016754,57.62390278213456,57.834558458639535,5149900
1997-11-18,57.719661712646484,58.27502673907872,57.53773179019455,58.102672075703204,3433600
1997-11-19,58.00688934326172,58.25584594988516,56.83870834295173,57.413223589005824,4387900
1997-11-20,58.8878288269043,59.155936015059304,58.38991547747356,58.409065990913206,4822700
1997-11-21,59.29000473022461,59.32830576687204,58.61973658889455,59.213402656929745,5436500
1997-11-24,58.21757125854492,59.04104348358356,57.987765056208566,58.83038779810856,4337200
1997-11-25,58.370826721191406,58.715536327812615,58.00696658086902,58.60063312560555,4525000
1997-11-26,58.543113708496094,58.820796125497466,58.409060127874746,58.75376933518679,2681100
1997-11-28,58.600563049316406,58.983573265325006,58.58141253851597,58.67716509251812,1564700
1997-12-01,60.11343002319336,60.11343002319336,58.849496801934755,58.964399822049174,4850900
1997-12-02,59.74960708618164,60.04644007010337,59.596402965447844,59.86451017673199,1974900
1997-12-03,59.92195129394531,60.38156357616158,59.366586452934,59.826198735150264,3302500
1997-12-04,59.8645133972168,60.49648042924116,59.673008235997294,60.36242681638751,2872500
1997-12-05,60.63053512573242,60.66883615866087,59.519805170807444,59.67300930252124,3458800
1997-12-08,60.458194732666016,60.668850463441856,60.20923795993093,60.649699942462235,2289200
1997-12-09,60.094337463378906,60.41989633427675,59.826230157933615,60.190090072466504,1703000
1997-12-10,59.577274322509766,59.960284764955986,59.1176617915743,59.787930065855186,3558400
1997-12-11,58.562252044677734,59.19421879336131,58.40904798439081,59.021864225538515,5072800
1997-12-12,58.677154541015625,59.13676671757711,58.160090842383966,59.09846570286365,4478400
1997-12-15,59.27082443237305,59.51020579114677,58.75376069742181,58.98356680184458,4674700
1997-12-16,59.634666442871094,59.94107449138937,59.36655940041759,59.57721493377391,2885800
1997-12-17,59.32830047607422,59.979418041014995,59.26127366791855,59.960267524399086,2236300
1997-12-18,58.7537727355957,59.404890164868924,58.351611970456354,59.404890164868924,4658300
1997-12-19,58.314605712890625,58.98754049691673,56.834149188033194,58.160792047970375,8556000
1997-12-22,58.68956756591797,59.00680847167968,58.18005944454308,58.71840764825994,5136800
1997-12-23,57.64168930053711,58.83374558360358,57.54555572932207,58.718385298145535,4436500
1997-12-24,57.46866989135742,58.103151693436644,57.372536284981784,58.103151693436644,2019200
1997-12-26,57.69938278198242,57.91087668754784,57.46866215772925,57.91087668754784,941800
1997-12-29,58.833736419677734,58.891416553422516,58.10312139224383,58.199254948485134,2080000
1997-12-30,59.75663375854492,59.83354062309904,58.96833839686528,59.02601854528086,3616000
1997-12-31,59.718196868896484,60.06427785525841,59.48747621132187,59.60283654010918,4359500
1998-01-02,60.025814056396484,60.083494210838886,59.391332357530025,59.87200031121674,2360900
1998-01-05,60.16038131713867,60.564142265575846,59.54512653856774,60.198834740799356,4191800
1998-01-06,59.199073791503906,59.85278230365432,59.17984707055831,59.833555582708726,3154900
1998-01-07,59.352909088134766,59.50672291149242,58.58383997134649,59.12218835309828,4424200
1998-01-08,58.833736419677734,59.256724067139466,58.67992272969165,59.256724067139466,3831000
1998-01-09,56.79574203491211,58.75686786008511,56.545794625821436,58.60305406987546,10258800
1998-01-12,57.833980560302734,57.94934089386717,55.93053505648958,56.065122112314754,12097900
1998-01-13,58.641475677490234,58.679929104163996,57.96854071069936,58.21848798407883,5224900
1998-01-14,58.910675048828125,59.04526210017989,58.27619323531268,58.87222160558477,3770400
1998-01-15,58.42039108276367,58.91067246259269,58.333870839264435,58.75685869637182,2875400
1998-01-16,59.256736755371094,59.48745733975281,58.85297573270309,59.21828332464081,4374800
1998-01-20,60.21807861328125,60.30459884117389,59.37210305166427,59.48746335552113,5091700
1998-01-21,59.641265869140625,60.10270699772198,59.16059802686837,59.81430629235863,4699400
1998-01-22,59.11253356933594,59.602814787751306,58.98755992542613,59.16060035545509,4543400
1998-01-23,59.026004791259766,59.54512600603632,58.44920344150805,59.372085601110804,6350300
1998-01-26,58.98758316040039,59.516318015977646,58.69918233008553,59.29521071273625,4362900
1998-01-27,59.58362579345703,59.987387052464,58.85301018192062,58.949143815017514,7044200
1998-01-28,60.12197494506836,60.36230903103362,59.79512058815562,59.92970767629616,4268600
1998-01-29,60.448822021484375,61.25634445306909,60.025834081130476,60.19887460218435,8007700
1998-01-30,60.48726272583008,60.891023856549225,60.29499552072572,60.775663533486615,3649100
1998-02-02,61.487030029296875,61.83311087373945,61.37166974781602,61.467803315716736,5756300
1998-02-03,61.94847106933594,62.02537792354989,61.352442949177835,61.52548337115922,2759600
1998-02-04,61.87160873413086,62.23691655450018,61.487074186373675,61.69856818764013,3374000
1998-02-05,61.833099365234375,62.50603421529134,61.54469871520997,62.332993825276695,5076200
1998-02-06,62.525325775146484,62.52532577514648,61.94852387685177,62.140791176283344,5701200
1998-02-09,62.31379318237305,62.60219395304123,61.96771225757122,62.58296723499669,2322200
1998-02-10,62.909820556640625,63.04440758105886,62.25611215232345,62.40992589451573,3660400
1998-02-11,62.85211944580078,62.96747971397906,62.573332131036594,62.81366602307468,4073200
1998-02-12,63.12129592895508,63.33278976240574,62.0638267617018,62.5829479892625,5024700
1998-02-13,62.75602722167969,63.07326816811282,62.679120325574694,62.87138756583719,2101300
1998-02-17,63.06366729736328,63.42897512621997,62.85217329118311,63.255934575708906,3055500
1998-02-18,63.64046096801758,63.66930105606955,62.92907212940228,62.94829885477026,3007400
1998-02-19,63.30400085449219,63.62124186105228,63.21748057997579,63.52510822270074,3387800
1998-02-20,63.775054931640625,63.81350838652856,62.98675910643795,63.467427292537145,3707000
1998-02-23,64.02496337890625,64.14032367328267,63.582748917130026,64.14032367328267,3227800
1998-02-24,63.52507781982422,64.04419921847291,63.33281063513952,63.92883890766209,3386800
1998-02-25,64.3133773803711,64.52487129701805,63.75580250921092,63.832709387991635,3481800
1998-02-26,64.6787109375,64.7363911196678,64.10190911582194,64.25572293493609,3187600
1998-02-27,64.6787109375,64.9286583935605,64.31340311710389,64.58257730055365,3442900
1998-03-02,64.54408264160156,65.06320394971095,64.37104220556509,64.75557650786835,4252300
1998-03-03,64.9094009399414,64.98630781309299,64.31337267301659,64.31337267301659,3349200
1998-03-04,64.48639678955078,64.85170434441109,64.25567622858638,64.65943721027408,4404100
1998-03-05,63.890384674072266,64.25569232041815,63.467396873040194,63.67889077355623,7268000
1998-03-06,65.17855072021484,65.17855072021484,64.2556685861233,64.33257543063094,6896300
1998-03-09,64.94786834716797,65.35162951806511,64.75560112293124,64.9286416247443,3362800
1998-03-10,65.56310272216797,65.73614316923528,65.17856839535173,65.35160884241904,5481900
1998-03-11,65.8707046508789,66.02451832198429,65.69766427088535,65.8130245242144,3439600
1998-03-12,66.13990783691406,66.19758798909743,65.52465288029161,65.8899605107862,3191300
1998-03-13,65.88992309570312,66.44749758352786,65.75533615036612,66.35136405114429,2879400
1998-03-16,66.60136413574219,66.67827102273496,66.15914953553373,66.35141675301567,3223600
1998-03-17,66.79360961914062,66.79360961914062,66.2360348698732,66.63979589520478,4581900
1998-03-18,67.04358673095703,67.04358673095703,66.46678500972712,66.6013720780141,1944100
1998-03-19,67.21659088134766,67.29349773590297,66.85128332220991,67.0435504585982,2554800
1998-03-20,67.79535675048828,67.98817630893677,67.17833416345312,67.60253719203979,3123300
1998-03-23,67.64111328125,68.06531638620653,67.50613956603657,67.69895915919862,4453100
1998-03-24,68.2195816040039,68.37383730011246,67.83394236373255,67.91107021178682,3333600
1998-03-25,67.96893310546875,68.8173396463597,67.3711921334774,68.74021177900597,4597600
1998-03-26,67.93035888671875,68.33528012901823,67.6411294279334,67.79538513928559,3333500
1998-03-27,67.64111328125,68.35454577594962,67.25547409492589,68.33526381663341,2611300
1998-03-30,67.6025619506836,67.9303553200965,67.23620465545741,67.64112587649687,3108700
1998-03-31,67.83393096923828,68.6052093202245,67.71823921659035,67.96890468066087,5926500
1998-04-01,68.38348388671875,68.5377395954721,67.50615454318408,68.06533148741497,2929000
1998-04-02,69.12584686279297,69.2608206223577,68.3352862710567,68.45097806496932,3920900
1998-04-03,69.47289276123047,69.60786646351428,69.01012578197165,69.31863710147752,3787600
1998-04-06,68.91374206542969,69.95496816266898,68.91374206542969,69.87784030361422,4550500
1998-04-07,68.45095825195312,69.06798097422426,67.96890925017881,68.95228921379841,5583700
1998-04-08,68.06534576416016,68.66308676095589,67.71827034666586,68.62452282567875,4854800
1998-04-09,68.60521697998047,68.66306286276291,68.20029580050335,68.21957776143083,4481200
1998-04-13,68.4123764038086,68.72088768409635,67.87248166330504,68.72088768409635,4350200
1998-04-14,68.99088287353516,68.99088287353516,68.43170579043496,68.56667956911431,3279100
1998-04-15,69.18368530273438,69.18368530273438,68.5859444319471,69.08727548486546,3867200
1998-04-16,68.37384033203125,68.79804351514031,68.18102070334533,68.68235173792874,7177900
1998-04-17,69.28009033203125,69.37650014323641,68.14245455981032,68.3159922199796,5688800
1998-04-20,69.2608413696289,69.45366108390961,69.02945771249206,69.10658559820433,3688300
1998-04-21,69.5886001586914,69.8199837003662,69.04870522811692,69.37649857882285,4573200
1998-04-22,69.78140258789062,69.99350411551339,69.60786497438109,69.64642888849431,2386100
1998-04-23,69.10655975341797,69.72358260835921,68.95230403968266,69.49219903775624,5062000
1998-04-24,68.37384033203125,69.39578436406669,68.08461088900236,68.95229921808905,11039700
1998-04-27,67.08191680908203,67.67965737277319,66.40704843072105,67.48683783609863,14510200
1998-04-28,66.98556518554688,67.75684400173049,66.7156175998826,67.7375620313259,6511400
1998-04-29,67.4482650756836,67.85318604955134,66.90837044385994,67.27472751545456,7703100
1998-04-30,68.7016372680664,69.05835359965754,68.12317835197267,68.21958817132162,8684500
1998-05-01,69.47289276123047,69.47289276123047,68.68233250499665,68.9522799095643,4008800
1998-05-04,69.29937744140625,69.91640027894799,69.20296762304035,69.55004296915759,4537200
1998-05-05,68.81733703613281,69.20297635827421,68.56667147674091,69.10656652773886,5146400
1998-05-06,68.0074691772461,69.1836686725146,67.98818721830727,69.1836686725146,5526100
1998-05-07,67.46760559082031,68.21960233790291,67.46760559082031,68.18103840215508,6940400
1998-05-08,68.56665802001953,68.72091371860226,67.8725073763973,67.8725073763973,7951000
1998-05-11,68.33526611328125,69.24151823160072,68.10388259371032,68.8365970723516,6336300
1998-05-12,69.06800842285156,69.08729039058547,68.08462806842235,68.37385758443094,6045200
1998-05-13,69.24152374267578,69.45362531916406,68.85588451269707,69.1451139351811,4441500
1998-05-14,68.89447021484375,69.53077514545944,68.70165053889961,68.8173423444661,4187500
1998-05-15,68.50878143310547,69.24149567303172,68.37380775732957,69.10652199725584,6716100
1998-05-18,68.23884582519531,68.85586844921515,67.76643787868011,68.31597365319779,4847200
1998-05-19,68.7016372680664,68.9137388706341,68.35456191841016,68.4895356654987,5918700
1998-05-20,69.35722351074219,69.41506940191044,68.4124072883273,69.16440387351466,5716600
1998-05-21,68.91374206542969,69.58861083215886,68.68235848826541,69.33794529023088,6301500
1998-05-22,68.64374542236328,69.14507614735807,68.45092591274991,68.9522566377447,4862200
1998-05-26,67.54469299316406,69.16437732414488,67.37115538627326,69.16437732414488,6899300
1998-05-27,67.64111328125,67.81465091509585,66.37814494603852,66.9662447051828,10202600
1998-05-28,67.94964599609375,68.10390171912688,67.29405917320294,67.79539027306062,4907600
1998-05-29,67.27474212646484,68.37381357994965,67.27474212646484,68.25812184800388,4772600
1998-06-01,67.58329772949219,68.00750102479856,66.98555672246957,67.2362223060597,6092200
1998-06-02,67.64111328125,68.08459834552274,67.35188389150692,67.87249679304448,6701100
1998-06-03,66.56135559082031,67.98822126686919,66.56135559082031,67.79540158091663,6445100
1998-06-04,67.79535675048828,67.91104848555737,66.67700331148706,66.79269504655615,6566300
1998-06-05,69.10655975341797,69.10655975341797,67.79538618666786,68.10389761413848,8463200
1998-06-08,69.02942657470703,69.39578386658397,68.89445283559446,69.06799050016775,4159900
1998-06-09,69.24152374267578,69.36685649241885,68.74019274370346,68.93301235869282,2725300
1998-06-10,68.79803466796875,69.76213268741898,68.64377898485671,68.87516250952477,6186900
1998-06-11,67.50611114501953,69.02938528968006,67.4868291938213,68.75943797290479,8056600
1998-06-12,68.14244079589844,68.14244079589844,66.79270371165596,67.79536554566465,9779000
1998-06-15,66.3492431640625,67.81467253938035,66.32996119859779,67.13980374811555,10234200
1998-06-16,67.37118530273438,67.39046726761782,66.4842149180962,66.88913618064842,7471500
1998-06-17,68.77875518798828,68.9715747988321,67.8339390948536,67.96891282244427,12057700
1998-06-18,68.47026824951172,68.7594977690112,68.3352944737453,68.60524202527814,3844600
1998-06-19,68.12718200683594,68.85255660230906,67.85637549119264,68.74616832830634,3549100
1998-06-22,68.45599365234375,68.74614338525846,68.12715728837374,68.24321718153963,5438300
1998-06-23,69.26841735839844,69.36513394225547,68.70746117202772,68.76549112234193,5004600
1998-06-24,70.19692993164062,70.37101986533717,69.08468868857936,69.42319689298931,8291900
1998-06-25,70.08081817626953,70.83520733135495,69.82935512457438,70.50637103298438,5854800
1998-06-26,70.37098693847656,70.4677035230539,70.02280723399811,70.13886713549093,4833100
1998-06-29,70.62249755859375,70.99002082718134,70.43873592429996,70.71921420822207,5953400
1998-06-30,70.1388931274414,70.68050620178458,69.98414653477192,70.50641628503142,4284800
1998-07-01,70.95128631591797,71.14471948471818,70.33230017575728,70.60310661207758,3489500
1998-07-02,71.08672332763672,71.10606665371226,70.71920013220132,71.00935002333453,3503900
1998-07-06,71.80238342285156,71.80238342285156,70.9125909558658,71.04799415736363,3144400
1998-07-07,71.66699981689453,71.87977633456953,71.35750670027636,71.79273139552066,4920700
1998-07-08,72.18927001953125,72.3827032189405,71.64765706118536,71.72503034094906,6875000
1998-07-09,71.70570373535156,72.24731681994554,71.57030046420307,71.97651027764854,6942500
1998-07-10,72.09255981445312,72.38270963930336,71.22211033990244,71.82175331125958,7849700
1998-07-13,72.11187744140625,72.32465390381384,71.84107103470569,72.1505640709349,6555100
1998-07-14,72.92428588867188,73.13706231964677,72.38267315528121,72.38267315528121,6983600
1998-07-15,72.78890228271484,73.21445525912189,72.75021564849602,73.07905203935601,4977500
1998-07-16,73.29183197021484,73.40789187832286,72.46006929544069,72.84693565580076,6315600
1998-07-17,73.38854217529297,73.65934860398409,73.23379564461233,73.42722880796313,3539500
1998-07-20,73.38854217529297,73.80442347649719,73.00167584859138,73.50460207330345,2338400
1998-07-21,72.11187744140625,73.6593426225523,71.97647423805597,73.6593426225523,5518600
1998-07-22,72.11187744140625,72.41169882025329,71.51223468371215,72.01516086758463,10417300
1998-07-23,70.68048095703125,72.16991637949742,70.50639110245729,71.99582652492346,15110900
1998-07-24,70.62249755859375,71.24148411621495,69.86810769149291,71.1641107965123,11540500
1998-07-27,71.1253890991211,71.18341906031156,69.84872995293071,70.33231296285132,9600000
1998-07-28,69.92608642578125,70.97062547612487,69.24907037463261,70.83522226589514,13693000
1998-07-29,69.65530395507812,70.64181339737443,69.48121405349643,70.39035020620086,7462400
1998-07-30,70.69982147216797,70.93194126906702,70.19689524555338,70.33229846041115,6821600
1998-07-31,69.19105529785156,70.8739241295298,68.90090549928634,70.77720753000807,7680500
1998-08-03,68.9009017944336,69.58758961411422,68.72681192465541,69.19105157739725,10486500
1998-08-04,66.23153686523438,69.46187175322916,66.23153686523438,69.46187175322916,15091600
1998-08-05,67.14067840576172,67.39214162076456,65.36109257651076,66.81184189383491,21718400
1998-08-06,67.43081665039062,67.77899642655443,66.5797105308791,66.9278903070429,13084400
1998-08-07,67.54690551757812,68.45604198932101,67.14069560467172,67.89508544292646,12083800
1998-08-10,67.15998840332031,67.87569104471514,66.96655525699738,67.31473492037865,6273000
1998-08-11,66.15415954589844,66.50233933298212,65.3030533996939,66.09612958138449,14287100
1998-08-12,67.27605438232422,67.39211428062609,66.54100835974563,66.69575489081481,11158400
1998-08-13,66.46365356445312,67.87571605287137,66.46365356445312,67.35344636537421,9073900
1998-08-14,65.68994903564453,67.29544543433667,65.47717240449256,67.06332547307997,8628500
1998-08-17,67.08265686035156,67.43083674024957,65.30307080753946,65.61256403411548,11290000
1998-08-18,68.32059478759766,68.45599800490037,67.33408563296359,67.46948885026632,7603900
1998-08-19,68.14652252197266,68.76550881794289,67.85637269573661,68.76550881794289,6258600
1998-08-20,67.74028778076172,68.33993053381815,67.5661979492292,67.8950342976795,7402800
1998-08-21,67.19869232177734,67.2954089198225,65.3030470000922,66.96657248646896,16685400
1998-08-24,67.62422180175781,68.04977468494965,67.04392241558713,67.62422180175781,7201700
1998-08-25,67.77896881103516,68.86219433997864,67.24702770307184,68.3205815755069,9688300
1998-08-26,67.39214324951172,67.8563830422753,66.69578356036637,67.02462008024057,9339700
1998-08-27,64.21983337402344,66.57971881728575,64.04574346427458,66.23153899778804,24887800
1998-08-28,63.987693786621094,65.43844258770832,63.23330441005572,64.97420297136041,23735900
1998-08-31,59.42267608642578,64.38423741981387,58.803689877192184,64.2198192079862,22563100
1998-09-01,61.93729782104492,62.24679087699018,57.95257472574971,59.46135337348285,24748500
1998-09-02,61.4924201965332,62.98185597984023,61.14424040303285,61.78257002445015,13843200
1998-09-03,61.00881576538086,61.511741957486095,59.886903490684574,60.42851631295175,17311300
1998-09-04,60.50591278076172,61.78257206577779,59.267940140746134,61.55045219577487,17783800
1998-09-08,63.755577087402344,63.75557708740234,61.7825586217121,62.440231443608845,14746500
1998-09-09,62.20810317993164,63.832941695825376,62.169416548600836,63.600821907840555,12109700
1998-09-10,60.97017288208008,61.492442764001446,59.925633118237336,60.931486224159976,19889300
1998-09-11,62.943145751953125,62.943145751953125,60.04164855994546,60.776694515254064,20379800
1998-09-14,64.0263900756836,64.6550479842817,63.194627304307645,63.67821031092157,10686800
1998-09-15,64.41324615478516,64.56799269209395,63.31067707646001,63.67820010256839,8337900
1998-09-16,64.9935531616211,65.14829971676781,63.852297317414056,64.83880660647438,11024900
1998-09-17,63.13663101196289,63.77496092109119,63.00122769790537,63.291377656600055,12945200
1998-09-18,63.417823791503906,63.61194017898937,62.79665135155039,63.59252854024083,7019200
1998-09-21,63.378971099853516,64.23308280839672,61.45721975563131,61.88427560990291,8834600
1998-09-22,63.90310287475586,64.38839375320936,63.45663526657865,64.29133557751865,7270100
1998-09-23,66.46548461914062,66.46548461914062,64.46608481897373,64.52431976460966,13688500
1998-09-24,64.83491516113281,66.34902395830896,64.13609571628227,66.03843753837539,11129500
1998-09-25,64.75723266601562,65.48516918429368,63.74782736067006,64.0584136084687,10247400
1998-09-28,65.33958435058594,66.03840343454942,64.7572351139497,65.41723091547077,8847800
1998-09-29,65.1843032836914,65.805475917723,64.21372104301702,65.45606631108024,10618100
1998-09-30,63.20429229736328,64.79604658740745,62.971352645161694,64.29134400763733,7908400
1998-10-01,61.379600524902344,63.07811888224863,60.93313284239989,62.13665442131955,13335600
1998-10-02,62.5637092590332,62.66076744900998,60.389605803553295,61.41842261730718,14351800
1998-10-05,61.30198287963867,62.0978604281077,59.846109315366064,61.86492065782409,12807200
1998-10-06,61.24370574951172,62.9131062865824,60.583710188344234,62.58310850599866,12621000
1998-10-07,60.33135223388672,62.13663400922503,59.47724042619977,61.2631105695452,14348500
1998-10-08,60.00138473510742,60.098442943996304,57.283754886218695,58.739628019551944,20625000
1998-10-09,61.20490646362305,61.36019959768869,58.429041692199604,60.253736017470956,12708500
1998-10-12,62.097835540771484,63.010182608735306,61.92313078307629,62.50547997539362,9508500
1998-10-13,61.88429641723633,62.36958732389596,61.34077060177754,61.84547314470356,6256800
1998-10-14,62.46665573120117,63.24312130896625,61.39901556177418,61.45725048010656,8176900
1998-10-15,65.8248519897461,66.62072899699457,62.07840656538131,62.19487637132011,20541100
1998-10-16,65.84432220458984,66.31020184282987,65.22314935360315,65.92196881096318,16573900
1998-10-19,66.07723999023438,66.34900302192159,65.53371392685995,65.65018379758304,7915900
1998-10-20,66.46548461914062,67.58165441049594,65.90254681132664,66.8148942929562,14611600
1998-10-21,66.23252868652344,66.85370128850725,65.76664923503559,66.38782183701939,9178400
1998-10-22,67.22248840332031,67.37778147499995,65.94132056196335,66.32955324116243,8277500
1998-10-23,66.36840057373047,67.08663129067344,66.32957729173356,67.06721964967498,6237200
1998-10-26,66.85371398925781,67.377828471752,66.32959950676363,66.91194893175717,5838600
1998-10-27,66.46548461914062,67.68841847749515,66.0190167025985,67.35842045222488,10089700
1998-10-28,66.3489990234375,66.79546683430323,65.8637079246704,66.19370587183202,5650600
1998-10-29,67.96016693115234,67.97957857552,66.23253058243124,66.52370524794604,9625600
1998-10-30,68.32896423339844,68.89190172282133,68.01837803233754,68.40661078366367,9872800
1998-11-02,69.49366760253906,69.49366760253906,68.44543909680243,68.83367187670488,6501400
1998-11-03,68.98896789550781,69.45484725102052,68.79485149737752,69.31896577232932,6866000
1998-11-04,69.72660064697266,70.25071485005402,69.00837007237968,69.86248210703079,8233600
1998-11-05,70.67780303955078,70.77486126948699,69.02781313063515,69.2801645284693,6841500
1998-11-06,70.8913345336914,71.16309759050182,70.38663171390061,70.48368994847576,5224800
1998-11-09,70.38660430908203,70.96895348979699,69.88190168579573,70.77483709622534,6188700
1998-11-10,70.19246673583984,70.77481574083852,69.7265875318409,70.19246673583984,14015200
1998-11-11,69.72660064697266,70.81365232743771,69.5033668197343,70.69718250453073,10922400
1998-11-12,69.64898681640625,70.2701594970431,69.37722376862763,69.76545669402566,5457400
1998-11-13,70.32833099365234,70.32833099365234,69.64892398708932,69.70715887336615,5524600
1998-11-16,70.85252380371094,71.03693448210416,70.12458691531664,70.94958205549685,6023700
1998-11-17,70.85252380371094,71.82310632157,70.19252769156678,70.60017234906758,9058900
1998-11-18,71.2795181274414,71.43481119525718,70.50305278836252,71.0077552587638,4567700
1998-11-19,71.90069580078125,71.99775397545832,71.20187694310627,71.60952127675,5249300
1998-11-20,72.4442367553711,72.521883311379,71.95894578032171,72.2792378238543,5562000
1998-11-23,74.15250396728516,74.30779716931089,72.77427679930682,72.96839330183899,7151300
1998-11-24,73.68661499023438,74.32719936712523,73.57985092741923,73.91955476364923,5323700
1998-11-25,73.68661499023438,74.03602465035667,73.43426356903494,73.88073146808009,4393500
1998-11-27,74.2301254272461,74.36600693299681,73.92924495022666,74.21071378356741,4557900
1998-11-30,72.13365173339844,74.15246222324598,72.13365173339844,73.92922837100322,8705400
1998-12-01,73.06541442871094,73.31776575378353,71.57071811866558,72.13365568998137,8950600
1998-12-02,72.85186004638672,73.24009271383349,72.05598307812085,72.81303677964205,7495500
1998-12-03,71.64835357666016,73.49245912794238,71.49306047760481,72.83246345695717,12145300
1998-12-04,73.53131103515625,73.60895761491882,72.36661233871766,72.44425891848023,10339500
1998-12-07,73.88068389892578,74.21068169878961,73.29833484034256,73.33715811091477,4290000
1998-12-08,73.55069732666016,74.38539777138077,72.98775981742997,73.62834387965742,10102600
1998-12-09,73.68661499023438,73.90014311586467,73.22073544340465,73.72543828580352,5327900
1998-12-10,72.6092300415039,73.82245738479865,72.50246603529398,73.82245738479865,5966600
1998-12-11,72.75484466552734,72.89072617904354,71.78426242612596,72.32778848019073,8198200
1998-12-14,70.65837860107422,72.30836821126414,70.65837860107422,72.15307507148155,9521400
1998-12-15,72.48307800292969,72.52190129055847,71.14367457973682,71.24073279880878,9631500
1998-12-16,72.38602447509766,72.75484573147386,71.90073334828686,72.75484573147386,7260000
1998-12-17,73.54100799560547,73.66718367251492,72.69660154244225,72.81307139805098,6914700
1998-12-18,73.85350036621094,74.24302304746732,73.46397768495454,73.73664356183401,4802400
1998-12-21,74.88568878173828,75.62578141469174,74.16507227070464,74.32088124606327,8580700
1998-12-22,75.21680450439453,75.54789867233205,74.28195038315918,75.0415193566629,5461100
1998-12-23,76.79437255859375,76.79437255859375,75.29471070543327,75.52842424099076,7791000
1998-12-24,76.46327209472656,76.81384236923117,76.34641533655837,76.75541399014706,1507100
1998-12-28,76.26852416992188,76.85280806294988,76.03481061271067,76.81385580341467,4203600
1998-12-29,77.4760513305664,77.5831700541255,76.11272212163236,76.48276862120017,3935800
1998-12-30,76.8528060913086,77.74870803763403,76.67752092789709,77.24232867666748,6810700
1998-12-31,76.8528060913086,77.24232867666748,76.32695060107409,76.8528060913086,6790500
1999-01-04,76.67749786376953,78.04082650244463,75.85950068056448,76.89173522127562,9450400
1999-01-05,77.55394744873047,77.82661326095604,76.61909323538565,76.61909323538565,8031000
1999-01-06,79.42365264892578,79.61841393546067,78.37194170163741,78.41089395894438,7737700
1999-01-07,79.0341567993164,79.28734655742166,78.39144433643385,78.7614909059723,5504900
1999-01-08,79.6184310913086,80.08585827971159,78.50829151885151,79.89109695121034,6224400
1999-01-11,78.8588638305664,79.57948076356986,78.04086623094088,79.57948076356986,7578300
1999-01-12,77.43707275390625,78.66406862500688,77.12545475489657,78.66406862500688,7768800
1999-01-13,76.89173889160156,77.98240185460301,75.02203095502767,75.04150707936698,10810600
1999-01-14,75.54792785644531,77.22287547068979,75.35316650595178,77.0475902552456,11400700
1999-01-15,77.51497650146484,77.7681661232033,76.07374327003058,76.26850451752169,7817700
1999-01-19,78.0213851928711,78.29405104227205,76.96967405946745,78.08955165522134,6535100
1999-01-20,78.64457702636719,79.7352398083079,77.92396054544207,78.58614866304893,6534400
1999-01-21,76.56066131591797,78.43036965637285,76.40485228754673,78.2648225637284,6937500
1999-01-22,76.38536834716797,77.18388953590684,75.8984651833028,76.11270257540347,7522300
1999-01-25,77.1644058227539,77.2812625705925,75.97636221972816,76.83331170387787,5700300
1999-01-26,78.56669616699219,78.56669616699219,77.04755826391202,77.35917629531309,6047000
1999-01-27,77.65130615234375,78.91725420850186,77.37864041717124,78.7614452169747,7399400
1999-01-28,78.95625305175781,79.13153827066897,78.02139855089831,78.06035082176746,5961700
1999-01-29,79.55997467041016,79.95923525321149,78.15769359910794,79.36521341050708,6456800
1999-02-01,79.0925521850586,80.20269143020717,79.0925521850586,80.20269143020717,9426800
1999-02-02,78.60565948486328,79.28732402449911,77.75844784274446,79.19968144083165,9194500
1999-02-03,79.4041976928711,79.73529196826448,78.3135341974576,78.33301033130428,10290700
1999-02-04,78.21611022949219,79.4625821056594,77.7681593989946,79.38467761339895,7761100
1999-02-05,77.3202133178711,78.31349565520395,76.79435796281253,78.31349565520395,7516100
1999-02-08,77.4760513305664,77.96295461947142,76.87229125232417,77.96295461947142,8528400
1999-02-09,75.74266052246094,77.59289265144879,75.73292245862416,77.51498814075457,8985700
1999-02-10,76.22953796386719,76.65801262794616,75.61604014939049,76.1126812373002,6936700
1999-02-11,77.98241424560547,78.58617419605845,76.3464195411522,76.69698983496362,9181800
1999-02-12,77.04755401611328,78.21612156944158,76.42431798767151,77.78764679988787,10676600
1999-02-16,76.58014678955078,78.29404631078182,76.58014678955078,77.74871464493557,6915500
1999-02-17,76.50225067138672,78.12850778214558,76.19063254237903,76.77491653426844,7858100
1999-02-18,77.1059799194336,77.51497854997365,76.1711259067706,76.77488578994878,9048900
1999-02-19,77.43707275390625,78.3719267509353,76.89174125563932,77.28126375440141,5312200
1999-02-22,79.50153350830078,79.59891412259316,77.45654060816075,77.55392122245313,10695800
1999-02-23,79.46260833740234,80.08584448122511,78.89780058206297,79.52103672588572,7770700
1999-02-24,78.060302734375,80.30005692959784,77.90449374688124,79.67682097962279,7271000
1999-02-25,77.3202133178711,78.0797821640668,76.46326385036824,77.61235518179252,11633000
1999-02-26,77.00861358642578,77.80713487045296,76.54118649333671,77.74870648381683,9621300
1999-03-01,77.22280883789062,77.47599837506404,76.2684790439293,77.06699989193775,7607200
1999-03-02,76.54121398925781,78.09930485926814,76.22959581525575,77.59292532651479,9651500
1999-03-03,76.95020294189453,77.00863134200227,75.89849173995519,76.71648934146357,7881400
1999-03-04,77.92398071289062,78.20638454201757,76.82357958560287,77.32022080234337,8256400
1999-03-05,79.49183654785156,79.85214500702963,78.87833836060244,79.46262234845875,10703100
1999-03-08,80.0079345703125,80.27086230076509,79.30679395577228,79.94950618576749,4802200
1999-03-09,79.81318664550781,80.98175453197204,79.6184253310971,79.85213890838995,7893400
1999-03-10,80.51433563232422,80.55328789920003,79.63790962761821,80.06638456325226,3950000
1999-03-11,81.41019439697266,81.76076461207923,80.31953150552995,80.82591070512835,6583700
1999-03-12,80.63114929199219,81.66338381191383,80.53376867690524,81.64390768889643,5286500
1999-03-15,81.78026580810547,81.79974193713812,80.70907871130962,80.98174451776674,5394400
1999-03-16,81.46862030029297,82.05290397445238,81.31281132051713,81.72180989242871,4547500
1999-03-17,81.11805725097656,81.60496035572432,80.78696313974808,81.44915136220503,4524100
1999-03-18,82.42296600341797,82.5008705081471,80.8648759088354,80.88435203501768,3506300
1999-03-19,81.02198028564453,82.85717694753625,81.02198028564453,82.66194326010095,5526700
1999-03-22,81.17818450927734,81.58817534013228,80.85604885646276,81.25627800086876,4603800
1999-03-23,78.83535766601562,80.92435798059306,78.53274547091328,80.78769440861136,9713800
1999-03-24,79.28440856933594,79.45035722061378,78.48395036905453,79.24536182785879,6280900
1999-03-25,80.90481567382812,80.90481567382812,79.81150735391152,80.00674098246806,6639600
1999-03-26,80.31912994384766,80.67055054156016,79.79199904727889,80.35817667692683,6159700
1999-03-29,81.9395523071289,82.11526256940294,80.6900571087357,80.6900571087357,5863900
1999-03-30,81.51007080078125,81.97863168682166,80.9438930634824,81.17817350650262,5401400
1999-03-31,80.20199584960938,82.22266444027018,80.16294911355796,81.93957560389741,7413600
1999-04-01,80.80723571777344,81.02199280714177,80.04582421910392,81.02199280714177,7683600
1999-04-05,82.72050476074219,82.837644961017,81.37339245758164,81.80290652525602,5791100
1999-04-06,82.52529907226562,83.08171521221348,81.93959787232052,82.58386919226014,5381300
1999-04-07,83.18907165527344,83.32573523227107,82.07623967114986,82.89622113313565,6248600
1999-04-08,84.24335479736328,84.3019249165735,82.64243820561734,83.20861602464944,5909100
1999-04-09,84.26284790039062,84.65331522152312,83.46238989206903,83.98952077559788,4365800
1999-04-12,85.16093444824219,85.21950455446519,83.22812094288318,83.38430789281118,8213200
1999-04-13,84.61425018310547,85.25852112358596,84.02854932812319,85.12185759075676,10071400
1999-04-14,83.18907165527344,85.00474489252771,82.89622113313565,85.00474489252771,11551700
1999-04-15,82.87671661376953,83.44289441866925,81.84197786688384,83.36480092833825,11150000
1999-04-16,82.17388153076172,83.03290999057486,81.95912441580843,83.03290999057486,6476200
1999-04-19,80.90481567382812,84.04807709358835,80.2019746110246,82.89619868510478,12487200
1999-04-20,81.9200439453125,81.95909067741228,80.5924550539204,81.10006257121739,9049600
1999-04-21,84.26284790039062,84.73140868574961,81.47100655429334,81.88099724148246,5772200
1999-04-22,85.0633316040039,85.19999520768259,83.96026108859739,84.41906032951869,6897400
1999-04-23,84.84856414794922,85.43426523502664,84.34095653914879,84.88761088708772,4593100
1999-04-26,85.3366470336914,85.47331061850856,84.63380574034596,85.27807692591261,3606500
1999-04-27,85.74662780761719,85.90281474351448,84.86807629319487,85.66853433966854,5147200
1999-04-28,84.57523345947266,85.74663558495013,84.34095303437716,85.23902799724323,5544300
1999-04-29,83.93093872070312,85.00472370084704,83.59904154502227,84.69234988844153,9824300
1999-04-30,83.24764251708984,84.73141850942072,82.15433389116184,84.39952124797829,10991900
1999-05-03,84.77044677734375,84.86806359767695,83.15000755981278,83.3647645645458,10709700
1999-05-04,83.56000518798828,84.84854732406474,83.16953787402572,84.41903327870592,10509300
1999-05-05,84.22378540039062,84.37997229960321,82.36906597224107,83.67713125314654,10032300
1999-05-06,83.7064208984375,84.41902366526968,82.7009676794825,83.98950966882289,13507200
1999-05-07,84.34095764160156,84.41905112089934,83.36478915037932,84.02858372441045,8680700
1999-05-10,83.92120361328125,84.78999355414226,83.42335769211371,84.24333920933084,5580100
1999-05-11,84.77044677734375,85.51233461187601,84.16522249127797,84.53616640854409,7000600
1999-05-12,85.43426513671875,85.72711567992047,82.15433905285934,84.80951731122171,13865800
1999-05-13,85.80518341064453,86.21517404810153,85.47328622794123,85.74661331957924,4485700
1999-05-14,83.5794906616211,84.88755557036406,83.4037804499989,84.06757458279384,8370100
1999-05-17,83.83333587646484,84.01880785849242,82.70098061777017,83.48191527893891,6268100
1999-05-18,83.67715454101562,84.33118736348973,82.85717309194361,84.04809852988153,8218600
1999-05-19,84.28233337402344,84.34090344586083,83.24759543822931,84.00900637211555,5052400
1999-05-20,83.7748031616211,84.71192517321695,83.75527978637952,84.41907454459324,4670400
1999-05-21,83.30622863769531,84.14573363685653,82.83766770793092,83.79431293953323,6418200
1999-05-24,81.9200439453125,83.6185767916524,81.46124484314024,83.6185767916524,7952000
1999-05-25,80.59246826171875,82.68146877140961,80.2410476152287,82.07624432467675,15406400
1999-05-26,81.49050903320312,81.84192953214841,80.0262569542644,80.78766803531254,12575900
1999-05-27,80.31912994384766,81.39291510352477,79.96770934613515,81.11958797197059,14515400
1999-05-28,81.3441162109375,81.68577516538161,80.33866271643053,80.59246651116045,8748000
1999-06-01,81.0610122680664,81.31481601553386,80.20198419971503,81.29529265034405,6705300
1999-06-02,81.13907623291016,81.33430981383631,79.97743642639954,81.0609828005397,6981900
1999-06-03,81.58815002441406,81.76386032597418,81.08054248657373,81.6467201249341,6076600
1999-06-04,83.22811126708984,83.31596641621063,81.802905514686,82.13480274469785,9787200
1999-06-07,83.44291687011719,83.83338442683277,83.03292593556584,83.36482335877407,5299100
1999-06-08,82.62288665771484,83.58929329513377,82.21289596305228,83.32572784856497,4895700
1999-06-09,82.5448226928711,83.15004726796074,82.34958895897121,82.72053305338099,7409700
1999-06-10,81.7834243774414,82.1348451553822,80.96344256224624,82.11532177882994,7040700
1999-06-11,81.10006713867188,82.60336640917687,80.65102969423532,81.97861866039557,12824800
1999-06-14,81.17818450927734,81.68579220462156,80.93414234805418,81.64674545882585,6823500
1999-06-15,81.7248306274414,82.25196164199967,81.26603141106662,81.51007354743618,5700900
1999-06-16,83.2866439819336,83.63806442067593,82.70094325069637,82.70094325069637,7865800
1999-06-17,84.06764221191406,84.69239013360037,82.85719311364683,83.01338009406841,8162800
1999-06-18,84.1647720336914,84.39975976389249,83.57730270818867,84.00811354689067,2875100
1999-06-21,84.36056518554688,84.7522112634742,83.7535137647595,84.26265366606503,4646400
1999-06-22,83.77311706542969,84.71306788804321,83.655623212603,83.96894015347418,5862400
1999-06-23,83.36190032958984,83.73396424931317,82.79401329422267,83.34231801802547,9629200
1999-06-24,82.73526000976562,83.30314700154862,81.87363836706037,83.26398238142566,9176900
1999-06-25,82.52961730957031,83.35207404868574,82.24567391154237,83.08771295397005,4087000
1999-06-28,83.53813934326172,83.73396245470866,83.02899925349969,83.14649312036785,5028900
1999-06-29,84.32139587402344,84.71304193010343,83.20520461419545,83.34228073382344,6956200
1999-06-30,85.84882354736328,86.16214042162372,83.87101077859418,84.36056839462614,16856100
1999-07-01,86.49504852294922,86.78878312286868,85.2613632032875,85.84883240312641,9939500
1999-07-02,87.35665893554688,87.41540584807919,86.4167083350299,86.55378446427196,3772800
1999-07-06,87.3370590209961,88.1986802310687,86.84750151527302,87.2587298200804,11221100
1999-07-07,87.45458221435547,87.55249374840648,86.79857493621375,87.14126530539227,3230700
1999-07-08,87.52311706542969,88.12037740114859,86.94543903579994,87.14126209669138,7101500
1999-07-09,88.04200744628906,88.10075433737867,87.45453853539301,87.72869069381117,2976800
1999-07-12,87.65040588378906,88.31620431990363,87.41541820045451,88.31620431990363,4436300
1999-07-13,87.3370590209961,87.67974927500225,86.88666611573088,87.3370590209961,6477600
1999-07-14,87.82665252685547,87.86581714336688,86.94544865534856,87.72874098557692,4382500
1999-07-15,88.3847427368164,88.59035696053117,87.92455852183575,88.21829312714254,3348600
1999-07-16,88.8645248413086,89.07993025630516,88.19872628586468,88.5120432531324,2281500
1999-07-19,88.27705383300781,89.13867547645332,88.08123073222474,89.0995108562967,4287000
1999-07-20,86.46566009521484,87.98328859875446,86.1817166977784,87.80704786931115,7060100
1999-07-21,86.3677749633789,87.04336463263105,86.04466686069311,86.53422459203524,4793700
1999-07-22,85.23200988769531,86.4754866545807,84.88931944012847,86.12300505136909,7804100
1999-07-23,85.06554412841797,85.84883643162624,84.67389797681385,85.63343104824396,4603000
1999-07-26,84.43885803222656,85.30047903255542,84.36052885037849,84.51718721407464,4333400
1999-07-27,85.14387512207031,85.97612321146497,84.8305581942982,85.22220435401333,5908500
1999-07-28,85.41804504394531,86.04467902867852,84.96765186741831,85.37888041989947,3955500
1999-07-29,84.22347259521484,84.75219469706808,83.53809209281249,84.55637169638169,7760600
1999-07-30,83.18557739257812,84.8109076476591,83.06808363919879,84.47800867975096,5994300
1999-08-02,83.38146209716797,84.43890666110576,83.02898057585539,83.18563902977209,6065500
1999-08-03,82.98982238769531,83.87102625920222,82.3240239070012,83.79269702617938,5445400
1999-08-04,81.85400390625,83.89056285511363,81.73651012073863,83.16601784446023,6497900
1999-08-05,82.59819030761719,82.6765195539971,80.73787070609427,82.01072095976785,10322000
1999-08-06,81.6973876953125,82.71566769534995,81.14908307990771,82.22611000302425,7537700
1999-08-09,81.5211181640625,82.58835355679403,81.30571285543778,81.83443497660754,5565900
1999-08-10,80.6203384399414,81.56028894883555,79.58247641970412,81.3840482284179,9793300
1999-08-11,81.59947204589844,81.79529511296322,80.600774403868,81.26657283188828,8003400
1999-08-12,81.5505142211914,82.59816760355034,81.40364692459903,81.89320457990695,7036800
1999-08-13,83.44023895263672,83.4989858939317,82.16738855791216,82.48070557815205,5857700
1999-08-16,83.8122787475586,83.94935490438873,82.87232795786636,83.42063258518684,3927000
1999-08-17,84.36056518554688,84.49764131282143,83.42061459852128,84.24307136216868,4808000
1999-08-18,83.75350189208984,84.20389481785979,83.49893197752422,84.09619216169742,4355500
1999-08-19,83.06814575195312,83.48916534970584,82.519841159531,82.95065191071981,6448100
1999-08-20,83.91019439697266,84.04727056051496,83.1464843429512,83.38147205188088,3663700
1999-08-23,85.51593017578125,85.56488594070899,84.38015642945761,84.4780679593131,5637800
1999-08-24,85.82926177978516,86.45589567824584,84.83056400411347,85.26137480930518,9279500
1999-08-25,86.71046447753906,86.96503449520122,85.3201205349227,85.96633673360354,6005300
1999-08-26,85.67261505126953,86.73985105590819,85.5355388671875,86.65173065185546,4322300
1999-08-27,84.63470458984375,85.88797184892519,84.63470458984375,85.7704780433863,6247400
1999-08-30,83.06814575195312,84.90888259794171,82.71566422825319,84.81097106358062,4652000
1999-08-31,82.75479888916016,83.81224307752142,82.01067149735039,83.30310328312525,11453700
1999-09-01,83.77311706542969,83.80249052863637,82.91149547803397,83.30314165412294,6863900
1999-09-02,82.78418731689453,83.13666877678907,81.87361021216702,82.79397846855828,10896300
1999-09-03,85.20262908935547,85.53552835263267,84.39975439556932,84.51724825319656,9160800
1999-09-07,84.88928985595703,85.61383512116359,84.7326314202367,85.26135364079283,4560800
1999-09-08,84.47805786132812,85.2613500065421,83.98850027056938,84.49764016495847,6159600
1999-09-09,84.43885803222656,84.75217475961887,83.77305998651792,84.43885803222656,6177800
1999-09-10,85.14387512207031,85.44740089584954,84.5564058824976,85.37886281789939,2934500
1999-09-13,84.566162109375,84.88927005769148,84.28221876085446,84.67386475881382,2320500
1999-09-14,84.00809478759766,84.32141169123439,83.57728404509716,84.00809478759766,3736000
1999-09-15,82.67649841308594,84.86971675090346,82.63733379991062,84.86971675090346,6984500
1999-09-16,82.99960327148438,83.22479978855931,81.65821532195113,83.02897673023328,15377600
1999-09-17,84.04833984375,84.16616461923189,83.04682925215393,83.34139119085864,8542300
1999-09-20,83.93046569824219,84.20539001264916,83.63590393280614,84.16611511059102,2803900
1999-09-21,82.16312408447266,83.24318427200755,81.79001238332424,83.10572206632129,9335200
1999-09-22,82.07473754882812,82.85041696817942,81.5347075733304,82.47730534874462,13009100
1999-09-23,80.35643005371094,82.83074828117125,80.19933048371345,82.83074828117125,12204100
1999-09-24,80.27789306640625,80.67064205401097,79.37457039491537,80.27789306640625,13792900
1999-09-27,80.80815887451172,81.53474499318898,80.61178424784218,80.90634618784648,6970300
1999-09-28,80.65103912353516,80.94560099031213,78.90330538065844,80.39575217232844,11063400
1999-09-29,79.68880462646484,81.14197651960393,79.64952971043407,80.70995244326528,7580300
1999-09-30,80.90630340576172,81.33832735598666,79.78696862563346,80.08153040987774,7498900
1999-10-01,80.72959899902344,80.7885113797087,79.57098884554682,80.39576217514035,11127100
1999-10-04,82.16312408447266,82.24167391629338,80.90632677534114,81.18125118671367,6341600
1999-10-05,82.08454895019531,82.92895938197961,80.86702693227375,82.14346130590118,11976000
1999-10-06,83.34136199951172,83.45918673372402,82.12383974598444,82.16311465738855,10308200
1999-10-07,82.87005615234375,83.57700449866707,82.63440670356931,83.48863595537665,6535600
1999-10-08,84.12686920166016,84.12686920166016,82.46750401782722,82.79152207147507,9674300
1999-10-11,83.9893798828125,84.28394165467178,83.77336791678235,83.95010497989792,4282000
1999-10-12,82.69335174560547,83.77341214598741,82.43806474187883,83.65558737503665,8686100
1999-10-13,80.55284118652344,82.51658670545379,80.55284118652344,82.12383760166772,10469300
1999-10-14,80.53321838378906,81.18125452294171,79.64953273948998,80.73941170079217,10562200
1999-10-15,78.47128295898438,79.64953045086101,78.23563346060904,79.17823145411036,14238700
1999-10-18,79.04078674316406,79.1389740558885,77.56797705229765,78.51057525445215,9758800
1999-10-19,79.80664825439453,80.59214676083542,79.13897452391977,79.92447303036066,14392900
1999-10-20,80.59211730957031,81.35797807347704,79.88516891211793,80.27791802181369,9759400
1999-10-21,81.06343078613281,81.06343078613281,79.57098390150439,79.94409562266151,9105400
1999-10-22,81.75076293945312,82.45771164611186,81.41692605019762,81.53475083464075,8309600
1999-10-25,81.3383560180664,81.98639217175935,80.90633191560444,81.25980618125513,8114300
1999-10-26,80.31720733642578,82.1238535650202,80.31720733642578,81.80965422091683,6256300
1999-10-27,81.7703628540039,81.88818758434108,80.59211555063209,80.67066537085688,5433300
1999-10-28,84.55889892578125,84.7454547873221,83.06645203345441,83.22355170633092,10509700
1999-10-29,86.09063720703125,86.52266139009573,85.28550122950199,85.36405108096825,10988600
1999-11-01,85.1872787475586,86.09060166650458,85.1872787475586,85.77640239034946,4006500
1999-11-02,84.57852172851562,86.24770546358036,84.57852172851562,85.44256977960796,6516900
1999-11-03,85.14802551269531,85.69787438593228,84.91237599559376,85.46222486883072,7222300
1999-11-04,85.79605102539062,86.3164436443361,85.31493332108252,85.9335132266215,7907500
1999-11-05,86.64049530029297,87.41617516528879,85.95318402751187,87.11179445877144,7431500
1999-11-08,86.71903228759766,86.95468183185744,85.93353380673175,86.09063350290492,4649200
1999-11-09,85.90406799316406,87.15104669188754,85.63896228556142,87.03322193295304,4533700
1999-11-10,86.54229736328125,86.96450280764488,85.51133058053283,85.61933662443981,6405600
1999-11-11,87.03319549560547,87.03319549560547,86.38515951831418,86.83682095703236,4794100
1999-11-12,87.81871032714844,87.96599125904771,86.16916388987642,87.50451100576329,11802900
1999-11-15,88.02488708496094,88.13289308138421,87.60268182621544,87.87760618074739,2187500
1999-11-16,88.7613296508789,89.86102754035883,88.03474354532968,88.3293054800118,7544800
1999-11-17,88.99691772460938,89.82169057201308,88.8005432371323,89.38966669956352,9459000
1999-11-18,89.62535095214844,89.86100042879738,88.99695234775126,89.50752621382397,4491000
1999-11-19,89.54684448242188,89.8414064708509,89.2326450280976,89.48793208473607,4832100
1999-11-22,89.52718353271484,89.86102036536589,88.91842224964527,89.50754607197067,4155400
1999-11-23,88.74169921875,89.76284733987747,88.21148769431844,89.76284733987747,5918000
1999-11-24,89.2129898071289,89.50755173693452,87.97582970194529,88.44712878963429,4459700
1999-11-26,88.8791275024414,89.78245049517503,88.76130276425877,89.52716356244596,1693900
1999-11-29,88.56495666503906,89.18353673930707,88.25075726223626,88.52568173968872,7348600
1999-11-30,87.52413940429688,89.42897259303746,87.34740230431063,88.44709981533612,7682000
1999-12-01,88.23110961914062,88.29002200036862,87.34742390072056,87.5437985048139,6980200
1999-12-02,88.7613296508789,88.83987950012748,88.21148070613896,88.36858040463609,6698300
1999-12-03,90.39119720458984,91.33379495949323,89.88062342068385,89.88062342068385,10045400
1999-12-06,89.72355651855469,90.31268033023267,89.38971969193717,90.19485556789706,3138900
1999-12-07,88.99691772460938,90.05733995698557,88.83981813462772,90.03770250823786,10714200
1999-12-08,88.42748260498047,89.27189338712886,88.29002038463074,88.82023180597972,4611400
1999-12-09,88.85946655273438,89.37004028320312,87.58303222656251,89.11475341796876,6474700
1999-12-10,89.15408325195312,89.74320715009378,88.52568442726975,89.40937027448075,5127300
1999-12-13,89.31114959716797,89.68426125995298,88.78093828689455,88.87912556657481,4210800
1999-12-14,88.44712829589844,89.53700743009524,88.36857844838876,88.99697722846619,5739000
1999-12-15,88.91838073730469,89.36022339777054,87.99542051322048,88.21143248055934,6879100
1999-12-16,89.31114959716797,89.64498634808088,88.70238846315034,89.35042450904008,5854900
1999-12-17,89.88470458984375,90.27841770675063,89.49099147293686,90.08156114829718,4775400
1999-12-20,89.23507690429688,90.1996740294481,88.88073510322091,89.80596091714149,4608700
1999-12-21,90.59342193603516,90.7509072414433,89.03825454512973,89.19573985053788,7981300
1999-12-22,90.8296127319336,90.8296127319336,90.06187218218383,90.47527093974139,5377500
1999-12-23,92.27651977539062,92.27651977539062,91.34145104166666,91.3512938704427,5721700
1999-12-27,92.14859771728516,92.46356835678024,91.38085678351584,92.28639737206426,2691000
1999-12-28,92.08953094482422,92.2863875736075,91.64660353006181,91.89267431604092,4084500
1999-12-29,92.48322296142578,92.48322296142578,91.53831136028734,92.16825242771297,3001000
1999-12-30,92.37498474121094,92.9557118695787,92.08954259336916,92.68011255442111,3641300
1999-12-31,92.5225830078125,92.91629612699468,92.12886988863032,92.50289735185339,3172700
2000-01-03,91.61708068847656,93.38879045683989,90.63279748383027,93.38879045683989,8164300
2000-01-04,88.03427124023438,90.75089231160118,87.96537143045333,90.41623609266469,8089800
2000-01-05,88.1917953491211,89.1563931107521,86.45945651190621,88.15242401191166,12177900
2000-01-06,86.77438354492188,89.13666258879451,86.77438354492186,87.95552306685819,6227200
2000-01-07,91.81391143798828,91.81391143798828,88.23112158341841,88.38860685175116,8066500
2000-01-10,92.12890625,92.54230518830128,91.36116536458334,92.12890625,5741700
2000-01-11,91.0264892578125,92.03045788933248,90.39654815568231,91.85328695435837,7503700
2000-01-12,90.12091827392578,91.08551525850909,90.0028043574462,91.08551525850909,6907700
2000-01-13,91.34148406982422,91.8139400219095,90.25877251296207,91.00682777043046,5158300
2000-01-14,92.5816650390625,92.89663561967595,91.95172387783563,92.30606578102575,7437300
2000-01-18,91.85327911376953,92.36510621556079,91.45956595854548,91.5579942473515,6488500
2000-01-19,92.601318359375,92.601318359375,91.34143647693453,91.53829302106585,6157900
2000-01-20,91.18394470214844,92.58162606524269,90.59337511210862,92.58162606524269,5800100
2000-01-21,90.98711395263672,91.65642634432639,90.75088604968742,91.65642634432639,6244800
2000-01-24,88.4083023071289,91.87297859438223,87.817732485438,91.75486463004405,7896900
2000-01-25,89.41227722167969,89.41227722167969,87.5618249850355,88.51657959649553,9942500
2000-01-26,88.70360565185547,89.16621877498433,88.25083536113362,88.82171964073943,5158100
2000-01-27,88.3492202758789,89.58941654980501,87.01059572624438,89.3531886881048,10922700
2000-01-28,85.59326171875,88.23114052976943,85.37671942829319,87.83742727439339,11916200
2000-01-31,87.9161376953125,87.98503748974456,85.04203198471787,85.55385902907034,10768700
2000-02-01,88.78230285644531,89.2547585700938,87.26650744182307,88.03424797650186,8419900
2000-02-02,88.86107635498047,89.60913149487618,88.427991800304,88.99887598601389,6205900
2000-02-03,90.19969940185547,90.23907072416094,88.19176196427597,88.7429604765527,7997500
2000-02-04,89.82565307617188,90.71150764299803,89.53036822056316,90.19968055994292,4925400
2000-02-07,89.6878662109375,89.94377978880014,89.09729641586988,89.80598016995103,5845800
2000-02-08,90.90837860107422,91.06586388232337,90.47529407763903,90.69183633935663,4936400
2000-02-09,88.99887084960938,91.00680821449771,88.98902801938932,91.00680821449771,8511500
2000-02-10,89.176025390625,89.80596640883692,88.7429409406043,89.21539670426324,6690600
2000-02-11,87.36493682861328,89.41224494717476,86.95153807390376,89.35318798221624,9849800
2000-02-14,87.87678527832031,88.05395621638144,87.12873020650666,88.05395621638144,8528800
2000-02-15,88.87091827392578,88.95950375010979,86.80392382963247,87.71930708353379,11078300
2000-02-16,87.56180572509766,88.78231650633778,87.43384894964505,88.4279746666229,8845400
2000-02-17,87.10904693603516,88.46735749842756,87.0696756153861,88.46735749842756,7584200
2000-02-18,85.23892974853516,87.48309556639498,84.80584511701835,87.48309556639498,9409200
2000-02-22,85.0223388671875,85.88850763545706,84.11679879126932,85.16013844395766,16415400
2000-02-23,86.02632904052734,86.59721314628828,84.72707555845072,85.43575927594706,12119000
2000-02-24,84.29400634765625,86.32162957367414,83.84123611272021,86.10508728740038,17375000
2000-02-25,83.98887634277344,86.12477065501788,83.8609195406574,85.16017322368168,10559900
2000-02-28,85.75074005126953,86.10508195230784,83.60500298387092,84.01840186841561,13397800
2000-02-29,86.57755279541016,86.57755279541016,85.51452690842694,85.71138355416457,8242500
2000-03-01,87.20748138427734,87.56182329509383,86.43974057750832,86.69565417976466,6868000
2000-03-02,87.26657104492188,87.64059875749881,86.51851561976802,87.36499939033686,7600200
2000-03-03,88.90044403076172,89.27447158536413,88.01458929617706,88.46735949385366,12770300
2000-03-06,88.03427124023438,89.03823989704384,87.40433012223627,88.70358367810735,11967100
2000-03-07,86.33147430419922,88.29019775495007,85.17986302913465,88.19176944084198,20062000
2000-03-08,86.22318267822266,86.83343808073977,85.0617288476256,85.96726912232839,11808500
2000-03-09,88.74295806884766,88.74295806884766,85.75073765481375,86.45942143708494,5500900
2000-03-10,88.2704849243164,89.45162433008335,87.89645744582353,88.30985623784197,7924600
2000-03-13,87.30590057373047,88.48704015308195,85.47513422573567,86.10507533472313,10540500
2000-03-14,86.06574249267578,88.25085169136905,85.77045746582533,87.73902431149496,8263900
2000-03-15,88.0736312866211,88.46734443497434,85.71135239650162,86.22317948936085,10300800
2000-03-16,92.18794250488281,92.50291305369299,88.74295212727134,89.21540795048662,25601400
2000-03-17,92.79722595214844,93.46823949582624,91.84991271401506,92.08674102354841,10272900
2000-03-20,92.32359313964844,93.05381394900435,91.43548674989124,92.75777848575196,12502300
2000-03-21,94.21819305419922,94.57343550811115,91.25783927159974,91.90911710377162,13612600
2000-03-22,94.7905044555664,95.26416094253987,93.90239854249114,94.45499777729353,8260000
2000-03-23,96.40884399414062,96.92197192532745,94.19844675210506,94.19844675210506,11654500
2000-03-24,96.98117065429688,98.36266881176549,95.81676506443046,96.54698551909244,11462900
2000-03-27,95.95492553710938,97.11933125629683,95.8759827764865,96.86276728427248,8798600
2000-03-28,95.40233612060547,96.61608119123377,95.10630073752539,95.52075027383749,6334400
2000-03-29,95.50098419189453,96.30027947186389,94.51419989563607,95.7180767370714,6747500
2000-03-30,93.90242767333984,95.94507190709157,92.91564301935351,94.830005248087,9491900
2000-03-31,94.96814727783203,96.19176014799528,93.74453440766877,94.49449068293012,9249100
2000-04-03,95.52074432373047,95.52074432373047,93.90241766370032,94.81025944859527,8508200
2000-04-04,94.81025695800781,96.6259404801012,89.2941314751262,95.83651286179973,19585500
2000-04-05,94.21819305419922,95.24444903216703,93.23140845999939,93.38929399507136,8387200
2000-04-06,95.03722381591797,95.79704794984235,94.0997784558814,94.88920612749114,6378500
2000-04-07,95.63916015625,96.07334536537867,95.0470894165291,95.71810292154612,6023600
2000-04-10,95.2641830444336,96.69502068079602,94.92867628832103,95.83651809897857,9624200
2000-04-11,94.98790740966797,95.75759957442531,93.70508713507242,94.73134335474886,9006400
2000-04-12,92.38279724121094,95.46156595935426,92.30385445356625,94.96817353657488,10779200
2000-04-13,91.0999755859375,93.56693766311302,90.80394013667645,93.13275233753014,12225800
2000-04-14,85.8897476196289,90.19212927888421,84.31089196485631,90.07371510477627,29604000
2000-04-17,88.88954162597656,88.88954162597656,85.06081803018627,85.37658904839579,23918200
2000-04-18,91.23810577392578,91.23810577392578,88.27775192013195,88.77114422909759,11069200
2000-04-19,90.38946533203125,91.65254956374523,90.01448720074117,91.25783574133462,6553700
2000-04-20,90.82368469238281,90.90262748655263,89.91584255942983,90.66579910404316,8537600
2000-04-24,89.83688354492188,90.5078971742117,88.73168462609155,89.36322686542316,12893100
2000-04-25,93.56688690185547,93.56688690185547,91.21834027850157,91.3367543939648,14102000
2000-04-26,92.51104736328125,93.94188489583333,92.20514416666666,93.44849264322916,7711100
2000-04-27,92.20510864257812,93.05374299010185,90.31048312252514,90.31048312252514,15595300
2000-04-28,91.63275146484375,93.37935893945902,91.61301578716449,92.83662780327913,8743400
2000-05-01,92.87613677978516,93.77411047793225,92.10644503851623,92.56036580900816,7328300
2000-05-02,91.02101135253906,92.91563778138637,91.02101135253906,91.88938179909407,9411900
2000-05-03,88.88954162597656,90.94205324433837,88.27773527819564,90.94205324433837,12630700
2000-05-04,89.56057739257812,89.90595202994483,88.88956381140852,89.678991553961,5963600
2000-05-05,90.64603424072266,90.94206962361201,89.00797178873485,89.08691455750534,7862400
2000-05-08,89.96520233154297,90.54740557137636,89.58035612216158,90.15269151047237,5064100
2000-05-09,89.24478149414062,90.56707259544699,88.58363594348744,90.34998002657579,5620300
2000-05-10,87.23171997070312,89.02766714657055,86.99489177168765,88.7316318978012,10293900
2000-05-11,89.22505950927734,89.36320934704884,87.86329682267258,88.49483893819942,7091100
2000-05-12,90.19207000732422,90.60651934433818,89.4421140641561,89.5605281604458,5960800
2000-05-15,91.7512435913086,91.95846838324422,89.67899567195231,90.15265233923374,4441300
2000-05-16,92.63933563232422,93.29061344993535,91.77096520884268,92.56039286655316,8192200
2000-05-17,91.67225646972656,92.32353407220255,91.23807140140924,92.00776311342632,5907200
2000-05-18,90.54731750488281,92.402471786805,90.54731750488281,91.9682867420998,4325600
2000-05-19,89.12638092041016,90.45854006835694,88.67246002555422,90.03422271012204,6518400
2000-05-22,88.45532989501953,89.34343561685708,86.52123298968444,89.20528583790457,10839400
2000-05-23,87.15282440185547,88.92903685569763,86.87652468681335,88.69220852851868,7979200
2000-05-24,88.57377624511719,88.85007590363583,86.20549345781458,87.15280657273563,11081500
2000-05-25,87.0541763305664,89.56061033509643,86.97523352727411,88.85012510546586,8278900
2000-05-26,87.15282440185547,88.21855187416077,86.72850698232651,87.66595244407654,4814000
2000-05-30,89.99476623535156,90.27106595624959,88.08040388341536,88.41591068736295,5362700
2000-05-31,90.19207000732422,90.94202595049235,89.73814930488037,90.03418454560462,6056500
2000-06-01,91.77098083496094,91.84992361417382,90.31053941952285,90.74472470519363,8961600
2000-06-02,93.36954498291016,94.15897254564878,93.1425845586228,94.06029410030645,8962200
2000-06-05,92.9156494140625,93.6063987193922,92.75776385855858,93.1327420528804,6998100
2000-06-06,92.50121307373047,93.33011235879482,92.14597052298859,92.59989156004765,4858900
2000-06-07,93.14259338378906,93.4682322842727,92.20514806421497,92.599861882983,4919500
2000-06-08,92.77751159667969,93.31037541567785,92.24464777768154,93.1524898396784,5723100
2000-06-09,92.58010864257812,93.44847887925972,91.96830233946153,93.15244357130008,3085300
2000-06-12,91.49466705322266,92.81695840192108,91.49466705322264,92.81695840192108,3678900
2000-06-13,93.21168518066406,93.31036365322457,91.33679420201425,91.45520836908686,6558700
2000-06-14,93.36954498291016,94.02082272216951,92.95509551247238,93.62610894080021,6420500
2000-06-15,93.56688690185547,93.94186493415567,92.73798809361291,93.54715121594494,5881200
2000-06-16,92.79808807373047,93.88610658663927,92.3430985137868,93.88610658663927,5567900
2000-06-19,93.98505401611328,94.42026159101425,92.5805204789329,92.71899561640139,5106900
2000-06-20,93.64871215820312,94.24217674729186,93.05524756911439,93.80696938196012,6480000
2000-06-21,93.60919189453125,93.96527081551636,92.98605378280729,93.01572702622272,3115000
2000-06-22,92.18485260009766,93.49047497597887,91.78920945589124,93.4113463471376,7490500
2000-06-23,91.39354705810547,92.50134762850675,91.07703260941939,92.30352609807794,4863300
2000-06-26,92.57058715820312,92.58047823493763,91.71006348230146,92.02657793780553,5201300
2000-06-27,91.8880844116211,92.87719188645016,91.79906473888647,92.4123113732805,4159500
2000-06-28,92.14525604248047,93.045343880594,91.98699884017479,92.18482034305688,5347700
2000-06-29,91.27485656738281,92.263964245833,90.84954026564922,91.63093533162487,6345700
2000-06-30,91.9672622680664,92.16508386898717,91.08695614396898,91.11662938410709,7420200
2000-07-03,93.23326873779297,93.33217948332425,91.90786474767368,92.06612194052376,1436600
2000-07-05,91.55181121826172,92.83765126346202,91.39355398192937,92.65961187258813,2748200
2000-07-06,92.26397705078125,92.71896664601452,91.29465139137125,91.74964098660452,5963200
2000-07-07,93.74766540527344,94.18287296782167,92.58051785116685,92.85746811824299,3034800
2000-07-10,93.58938598632812,94.261979333091,93.39156441375081,93.60916814358586,2816100
2000-07-11,93.78719329833984,94.4004400800839,93.154164362346,93.35198590484407,5431600
2000-07-12,94.40045928955078,95.03348835435918,94.12350907369712,94.4993700809271,5883000
2000-07-13,94.81586456298828,95.19172549073642,94.44000363524016,94.94444856458632,5356000
2000-07-14,95.7456283569336,95.7456283569336,94.74662954866393,95.23129233683436,5341900
2000-07-17,95.5873794555664,96.21051738041126,95.38955789212359,95.57748837739426,4208300
2000-07-18,94.8060073852539,95.35001681730283,94.5389482095208,95.35001681730283,4262100
2000-07-19,94.04440307617188,94.89503608674725,93.8465814458055,94.61808580423434,8506800
2000-07-20,95.35000610351562,95.35000610351562,94.20264088484262,94.32133383849845,4538900
2000-07-21,93.49048614501953,94.79610867687973,93.49048614501953,94.79610867687973,5656900
2000-07-24,92.95635223388672,94.2323013122195,92.77831282760773,93.7674206402688,5628500
2000-07-25,93.25306701660156,93.58936360957615,92.91677042362697,93.53001715199241,4757100
2000-07-26,92.34310913085938,93.15417757009786,92.1947429529499,93.03548462777027,12062500
2000-07-27,92.0266342163086,92.81792083897676,91.59142657384109,92.38271319650927,7652600
2000-07-28,89.949462890625,92.36288591078252,89.58349300642078,92.24419297536494,6229500
2000-07-31,90.52315521240234,91.23531290201039,89.92969047106229,90.483590896313,5265500
2000-08-01,91.07704162597656,91.61115981101162,90.6022699059454,90.91878438596618,3946600
2000-08-02,91.53206634521484,92.04640257278683,90.91881930464824,91.07707660543963,7439800
2000-08-03,92.16508483886719,92.30355996096894,90.28577961034338,90.44403689274539,4607100
2000-08-04,92.65966796875,92.87727180044433,92.04642080670234,92.62010363571467,3686600
2000-08-07,93.76744079589844,93.96526240095308,92.65963980759247,92.87724357315257,4159800
2000-08-08,94.12350463867188,94.20263326804445,93.37178265963246,93.37178265963246,3658700
2000-08-09,93.33222961425781,94.45981271896589,93.29266529479438,94.41035731963659,5383800
2000-08-10,92.87725067138672,93.59929958501944,92.60030040314403,93.39158688383742,4193400
2000-08-11,93.31239318847656,93.68825400479649,92.14524644306209,92.81783948279246,5089400
2000-08-14,94.49939727783203,94.6774367535491,93.09486363606396,93.54985340734093,2966700
2000-08-15,94.4202651977539,94.83569062602812,94.044404095982,94.53895817726084,5564600
2000-08-16,94.08393096923828,94.91478149503895,93.58937708483312,94.51913838751481,5191600
2000-08-17,95.072998046875,95.2312552221507,93.90585137921674,94.12345499522083,5652200
2000-08-18,94.75657653808594,95.19178419650721,94.4598440437078,95.19178419650721,4626400
2000-08-21,95.27088165283203,95.40935677151347,94.57850605942483,94.97414925565752,2380600
2000-08-22,95.11261749267578,95.78521087760735,95.0137067007741,95.31043907647918,3075300
2000-08-23,95.48847198486328,95.76542218328633,94.49936413335236,94.83566080286607,5483200
2000-08-24,95.78520202636719,95.90389496568116,95.27086595600669,95.68629124360555,4529000
2000-08-25,95.7456283569336,95.98301421236401,95.54780681074158,95.68628189307599,2822200
2000-08-28,96.07201385498047,96.7940623478677,95.74560837189448,95.74560837189448,5518700
2000-08-29,96.09180450439453,96.1412598849938,95.52801316556277,95.86430975363785,3561900
2000-08-30,95.1719741821289,95.90391412075678,95.17197418212889,95.78522115773605,3964800
2000-08-31,96.43803405761719,96.91280591759315,95.52805465932992,95.62696546349159,4863100
2000-09-01,96.53691101074219,97.22928639708971,96.22039654841188,97.01168270423763,3191200
2000-09-05,95.76541137695312,96.34898494349312,95.46867905498364,96.14127231811449,3470800
2000-09-06,94.67742156982422,96.1907568707209,94.65763940902818,95.70609393121805,4322200
2000-09-07,95.48847198486328,95.63683816258991,94.84555188138118,95.11261100128912,4265500
2000-09-08,94.83570861816406,95.2709162922566,94.52908502959887,95.13244112322715,3518200
2000-09-11,94.69718170166016,95.70607166756461,94.1234991720282,94.79609248263118,3937500
2000-09-12,94.00480651855469,95.11260726877333,93.96524220604687,94.79609276871086,4769100
2000-09-13,94.25214385986328,94.5389853093266,93.47074818718733,93.68835204540089,7691600
2000-09-14,94.72689819335938,94.91482876302355,93.78724534503849,94.87526443256793,3397100
2000-09-15,92.65438842773438,94.0822814000796,92.65438842773438,94.04261770640335,4085700
2000-09-18,91.80162811279297,93.26918492427421,91.51406630513786,92.89237979700201,5109300
2000-09-19,92.63461303710938,92.85276348528069,91.83142275066045,92.09915284614343,6588200
2000-09-20,91.95037841796875,92.67424098936006,90.84971067242851,92.45609062537912,6508100
2000-09-21,90.55225372314453,92.37678445957232,90.51259001148306,91.68266950549653,5972300
2000-09-22,92.19829559326172,92.21812744862702,90.38368082733713,90.51258788721155,7791300
2000-09-25,91.54385375976562,92.69410148898278,91.2067121839606,92.6147740593816,9726300
2000-09-26,90.3737564086914,92.01980024935882,90.3737564086914,91.62316317931848,5302400
2000-09-27,90.84972381591797,91.36535202356126,90.19527262929381,91.10753791973961,7186200
2000-09-28,92.01982879638672,92.86268283169845,90.68117826971515,90.86958093643189,7036400
2000-09-29,91.14717102050781,92.63455958154744,91.14717102050781,92.31725002185898,9333600
2000-10-02,91.28606414794922,91.96034748078222,90.83984723651562,91.56371022617458,5517800
2000-10-03,90.43328094482422,92.49579436988162,90.29445792582997,91.7223518354851,9347200
2000-10-04,91.1868667602539,91.5438401403506,89.95729178436531,90.67123854455869,6148900
2000-10-05,91.5041732788086,91.9206422079059,90.94888137334551,91.00837693464513,4566900
2000-10-06,89.52102661132812,91.79177484947546,88.68808839296841,91.30589422209896,10014900
2000-10-09,88.8467025756836,89.67964041233063,88.45006551061358,89.67964041233063,4508000
2000-10-10,87.3791275024414,89.63995830935886,87.3791275024414,88.90617988956987,6104700
2000-10-11,86.64537811279297,87.97411245327297,85.75294460053027,87.33949306677505,10346000
2000-10-12,84.48371887207031,87.31967469336281,84.26556842427858,87.12135610446124,12336900
2000-10-13,87.29985809326172,87.35935368033118,84.32507873978847,84.36474246450145,11778800
2000-10-16,87.69646453857422,87.72621232166057,86.74453547981086,87.20066815380163,5659000
2000-10-17,85.51493835449219,87.93442408715639,85.29678800154704,87.85509668608543,7831700
2000-10-18,85.19766998291016,86.38758157485024,82.59969634050763,84.16641326989541,10897300
2000-10-19,88.41043090820312,88.49967427722217,86.58589980825815,86.84371398542429,8767300
2000-10-20,88.7872314453125,89.60033765242838,87.81547036851546,87.81547036851546,7373500
2000-10-23,89.18389129638672,89.50120111643169,88.17246624499342,88.80708588508334,5290000
2000-10-24,88.58889770507812,90.07628685392095,88.21209245403796,89.46149933906592,5750700
2000-10-25,86.5065689086914,88.56908224351578,86.38757775475923,88.05345390980969,9137600
2000-10-26,86.74455261230469,87.3593402508464,85.05884457114193,87.02219864261384,9345800
2000-10-27,88.39057922363281,88.3905792236328,86.7048715202429,87.49814573360285,9762900
2000-10-30,89.18389129638672,89.54086484393731,87.67666965117316,87.85515642494845,10154100
2000-10-31,90.7208023071289,91.18685080515438,88.88635609149672,89.49122754638084,7752400
2000-11-01,90.41345977783203,90.90925633287608,89.62018528976157,90.2746367424197,6753600
2000-11-02,90.5621566772461,91.3256830173477,90.44316555930818,90.84971854559605,11395100
2000-11-03,90.61177062988281,91.22655830541933,90.3539564433675,91.04807156090872,5187100
2000-11-06,91.2463607788086,91.57358637169065,90.77039628007105,90.84972369652732,4042500
2000-11-07,91.22652435302734,91.38517917798913,90.47291393445886,90.83980321718299,5231300
2000-11-08,89.20367431640625,91.42484184051419,89.20367431640625,91.42484184051419,6123300
2000-11-09,88.86654663085938,89.62015715796775,87.10151144894763,88.84671477488284,10635300
2000-11-10,86.70487976074219,88.50957876765608,86.64538418908569,88.21210090937358,8569500
2000-11-13,86.03059387207031,86.93294334675431,84.4142975602737,86.07025758524324,17285300
2000-11-14,88.29141998291016,88.60872966838333,86.94285381964917,87.24033164978027,7668900
2000-11-15,88.56903839111328,88.91609575158002,87.41879113928064,88.25172880440083,8837700
2000-11-16,87.1808853149414,88.76743463823425,87.1412215818591,87.9444121767761,6684100
2000-11-17,86.71478271484375,88.21208771083477,86.14957486867496,87.14116758125179,6551100
2000-11-20,85.47531127929688,86.54623165263376,85.2373289741109,86.1495944773238,5458500
2000-11-21,85.91159057617188,86.42721877445915,84.73159527624523,85.5942809156874,7684300
2000-11-22,83.8590087890625,85.59429630686857,83.84909286038933,85.25715473198053,5736900
2000-11-24,85.57443237304688,85.65375977269744,84.80099022645386,84.80099022645386,3411600
2000-11-27,86.32806396484375,86.74453291574237,85.87193130433572,86.60570993210949,5992000
2000-11-28,84.84068298339844,86.68504565695058,84.81093519834114,85.75294839182207,5336100
2000-11-29,84.68201446533203,86.2487308922082,84.57293927105584,85.27697007047489,6914100
2000-11-30,83.94824981689453,84.72169223193325,82.3418694164295,84.08707281446559,11201600
2000-12-01,83.90857696533203,85.07865638886183,83.13513463452419,84.52336445905108,7587200
2000-12-04,84.62252044677734,84.95966196250157,83.45244106867567,83.69042331506924,6996600
2000-12-05,87.39900970458984,87.73615133494565,85.29683248001837,85.59431038915584,8883400
2000-12-06,86.00084686279297,87.79562990005407,85.69345308293057,87.43865647827838,12888000
2000-12-07,84.82087707519531,86.22893933199654,84.82087707519531,85.59431972329739,6529100
2000-12-08,85.0191650390625,88.50957162802331,84.9596694722052,86.98251874535295,10276300
2000-12-11,87.97410583496094,88.56906146504409,86.76436272045855,87.18083166151675,6405600
2000-12-12,87.5973129272461,88.09310935540573,87.180843927592,87.69647221287802,5022900
2000-12-13,86.3974380493164,88.46986597911177,86.32802658755293,88.37070674802109,6070500
2000-12-14,85.29679870605469,86.6255328407456,85.05881647297572,86.22889578561399,7678400
2000-12-15,83.37026977539062,84.74286548393322,83.11166478682463,84.74286548393322,9065300
2000-12-18,84.4842300415039,84.96165446368335,83.87750317165086,84.0664836720969,7235400
2000-12-19,82.76349639892578,85.9164862268863,82.76349639892578,84.3250718026791,9616600
2000-12-20,80.36643981933594,82.07721056796537,80.26697640371795,81.87828373672939,9994300
2000-12-21,80.92342376708984,82.02746752792405,79.90889706794492,80.20728727357579,14331500
2000-12-22,83.35034942626953,83.45975919281952,82.0175395428423,82.11700296697866,10182900
2000-12-26,84.24555206298828,84.24555206298828,82.93263436850016,83.29070283063328,4665300
2000-12-27,84.8622055053711,85.13075678861593,83.54928812061851,83.86757112298277,4854100
2000-12-28,85.12083435058594,85.22029781675862,84.40469739414259,84.54394624678434,8358700
2000-12-29,83.5094985961914,85.47887457547272,83.5094985961914,85.33962576885686,8774600
2001-01-02,81.99763488769531,84.1261518534846,81.20192761076474,84.02668844386828,8737500
2001-01-03,85.93643188476562,86.572998046875,81.2616491317749,81.67939567565918,19431600
2001-01-04,85.01139831542969,86.2347985719873,84.66327629120599,85.89662289131284,9219000
2001-01-05,82.23636627197266,85.06112776462386,82.23636627197266,84.96166433178404,12911400
2001-01-08,82.87293243408203,82.87293243408203,81.281517504959,82.67400556794166,6625300
2001-01-09,82.65408325195312,83.70839526455325,82.38553207893234,83.41995141204944,5702400
2001-01-10,84.10624694824219,84.10624694824219,81.99762297082646,82.1169790450198,8746100
2001-01-11,84.18582153320312,84.97158239108627,83.449792375186,83.449792375186,7245100
2001-01-12,84.0267105102539,85.12080830335617,83.5691787058657,84.46434962749481,7244000
2001-01-16,84.56379699707031,84.78261651411755,83.71835795393329,84.0266945461362,8542200
2001-01-17,84.95173645019531,85.96626368563847,84.43452648702822,85.83696119484668,7851400
2001-01-18,85.79718780517578,86.384022268485,84.62351887855733,84.94180197730131,8107000
2001-01-19,85.30974578857422,86.69228684775713,85.22022874157676,86.69228684775713,7782500
2001-01-22,85.8767318725586,86.43372712213738,85.02134631070545,85.4589854353745,7050900
2001-01-23,86.55308532714844,86.99072446233511,85.39930942529263,85.59823630492293,8463100
2001-01-24,86.81170654296875,87.40848729372243,86.47353078420832,86.73213577620159,6199900
2001-01-25,86.59286499023438,87.36867976960933,86.3541527504267,86.73211379678885,10818300
2001-01-26,86.49340057373047,86.65254206512648,85.58828334141567,86.03586878596694,7136800
2001-01-29,86.95488739013672,87.14584934907137,86.1719045056137,86.25466116330054,6705900
2001-01-30,87.71882629394531,87.79521113144592,86.43932198643257,86.76397697226935,7069100
2001-01-31,87.2222671508789,88.29169325954503,86.95491062371238,87.46415560123415,9706900
2001-02-01,87.80154418945312,87.81427822922491,86.73211796605518,87.27320295425324,8239100
2001-02-02,85.80908203125,87.83972872989597,85.7772517948037,87.46414748098874,8276600
2001-02-05,86.43927764892578,86.53476836005085,85.77725339929182,85.80908363633351,4352900
2001-02-06,86.18463134765625,87.01853087614951,86.07641634221731,86.12734276475715,7106700
2001-02-07,85.73905181884766,86.19100811147868,85.09611412441754,85.75814801638285,5748700
2001-02-08,84.73966217041016,86.19103186236727,84.72693784402941,85.80909809319375,5943300
2001-02-09,83.92483520507812,84.88605580776495,83.55562586465038,84.88605580776495,9913000
2001-02-12,84.88610076904297,84.98158180713028,83.83576078393897,83.83576078393897,5804400
2001-02-13,84.1922378540039,85.40808156564128,84.02673414714315,85.10889468972572,6587600
2001-02-14,84.06494140625,84.44051318037995,83.17375249929239,84.44051318037995,8400100
2001-02-15,84.87971496582031,84.99430190595488,84.02035662433298,84.56143194010787,5929800
2001-02-16,83.00822448730469,83.57476798874187,82.30800752989036,83.39016807369714,6434900
2001-02-20,81.72870635986328,83.4792628172048,81.54410649818128,83.41560233346559,5760000
2001-02-21,79.96541595458984,82.01515422294146,79.88902629262267,81.41678553567667,10910800
2001-02-22,80.08636474609375,80.5510600504715,78.31034507119632,80.43011095961708,21281600
2001-02-23,79.54527282714844,79.91448220798641,77.5337271453572,79.62166248213254,20173000
2001-02-26,81.23853302001953,81.23853302001953,79.25244588088927,80.07998340301317,11503700
2001-02-27,80.48738861083984,81.37857692643135,79.89538216884716,80.71655270816683,11415000
2001-02-28,78.90234375,80.74201886814099,78.46947873063668,80.68473026658134,14825800
2001-03-01,79.31611633300781,79.31611633300781,77.50190434833245,78.96600797476535,14672000
2001-03-02,78.68590545654297,79.98450037910462,77.85200574345471,77.97931697137541,12564300
2001-03-05,79.40522003173828,79.4306832476539,78.81321361738259,79.02964852435947,5293200
2001-03-06,80.25818634033203,81.32124965160027,79.88261013744334,80.43005690327448,6917000
2001-03-07,80.83116912841797,80.86936154200887,80.0545576746418,80.78024267255398,6371700
2001-03-08,80.92027282714844,80.99665764000984,80.2964360013054,80.58925578270495,6055000
2001-03-09,78.52677917480469,80.27096858890243,78.36763768083121,80.27096858890243,10020300
2001-03-12,75.16567993164062,77.97929919411936,74.95561208251065,77.87744634971298,13972900
2001-03-13,76.40061950683594,76.66798081401092,74.81557214236678,76.00595184836892,12888000
2001-03-14,74.89197540283203,75.9359430386777,73.68249928131948,74.5100368530418,19883400
2001-03-15,74.9111099243164,75.66225822770286,74.70740893644626,75.4012637569177,10370300
2001-03-16,73.40857696533203,74.9340656261729,73.28091805603584,74.76172731604541,58514600
2001-03-19,74.90215301513672,75.11917073575444,73.28730548076035,73.88729020693263,10067800
2001-03-20,72.89160919189453,75.61068466622646,72.83416630165348,75.25324925221388,15083900
2001-03-21,71.65328979492188,73.56812914370352,71.42350868349301,72.87878580941694,19004600
2001-03-22,70.9256362915039,71.87028744422037,68.95973380547944,71.50008407938058,28624800
2001-03-23,73.07028198242188,73.18517255431598,71.1682058187727,72.28519559619738,12861700
2001-03-26,74.002197265625,74.21282600025961,73.25540583844328,73.84900653355703,9943800
2001-03-27,75.514892578125,75.73191027397068,73.58090528159806,73.79792297744375,12880700
2001-03-28,73.42771911621094,74.64683117364429,73.3383603212028,74.61492010096373,10953300
2001-03-29,73.7085952758789,74.35963889867962,71.57673700182328,73.21073265880638,12060300
2001-03-30,74.48087310791016,74.48087310791016,73.08303875593731,73.75323450899818,9183600
2001-04-02,72.89160919189453,74.92134076518023,72.63630096456684,74.2320017338263,10561000
2001-04-03,70.45970916748047,72.85964266193383,70.24907565747586,72.75113626090913,12836000
2001-04-04,70.75332641601562,71.55117629637144,69.76399548618794,70.5746088219662,14884300
2001-04-05,73.43408203125,73.71492179015081,71.80646683511237,72.31709254714825,21522800
2001-04-06,72.31713104248047,73.01923811800458,71.52566028054609,72.75754096211735,14937800
2001-04-09,73.12136840820312,73.39582905241112,71.98523058277634,72.76393310214279,9034300
2001-04-10,74.45533752441406,75.15744431048947,73.51068130464273,73.68939886440502,17873600
2001-04-11,74.50640106201172,75.94890986250735,74.12981345856319,75.81487169271024,12722300
2001-04-12,75.85955047607422,75.91699818820693,74.01492231124848,74.23193996753352,9233200
2001-04-16,75.06171417236328,75.88509581572876,74.62130435916897,75.50212885524668,7350000
2001-04-17,76.12126159667969,76.37657452846815,74.69151112653996,74.87661288034437,10924700
2001-04-18,79.1467056274414,80.42326539562595,77.0340007693965,77.27016120990965,32481600
2001-04-19,80.1998519897461,80.32112183150588,78.87861309497752,79.30625936103625,13809900
2001-04-20,79.4658432006836,80.04029605318053,78.92969045147905,79.72115612064766,7626700
2001-04-23,78.02333068847656,79.07649345794596,77.81270203033388,78.92330765119974,8451800
2001-04-24,77.6020736694336,78.9233129061024,77.29569716585287,78.20205348150813,10044700
2001-04-25,78.6169204711914,78.93606036580826,77.19993855994242,77.4999308400324,8249000
2001-04-26,78.96798706054688,79.9254068748218,78.82756470863632,78.97437122282163,10590400
2001-04-27,80.2828369140625,80.3211321458845,79.27435360544791,79.73391586606665,7938700
2001-04-30,80.84452056884766,81.23386676077885,79.57434028010076,80.71047752757218,10766900
2001-05-01,81.09342193603516,81.15724891958554,79.52963405577376,79.82962623511597,10578000
2001-05-02,80.94664001464844,81.50194516611349,80.42325079947115,81.32322761015365,9572900
2001-05-03,79.91902923583984,80.51901392672563,79.2871334703536,80.50624560113393,9926200
2001-05-04,81.27857208251953,81.28495624597144,78.78928400216115,78.92332221651199,12145300
2001-05-07,80.57643127441406,81.30406977272905,80.57005198332712,80.97216645775767,7185200
2001-05-08,80.53816986083984,81.12538628676293,80.14243451135782,80.97220045167211,6952600
2001-05-09,80.1998519897461,80.77430474175158,79.82326440299715,79.94453911444499,9507400
2001-05-10,80.43602752685547,81.38068388242839,80.27645755845856,81.22749807628026,6872400
2001-05-11,79.88072204589844,80.7360146843682,79.40201217131617,80.4232589298206,7734400
2001-05-14,80.0403060913086,80.06583787347593,79.44032138460022,79.7211661187513,7914000
2001-05-15,80.41048431396484,80.74238763827368,79.68922508644556,80.13602382918161,9782200
2001-05-16,82.30619812011719,82.46576810861659,79.54244962027158,79.6828671196118,14909000
2001-05-17,82.4338607788086,83.02746626254562,82.05727790404156,82.33812267145433,11824600
2001-05-18,82.8104476928711,82.8104476928711,81.76366892053646,82.3955598643401,6683100
2001-05-21,84.029541015625,84.1508157492628,82.43384134013361,82.8742560088697,11531500
2001-05-22,83.92103576660156,84.31038688237925,83.65934841813042,84.14443762000998,8342700
2001-05-23,82.49767303466797,83.64657874627586,82.49767303466797,83.64657874627586,12330800
2001-05-24,82.74022674560547,82.97638719255241,82.05088328328038,82.63809962391767,7902800
2001-05-25,81.76363372802734,82.78487540767804,81.63597486580525,82.7529594747006,7425000
2001-05-29,81.1125717163086,81.92318952513548,80.99768119496648,81.84021006157977,9003900
2001-05-30,79.97647857666016,81.11899538603032,79.78499264643293,80.7998554154446,10041800
2001-05-31,80.391357421875,80.90836749062395,79.95094756958682,80.05945399191219,9874200
2001-06-01,80.88922119140625,81.12538165918141,79.8615900698144,80.55092872324657,8848300
2001-06-04,81.27857208251953,81.33601981420698,80.47434279641446,80.93390517115445,5623500
2001-06-05,82.21047973632812,82.48493550745788,81.23390708199649,81.37432948469872,9115400
2001-06-06,81.52750396728516,82.22961097116826,81.29133862165702,82.22961097116826,12064900
2001-06-07,81.82109832763672,81.92322544457954,81.06154372186367,81.09345966333055,7355300
2001-06-08,81.06153869628906,81.61684390343817,80.51261765097532,81.50833263099156,8170600
2001-06-11,80.48709106445312,81.05515976222271,80.04668126318111,80.87644217681506,7012200
2001-06-12,80.34667205810547,80.8955931616751,79.17223937956807,79.69562870277524,9364400
2001-06-13,79.65731811523438,80.79345533911228,79.56157517474942,80.5317582930993,7629400
2001-06-14,77.87015533447266,79.33820119439186,77.71058534403316,79.26160584589263,12603000
2001-06-15,77.99559020996094,78.34764448305344,77.06745422968179,77.39390411168228,16821100
2001-06-18,77.61796569824219,78.37327842789357,77.3939332961295,77.86760250110204,11368300
2001-06-19,77.95721435546875,78.66131827363216,77.38112755568415,78.3348682731642,7732300
2001-06-20,78.36688232421875,78.64212354966261,77.51555424510862,77.5731653722455,8787200
2001-06-21,79.25657653808594,79.57022177543908,78.18761887355923,78.23242533603825,12259100
2001-06-22,78.63569641113281,79.10936550419777,78.19403403232505,79.04535695922233,12212000
2001-06-25,77.91231536865234,79.01327886025553,77.77149377551227,78.91086138032303,8406800
2001-06-26,77.80358123779297,78.34125891507523,77.17628573075768,77.38751833977827,8005800
2001-06-27,77.75875854492188,78.24522732759787,77.39390451614575,77.8355668350611,10105100
2001-06-28,78.1876449584961,79.33341617675501,78.04682320557022,78.09162968299756,10269300
2001-06-29,78.47566986083984,79.37820642908969,78.25803983883107,78.60369182984981,9824200
2001-07-02,79.45503997802734,79.57665966635325,78.48849944341094,78.60371681036698,8522200
2001-07-03,79.435791015625,79.435791015625,78.76369417466005,79.35898273867898,3303100
2001-07-05,77.88679504394531,79.14778354598675,77.87399528690904,78.77652710592125,5517900
2001-07-06,76.2033462524414,77.7651754397372,76.2033462524414,77.64995809215854,11665900
2001-07-09,76.61939239501953,77.15707489479958,76.29934479957912,76.4849729909592,8339300
2001-07-10,75.69762420654297,77.2210483097685,75.66561750814309,76.99701607157895,8630700
2001-07-11,75.77446746826172,76.10091738528453,74.94874408022682,75.59524159492803,15328600
2001-07-12,77.57315063476562,77.75237653662538,76.3697683504966,76.4913880197041,12002800
2001-07-13,78.2452392578125,78.29644804807208,77.20828811452068,77.34910496242598,10433800
2001-07-16,77.26585388183594,78.27080266764385,76.99701519905491,77.9443529051032,6915300
2001-07-17,77.98918914794922,78.05960000370224,76.70260143872736,76.93943351395272,7469800
2001-07-18,77.45791625976562,77.8611744503092,76.8498229309337,77.1698705092015,7709300
2001-07-19,78.13640594482422,78.71889480966911,77.29788295571218,78.20681679405905,10082900
2001-07-20,77.66913604736328,78.05319700903854,77.40029728102098,77.54752130080156,6705800
2001-07-23,76.13929748535156,78.01477601071059,76.13929748535156,77.9635721227445,8065200
2001-07-24,75.40321350097656,76.29934283834419,74.73111161441223,76.17132575687414,12269000
2001-07-25,76.23536682128906,76.4786062168075,75.18561067806203,75.48005399789004,12088500
2001-07-26,77.03543853759766,77.35548606362302,75.88966780840234,76.2097153344277,12898200
2001-07-27,77.32989501953125,77.67554699330873,76.75381328010732,77.34269965756293,8478800
2001-07-30,77.35550689697266,77.67555450919309,77.00345745365357,77.57314181272284,8547700
2001-07-31,77.67555236816406,78.52688016525401,77.32350293454878,77.45152002249273,11918100
2001-08-01,78.16199493408203,78.53964861144533,77.80354332390169,78.07238203153695,11940800
2001-08-02,78.48204803466797,78.89170844238765,78.02117885509901,78.87890869119397,11070100
2001-08-03,78.0532455444336,78.32208447794643,77.3875456493963,78.32208447794643,10816300
2001-08-06,77.00345611572266,77.77797073781429,76.87543414293545,77.67555315958452,8550100
2001-08-07,77.30427551269531,77.57951657409978,76.75379827342395,76.98422799401744,8865100
2001-08-08,75.87051391601562,77.55396809736729,75.80650534687263,76.88826823449031,15183800
2001-08-09,76.09452056884766,76.15213168003618,75.44162557112557,75.97930323000975,14118500
2001-08-10,76.35694122314453,76.70899058030842,75.10875291082397,76.04329600731616,11173300
2001-08-13,76.3761978149414,76.71544766167948,76.04974772993968,76.55542378049802,7431600
2001-08-14,76.34416198730469,77.03546606257329,76.04332130752134,76.90104663963875,13178100
2001-08-15,75.68487548828125,76.56180790681131,75.58246276810686,76.31857342329953,8520600
2001-08-16,75.94729614257812,76.01130468560561,74.8911380902388,75.4032162015363,10734700
2001-08-17,74.73112487792969,75.4480333586016,74.25745573217584,75.30721161386788,11604600
2001-08-20,75.42243194580078,75.46723842239471,74.60311072606044,74.76313455440159,10417400
2001-08-21,74.13582611083984,75.87688584189362,74.12302635555511,75.40321675973713,14480800
2001-08-22,74.9039306640625,75.16637201391424,74.11021406283336,74.73110712610375,11752300
2001-08-23,74.63512420654297,75.22401081466985,74.56471332040384,74.86555894599095,8744100
2001-08-24,76.18412017822266,76.25453103316356,74.7247040640627,75.02554955634868,11687700
2001-08-27,75.72966766357422,76.29935204688663,75.69766583111372,76.1521328737821,7425100
2001-08-28,74.62229919433594,75.84487848044533,74.62229919433594,75.7104590751792,12046600
2001-08-29,73.95662689208984,75.00638301120361,73.7197898238781,74.97437628614722,16180000
2001-08-30,72.53559112548828,74.08462040699,71.71627001406719,73.51493604409441,17692600
2001-08-31,73.06687927246094,73.4637352319134,72.41397933345917,72.58680779877005,15985400
2001-09-04,72.599609375,74.35987148930424,72.5676075394092,72.87485055548734,24473400
2001-09-05,72.77882385253906,73.09247402343571,71.65865722843687,72.77882385253906,21477100
2001-09-06,70.90335083007812,72.52279596354533,70.90335083007812,72.1067330618014,21653000
2001-09-07,69.59115600585938,71.21059619872018,69.53354489421329,70.42327689648495,33133900
2001-09-10,70.44247436523438,70.63449998325797,68.93824683125432,68.93824683125432,23408700
2001-09-17,66.76192474365234,68.10612355466758,64.00951370109014,64.64960883810105,32388700
2001-09-18,66.60192108154297,67.40204024454306,66.16025374083418,66.78114699268862,22029200
2001-09-19,65.25770568847656,66.889950451964,63.08778328459358,66.6339113874018,42771800
2001-09-20,63.18381881713867,65.16811365797496,63.087803526678414,64.26558164814584,36210900
2001-09-21,62.50212097167969,63.600790492447786,60.26623367035434,60.57462955239583,49782100
2001-09-24,64.69945526123047,64.99500823745362,63.64576042156189,64.06981085555387,25549600
2001-09-25,65.37408447265625,65.53470875882985,64.18546573534444,64.73158732796185,25466200
2001-09-26,65.14278411865234,65.79170759745608,64.52598745734089,65.7595807799638,18587500
2001-09-27,65.7081527709961,65.7210054534453,64.24968703218482,65.05280812008714,20536800
2001-09-28,67.10240936279297,70.43054506608641,65.85596322199463,66.16436403585466,21687200
2001-10-01,66.99315643310547,67.02528324212429,66.06796413609031,66.75543569307249,20457400
2001-10-02,67.83488464355469,67.83488464355469,66.59486431969525,66.81973745575955,19833100
2001-10-03,68.97206115722656,69.31258382828865,67.04456990047018,67.20519417186654,32045800
2001-10-04,69.02991485595703,70.01293498872536,68.58659012868283,69.5760366072877,32674100
2001-10-05,68.89498138427734,69.14555491639103,67.79630678732974,68.90782917229076,29796100
2001-10-08,68.44519805908203,68.9399234466615,68.02115262873369,68.27814748258716,12970300
2001-10-09,68.07902526855469,68.58659881286448,67.84772580780931,68.49664956722641,15976300
2001-10-10,69.59529113769531,69.74306763911277,67.7962971557665,67.97620047545077,19987400
2001-10-11,70.6746826171875,70.8674337123436,70.00005868600512,70.00005868600512,23006300
2001-10-12,70.35344696044922,70.60402048898108,68.93995500966102,70.12857390944176,31360500
2001-10-15,70.22491455078125,70.32128516624012,69.42821484933009,69.7944378936611,16873000
2001-10-16,70.66826629638672,71.06661632867072,70.0000686141029,70.54619516054757,15877100
2001-10-17,69.16484069824219,71.41358142292906,69.16484069824219,71.36218045848842,28542300
2001-10-18,69.01704406738281,69.49249549730636,68.58657214465536,69.27404391293472,16510000
2001-10-19,68.97206115722656,69.33186285842177,68.11111741543665,68.7471881576444,21912500
2001-10-22,70.33412170410156,70.39837040027977,68.88207764153968,68.93990489940299,17540600
2001-10-23,69.97435760498047,70.85457544561677,69.6338300434374,70.64897658117651,22062500
2001-10-24,69.78803253173828,70.3213013669615,69.53103272696097,70.0193318658515,16065200
2001-10-25,71.04086303710938,71.06013715465654,68.58009939179148,69.03627148056518,27467900
2001-10-26,70.8802490234375,71.82472013362988,70.46262510984648,70.64252343524281,18623300
2001-10-29,69.03633117675781,71.02807667783367,69.03633117675781,70.7775031293256,18727500
2001-10-30,68.20750427246094,69.1969456347445,67.82200203567407,68.97207259786187,26178600
2001-10-31,67.97620391845703,69.29974654676857,67.97620391845703,68.68294983934578,28124200
2001-11-01,69.71736907958984,70.03861766362388,67.91194870405074,68.4901971356849,29806800
2001-11-02,70.19281005859375,70.27633291916405,69.30616580147202,69.6723889622249,17575900
2001-11-05,71.11158752441406,71.37500881719211,70.64256242984807,70.75179067501402,15929500
2001-11-06,72.21665954589844,72.26806047933165,70.57829033122012,70.8995388123835,23245800
2001-11-07,72.12029266357422,72.6792668524527,71.72836907744046,71.81189192788113,19716000
2001-11-08,72.34517669677734,73.29607461702726,71.89543066130626,72.51865366893344,22563500
2001-11-09,72.42227172851562,72.5764696553782,71.59987624943024,72.12029731625627,15895800
2001-11-12,71.97894287109375,72.37729280202669,70.6746746594047,71.31717170176293,26068800
2001-11-13,73.59805297851562,73.59805297851562,72.717830088621,72.88488072578399,15296200
2001-11-14,73.66869354248047,74.14413985424561,73.0583185742386,73.99636341717506,17571300
2001-11-15,73.80364990234375,74.00282245164288,73.19970100851508,73.48240132509264,19470200
2001-11-16,73.47594451904297,73.95139084373999,72.85914809465872,73.93854306279671,18134900
2001-11-19,74.38185119628906,74.43325211591842,73.53375562985076,73.83572990534633,13625400
2001-11-20,73.7586669921875,74.40116407434292,73.65586510614804,74.12489013294154,16209700
2001-11-21,73.27033996582031,73.67511120893579,72.92981742610797,73.56588792296425,11470200
2001-11-23,74.32408142089844,74.36905603192737,73.24468585433884,73.27038633233609,6717100
2001-11-26,74.48468017578125,74.74810140660773,73.93213234308575,74.3690305154063,13726000
2001-11-27,74.16344451904297,75.10791609217223,73.3024958088263,74.28552054333873,19261400
2001-11-28,72.82059478759766,73.99636526673649,72.76277242068701,73.72009140937374,20195500
2001-11-29,73.80364990234375,73.8357718189503,72.60217845875341,73.02622893361975,16354700
2001-11-30,73.27676391601562,73.82931157060676,73.257484893948,73.50163682152093,13680300
2001-12-03,72.83990478515625,73.29607718047795,72.60860541543478,73.01980320563644,15220400
2001-12-04,74.073486328125,74.07991267122011,72.82704046830298,73.19326359490816,17239900
2001-12-05,75.42918395996094,75.81468135938132,74.24698637962432,74.27911320535326,25204000
2001-12-06,75.39059448242188,75.77609659805913,75.12717326539031,75.39059448242188,17972900
2001-12-07,74.88944244384766,75.22996504086908,74.3368946782369,75.10789395441742,18857800
2001-12-10,73.48881530761719,74.7802358295996,73.46954117923687,74.43328681316267,13862700
2001-12-11,73.34104919433594,74.3497695037009,73.18042491003027,73.8229220472529,20833300
2001-12-12,73.424560546875,73.7458090651248,72.67284019061769,73.59803749177338,16171500
2001-12-13,71.99822998046875,73.05192492778477,71.98538219412482,72.89130063823215,19026700
2001-12-14,72.68567657470703,72.91697586371961,71.95965680200024,72.17168196723888,16721900
2001-12-17,73.4374008178711,73.47594906494811,72.53790413846117,72.5957265090767,13925900
2001-12-18,73.87432861328125,73.98355195846882,73.46312590446922,73.64945067665865,13663700
2001-12-19,74.39472198486328,74.47824482319437,73.24465186300141,73.30247423526231,20143400
2001-12-20,73.66226959228516,74.40114199789704,73.59802088350636,74.20839096969837,14867900
2001-12-21,74.10906219482422,74.18642879983598,73.62553198062905,74.16063993149872,14037700
2001-12-24,73.96721649169922,74.16707403425559,73.88984990165025,74.03168619071198,5728800
2001-12-26,74.37339782714844,74.92139777803094,73.91565646023605,73.91565646023605,10304800
2001-12-27,74.8246841430664,74.83758103605183,74.30247310779706,74.33471042153711,9407300
2001-12-28,74.7860107421875,75.2695409840551,74.7344330025612,74.97297635928985,10593800
2001-12-31,73.69002532958984,75.0374608411022,73.64489602821682,74.88273251049826,14619500
2002-01-02,74.48299407958984,74.62483039736249,73.37409732470235,74.21221833769138,18651900
2002-01-03,75.32758331298828,75.39850149512151,74.48946694398924,74.56038512612247,15743000
2002-01-04,75.83045196533203,76.06254691817412,75.14061555514164,75.54033081491698,20140700
2002-01-07,75.29533386230469,76.06898032298923,75.14704908266596,75.88201469593355,13106500
2002-01-08,75.12128448486328,75.4694269802813,74.76669845860988,75.29535819193521,12683700
2002-01-09,74.50878143310547,75.93358319123604,74.36049667152461,75.2244065355169,16610300
2002-01-10,74.83759307861328,75.01166181213901,74.33472238317866,74.58615773089598,12823400
2002-01-11,74.10261535644531,74.966520272894,73.94788215333409,74.92139098500076,13708400
2002-01-14,73.63843536376953,74.03815056141381,73.47081016416675,73.9156595744216,12301100
2002-01-15,74.2380142211914,74.39274252850778,73.43213044744579,73.85119099353834,20219900
2002-01-16,72.73583984375,73.75447803243365,72.65202970875342,73.69000831945753,17067000
2002-01-17,73.28385925292969,73.65134212512633,73.10979048977343,73.34188545313185,17283400
2002-01-18,72.94860076904297,73.39989371847513,72.63913923320074,72.851893731672,17028000
2002-01-22,72.44571685791016,73.45145805811094,72.22006550564475,73.33541061818599,11689300
2002-01-23,73.00017547607422,73.20648151848262,72.22007568078331,72.61334734267494,12438900
2002-01-24,73.2258071899414,73.65775961066579,73.0581820271517,73.2644880279994,12142800
2002-01-25,73.20646667480469,73.61263023004949,72.87766479557429,72.92924252539926,12810700
2002-01-28,73.40633392333984,73.61908839792143,72.80030781467366,73.43212279165795,10589200
2002-01-29,71.0982666015625,73.58038684964559,70.94998678895098,73.39986972887192,27720800
2002-01-30,72.12337493896484,73.10332742937628,69.88624082852448,71.1692064004617,34711800
2002-01-31,72.96797943115234,73.04534608533744,71.96223752038023,72.30393163525912,19909200
2002-02-01,72.62625122070312,73.04531179303234,72.3167896679713,72.90991898208907,15838500
2002-02-04,70.8210220336914,72.35542695483181,70.5566948742016,72.35542695483181,24243400
2002-02-05,70.38267517089844,71.23368837328691,69.97006300723888,70.53095997286593,33614000
2002-02-06,70.07964324951172,70.7501390653858,69.66703119646976,70.6921178010785,29486000
2002-02-07,69.64126586914062,70.82752961167152,69.6283738900668,70.09256383632996,23445400
2002-02-08,70.97578430175781,71.40129324097578,69.82176321351811,70.03451276440352,19277800
2002-02-11,71.84613800048828,71.97507741208457,70.80171105915454,70.94999580934122,18792400
2002-02-12,71.62049102783203,72.02021109815904,70.93710325091756,71.5366808970463,13942500
2002-02-13,72.38123321533203,72.55530681289581,71.78810411570431,71.87191915109528,16781100
2002-02-14,72.24584197998047,72.83252752528026,71.94282899888914,72.53596298939073,20453800
2002-02-15,71.49154663085938,72.36189994852046,71.375499193923,72.30387868941389,18366800
2002-02-19,70.11832427978516,71.10472505624006,70.02161726040808,71.01446648314767,15988100
2002-02-20,71.29813385009766,71.29813385009766,69.51229789782714,70.30528955062344,29242800
2002-02-21,69.82177734375,71.32394107206305,69.7959884708156,70.87264809252258,26288600
2002-02-22,70.6856918334961,70.87910594680977,69.54456233737602,69.85401901620763,26572900
2002-02-25,71.85260772705078,72.0847026875298,70.72437024867082,70.75015912413794,17458700
2002-02-26,71.70429229736328,72.23295168556763,71.28523188652166,71.94927911477221,22346500
2002-02-27,71.9815444946289,72.76163944982012,71.33683743228333,72.18140210996418,28597900
2002-02-28,71.65917205810547,72.69070210197195,71.58180546029426,72.09757294158912,23755400
2002-03-01,73.32894897460938,73.39986711506253,71.89125558627147,72.02664342203047,26273600
2002-03-04,74.62480163574219,74.77952986880312,73.27091852933486,73.43209520673388,27184600
2002-03-05,74.38628387451172,75.04388769814369,74.12195659072816,74.35405147921904,22718900
2002-03-06,75.26951599121094,75.52739968498953,74.1864084123187,74.2057488285757,20143200
2002-03-07,75.10836029052734,75.75306724581084,74.50878262536474,75.66280866556905,19330800
2002-03-08,75.42424774169922,76.01093329525155,75.09545081262078,75.67568300215805,19930100
2002-03-11,75.58541107177734,76.01091984880225,75.06320022608467,75.35976471368309,15621800
2002-03-12,75.54031372070312,75.59189145826858,74.74732691021045,74.85047746661756,17153600
2002-03-13,74.8117904663086,75.26953178240446,74.5539067184272,75.19216518242303,17175300
2002-03-14,74.70865631103516,75.06324718036298,74.54747953747247,74.81181180710317,11168100
2002-03-15,75.42049407958984,75.61445724015813,74.93557877894887,74.98083734302948,21220100
2002-03-18,75.43341827392578,76.00885066679916,75.06488286576179,75.71143655958025,17548900
2002-03-19,75.93773651123047,76.12523769201837,75.53040942161007,75.840757394283,17912000
2002-03-20,74.50882720947266,75.37521150233324,74.47650249274943,75.32348603620176,17114500
2002-03-21,74.54117584228516,74.93557398955755,73.78470920550886,74.5476427604015,25846800
2002-03-22,74.3795166015625,74.96141574883995,74.15968584245243,74.67693062510168,15235400
2002-03-25,73.45494842529297,74.58641712570375,73.25451840543435,74.41184490669418,17499600
2002-03-26,73.88169860839844,74.36661394561841,73.36445854171879,73.39678327117845,19947600
2002-03-27,74.07566833496094,74.36015358417977,73.55196133782084,73.7265286925962,19020300
2002-03-28,74.0433349609375,74.85152716678992,74.03040605608192,74.33428711473263,17532900
2002-04-01,74.07566833496094,74.41834105816689,73.38385596939027,73.85584241170204,17711000
2002-04-02,73.6683120727539,74.32132759782922,73.55839422179794,73.69417480634284,15669500
2002-04-03,73.15108489990234,73.84289715853063,72.51746503907962,73.71358839222773,25658500
2002-04-04,72.84722900390625,73.31921553608336,72.56274863333691,72.80197042680557,23549000
2002-04-05,72.86013793945312,73.4678950623723,72.53039417168199,73.18341478904472,19404900
2002-04-08,73.01530456542969,73.0799589444636,71.91616532341452,71.97435278470115,16470100
2002-04-09,72.50453186035156,73.17694830341432,72.3687561746581,73.17694830341432,15122700
2002-04-10,73.32567596435547,73.40972619072511,72.472220129766,72.47868704958351,17199300
2002-04-11,71.50236511230469,73.09289141719965,71.44417765210291,72.98944046642382,25453700
2002-04-12,72.03903198242188,72.1877415449645,71.14678940561002,71.7804094443734,14950600
2002-04-15,71.48944854736328,72.32350348388474,71.25022188201856,72.16833196375465,17394900
2002-04-16,73.18986511230469,73.26745331965651,72.2006388994283,72.22003471806313,15040900
2002-04-17,73.03472900390625,73.49378168757974,72.80196920192887,73.31274738222285,12920100
2002-04-18,72.71788787841797,73.35797459377416,71.8644372803388,72.99590613786565,25204800
2002-04-19,72.9830093383789,73.21576915895301,72.77611226818141,73.1899064085764,10499200
2002-04-22,71.76744842529297,72.69202025547185,71.66399748323627,72.65969060287603,13922900
2002-04-23,71.45711517333984,72.07781108723435,71.23082235723946,71.82565059750715,16967000
2002-04-24,70.73944854736328,72.29117360971367,70.73298162863962,71.48298141773381,18902700
2002-04-25,70.77824401855469,70.952811371017,70.29332867716455,70.61013865235154,25451500
2002-04-26,69.43343353271484,71.12740678529192,69.36877911940148,70.9851641163132,19769800
2002-04-29,69.09074401855469,69.99592038480594,68.94203446431042,69.7825564328611,17724400
2002-04-30,69.73724365234375,70.24155446833254,68.9484477882339,69.19413628164087,19473500
2002-05-01,70.59075164794922,70.63601022148794,69.05195521481838,69.80842205802884,24575600
2002-05-02,70.3191909790039,71.06272881769512,69.68556609979547,70.53901689796946,15666800
2002-05-03,69.55622863769531,70.31916198610936,69.31053514390028,70.21571105549843,18185500
2002-05-06,68.19203186035156,69.82134530856484,68.08858088189274,69.59505245920386,23630400
2002-05-07,67.95280456542969,68.74160100428443,67.82349577632509,68.59935837658091,21910000
2002-05-08,70.48082733154297,70.70712016281918,69.04547718342856,69.21358254358249,27917400
2002-05-09,69.66616821289062,70.53901480950563,69.55625525666207,70.24806758823854,18085600
2002-05-10,68.35368347167969,69.86015533896489,68.27609522290095,69.80842983977907,18958900
2002-05-13,69.7437515258789,69.79547207452119,68.39891860491147,68.67693690171903,14677700
2002-05-14,71.26313018798828,71.36011420312815,70.47433409964147,70.8751990602407,34201200
2002-05-15,70.98515319824219,71.70929534129351,70.66187624858236,70.79765197550171,29535300
2002-05-16,71.3536605834961,71.43124879662898,70.68771111908053,70.92693281048446,28092000
2002-05-17,71.7027816772461,71.92907440792219,71.18553692186225,71.54761022375557,27823700
2002-05-20,70.9269790649414,71.56707114188973,70.79120330302342,71.53474146546428,13833800
2002-05-21,70.28038787841797,71.43125765156496,70.03469923892644,71.19203099769258,16877200
2002-05-22,70.43558502197266,70.55196492389169,69.82782276386051,69.97006541429654,15844200
2002-05-23,71.1855697631836,71.35367512616016,70.13815580288573,70.64246695900157,13879800
2002-05-24,70.27395629882812,71.2502492935961,70.22223079461357,71.10801155622944,11877000
2002-05-28,69.89244079589844,70.55839019199476,69.47217998363199,70.50666965469165,24236900
2002-05-29,69.37520599365234,69.84072046047905,69.26528812837276,69.58210295651288,14773300
2002-05-30,69.18126678466797,69.51101065239985,68.47005848652873,68.89031950496116,18217900
2002-05-31,69.32351684570312,70.18989679016636,69.0842901030841,69.4398967565968,19826300
2002-06-03,67.4808120727539,69.56917778081171,67.32563563168436,69.23943400955558,26056300
2002-06-04,67.64891052246094,68.01744592688803,66.95063628915545,67.33856751495031,25856200
2002-06-05,68.28253173828125,68.32132337898972,67.46787275371321,67.85580395923655,19695900
2002-06-06,66.89241790771484,68.27604186635938,66.69198792102121,68.23725023869254,22998500
2002-06-07,66.81487274169922,67.18987515998035,65.76745865777428,65.80625031041909,24011600
2002-06-10,67.07349395751953,67.53901351141094,66.60797440362812,66.75021703762987,18759900
2002-06-11,65.92262268066406,67.59073261349302,65.77391807394706,67.32564319649005,19990700
2002-06-12,66.3234634399414,66.47216799204215,65.15966509266062,65.76096008328702,31266000
2002-06-13,65.65755462646484,66.59505586700047,65.52177395809174,66.03255216299003,21043900
2002-06-14,65.56055450439453,65.66400054448765,63.68554754937305,64.85580831670373,39267500
2002-06-17,67.3191909790039,67.46142868738647,65.85151092608564,65.89676949984704,17647200
2002-06-18,67.86873626708984,67.90752790692518,67.00235182586918,67.07347312077584,21628500
2002-06-19,66.28470611572266,67.51962647827065,66.10367180625938,66.91833113165909,21540700
2002-06-20,65.43772888183594,66.62739079115198,65.27609038397561,66.11661254597549,25691000
2002-06-21,64.4145278930664,65.48507654958485,64.02523882253581,65.18662143050877,31190700
2002-06-24,64.7519302368164,65.32937689640656,63.09744511996267,63.97983652227396,37169700
2002-06-25,63.29854202270508,65.45910235597185,63.28556786953649,65.07630296152965,33355000
2002-06-26,63.402381896972656,63.68137333397638,61.760876096726406,61.767360701017935,37913600
2002-06-27,64.51183319091797,64.55076060196075,62.656217363354514,63.90843356936653,31616400
2002-06-28,64.2068862915039,65.20606438959254,64.15497977859806,64.38855413659684,28184200
2002-07-01,62.954689025878906,64.75191421156389,62.863855076069456,64.3496460409227,20270200
2002-07-02,61.6181526184082,63.06501178774288,61.48838624554526,62.84441637899735,34213900
2002-07-03,61.968505859375,62.182611682448574,60.80712297024128,61.39105919244263,30565800
2002-07-05,64.43400573730469,64.57674624949365,62.71464488615621,62.79249974729188,19013500
2002-07-08,63.62944030761719,64.68700952614154,63.29854247356992,64.21986575758237,19118600
2002-07-09,62.02685546875,63.80461126575164,61.64405611559582,63.40883776082825,28620400
2002-07-10,59.76900100708008,62.33182519876965,59.717094478874365,62.286408224109394,50522500
2002-07-11,60.255615234375,60.56704451204671,58.60113049022702,59.53542822340039,59476500
2002-07-12,59.593814849853516,60.91740155505875,59.379704143847064,60.554065775226285,39018600
2002-07-15,59.91172790527344,59.95066027085967,57.02449575327275,59.45755822408623,77317200
2002-07-16,58.7568473815918,59.93769375069798,58.309167159016354,59.120188152910146,53282400
2002-07-17,58.87361145019531,60.534585158552474,58.231284461653885,59.989576690943565,48880600
2002-07-18,56.966094970703125,59.10718661192339,56.933652163228714,58.84765900236042,32656700
2002-07-19,54.96126937866211,56.80391162596961,54.695257070295156,56.291345770734615,77572600
2002-07-22,53.33272933959961,55.73984358856197,52.846116827559186,54.56548202678439,78134000
2002-07-23,51.872901916503906,54.007509812822406,51.74314053469318,53.55982958051982,74484100
2002-07-24,54.967750549316406,55.227278214295765,50.40008047594652,50.69204600524924,107022800
2002-07-25,54.50062561035156,55.70093601770627,52.9434638886111,54.67580401463506,87176600
2002-07-26,55.53871536254883,55.752826087908325,54.37084812892092,54.92234140175181,41206800
2002-07-29,58.244293212890625,58.614118662351245,56.6417195652815,56.771480970324404,53492900
2002-07-30,59.003387451171875,59.30184251472669,57.56301370308871,57.952302701200274,47532200
2002-07-31,59.1461067199707,59.39914472561152,57.90686499227854,58.71139596021149,44669900
2002-08-01,57.60196304321289,59.26942226238169,57.309997421016355,58.96447753026349,66571900
2002-08-02,56.31080627441406,57.68629956516997,55.551691865635306,57.42028232187817,51772900
2002-08-05,54.35136032104492,56.401622999064784,54.2086248378327,56.11614213248545,47191300
2002-08-06,56.181026458740234,57.030979562332774,55.220780672342045,55.29864044559505,64730000
2002-08-07,57.16071701049805,57.4202445294599,55.648973791365286,57.011492028396084,43289400
2002-08-08,59.00986862182617,59.1071921032137,56.96610026307759,57.36836339269846,48339800
2002-08-09,59.23046112060547,59.652192851581454,57.97175547894468,58.45836787236069,41879200
2002-08-12,58.7957649230957,59.21749177346907,58.10153132545832,58.387007277238716,25841700
2002-08-13,57.72520065307617,59.47051849680918,57.5175795859838,58.49080426611864,49690500
2002-08-14,59.833885192871094,60.099897502850176,57.108851703591206,57.757668493884616,57423600
2002-08-15,60.664390563964844,60.98230951351803,59.820926469139366,60.23616896041565,45551500
2002-08-16,60.482704162597656,61.04068701836268,59.691146857904045,60.22317644711262,36517300
2002-08-19,61.89711380004883,62.124198653675805,60.404833418936946,60.638407825547134,33669900
2002-08-20,61.2418098449707,61.89711611862266,60.7422231482776,61.52080123275689,30508300
2002-08-21,62.124202728271484,62.14366643841916,60.70978203995364,61.676517594559485,39628900
2002-08-22,62.72759246826172,63.032537078716715,61.68299728993114,61.955499088605706,38399800
2002-08-23,61.37805938720703,62.38372726136845,61.08609384958784,62.2928933185501,33716400
2002-08-26,61.806270599365234,62.05281912492772,60.66435199924011,61.57918577975798,33830100
2002-08-27,61.09257507324219,62.44859942763338,60.664353729701,62.091748308015724,35335700
2002-08-28,59.75603103637695,60.657886064004515,59.56138895096423,60.521635119191686,38970600
2002-08-29,59.7819709777832,60.372396557100174,58.91904356958699,59.21749866075167,42965700
2002-08-30,59.54840850830078,60.59300401188511,59.30185989226757,59.48352781461622,30366700
2002-09-03,57.277557373046875,59.04234020186265,57.193212954787406,58.86716181006828,76586400
2002-09-04,58.09504699707031,58.555706252805955,57.134796118158725,57.49164727757011,51099500
2002-09-05,57.60196304321289,58.02369501422571,56.77147821110891,57.41380554998932,67250900
2002-09-06,58.39352035522461,58.76334578613783,57.96529882991454,58.23131613201565,38622200
2002-09-09,58.821754455566406,59.269434841274695,57.61495438089324,57.80959652030694,33998400
2002-09-10,59.496482849121094,59.54838936741607,58.75683228869077,59.13314712121231,41416600
2002-09-11,59.126678466796875,60.554078523944675,59.10721475307646,59.99609563025378,27711200
2002-09-12,58.036624908447266,58.93847930701896,57.738169958927074,58.880088207147665,43601700
2002-09-13,58.17938995361328,58.32861996662687,57.258071464804644,57.54355238531147,41131000
2002-09-16,58.32215118408203,58.322151184082024,57.394342812093655,57.945836191229645,28167600
2002-09-17,56.985565185546875,59.16558943481162,56.933658667688675,58.970942467882345,47609700
2002-09-18,56.414608001708984,57.420275829603455,55.97990201678052,56.45354036832474,54719400
2002-09-19,54.95478057861328,56.31729980872577,54.954780578613274,55.791754838510066,48510500
2002-09-20,54.973026275634766,55.52699176819425,54.77751167534457,55.34450948568235,46325600
2002-09-23,54.52333068847656,54.784016781432925,53.89115647129355,54.51681204447211,46893800
2002-09-24,53.643497467041016,54.51681178555639,53.3437044837502,53.72822492189108,69507000
2002-09-25,54.973026275634766,55.24674969940261,53.46754247264233,54.33433828684312,59294400
2002-09-26,55.87241744995117,56.0288301445337,55.03820481021452,55.40968806751674,53638000
2002-09-27,53.93028259277344,55.80725015462531,53.93028259277343,55.39666489892135,64648300
2002-09-30,53.30459976196289,53.96284354516197,52.724564785528564,53.441461444600044,73096400
2002-10-01,55.86591339111328,55.898496684346185,53.09607988048464,53.721735794448215,67198100
2002-10-02,54.190956115722656,55.74206043741498,53.832505235453645,55.19461360820679,56749100
2002-10-03,53.643497467041016,55.135948711790036,53.408876006679776,54.18443055466656,55547000
2002-10-04,52.65940856933594,54.04106308449063,51.86430287243465,53.96285922726733,68483700
2002-10-07,51.571014404296875,52.92008539866063,51.193017559024234,52.17711905233096,53188000
2002-10-08,52.379150390625,52.99176863054242,50.964903082233505,52.01418093736197,79531000
2002-10-09,50.899749755859375,51.94250934015701,50.69119783899985,51.54495647172636,79956400
2002-10-10,52.5485954284668,52.835356076719385,50.228455557384976,50.79545821035674,76749000
2002-10-11,54.84919738769531,55.22068056749483,53.32415777380805,53.5066400414613,82308300
2002-10-14,55.155517578125,55.29889795848074,54.11927660199594,54.22355007808279,40631900
2002-10-15,57.808021545410156,57.82105883349594,56.60233095543898,56.693572082965325,82320300
2002-10-16,56.40683364868164,57.22149037398166,55.996243476877595,56.96731787346966,62977800
2002-10-17,57.52780532836914,58.19908674243529,57.25408182298533,57.91884459008403,68534100
2002-10-18,57.7689208984375,58.075232535711024,56.654471411439445,57.12371434749518,47448700
2002-10-21,58.766056060791016,58.98112655538711,57.071571651443506,57.43002247577032,45859100
2002-10-22,58.342430114746094,58.66177900117146,57.69070499965959,58.03612348736058,40966800
2002-10-23,58.785648345947266,58.831268939999184,57.143301987806325,57.85368051979648,54905800
2002-10-24,57.586429595947266,59.24181192828421,57.4169796795891,59.14405216991342,54987400
2002-10-25,58.785648345947266,58.90947780363326,57.31275203954424,57.48871576738112,43672100
2002-10-28,58.4011116027832,59.49601043825923,57.90579892256855,59.40476928299206,39416100
2002-10-29,57.72332000732422,58.322906197853314,56.70011130112575,58.05570136235961,59508200
2002-10-30,58.28379440307617,58.62920802021816,57.501726023595026,57.795000422833084,41688600
2002-10-31,57.69070816040039,58.850783105517344,57.4756426395626,58.43367940679127,41620600
2002-11-01,58.83122634887695,59.189677165691315,57.384400711120996,57.57991527025482,51878900
2002-11-04,59.3917121887207,60.5713381124015,59.241818186017625,59.82837182593234,49080600
2002-11-05,59.8609504699707,60.00433078999927,59.20270671541592,59.20270671541592,37270800
2002-11-06,60.636505126953125,60.65605608478565,59.170123622297794,60.27154065469801,65013100
2002-11-07,59.1506233215332,60.10214220499246,58.798690862345985,59.97179408736445,51572000
2002-11-08,58.427215576171875,59.678527846260806,58.342488044830475,59.0007324568944,37905400
2002-11-11,57.52127456665039,58.36851444672344,57.221481534722756,58.335931166106754,33505100
2002-11-12,57.97748565673828,58.609660032177885,57.592970092781265,57.781971038076485,37724500
2002-11-13,58.0361328125,58.48581983302232,56.99336848299771,57.56037121424442,63891500
2002-11-14,59.13103485107422,59.3069984829505,58.49234191038249,58.70089379406914,31896800
2002-11-15,59.56769561767578,59.665455410745494,58.622690914361364,58.655279169474476,39152100
2002-11-18,58.96808624267578,60.05646591108714,58.883358801724945,60.05646591108714,28934800
2002-11-19,58.88990020751953,59.372175551220366,58.49886601067372,58.66831101353617,32806600
2002-11-20,60.19989013671875,60.232473430473384,58.62271054530998,58.64226648828831,36688400
2002-11-21,61.320831298828125,61.38600780686531,60.23896988272944,60.349761990761515,55128200
2002-11-22,60.88418197631836,61.438147538214345,60.78642217780262,60.92328887908659,32513800
2002-11-25,60.92327117919922,61.43161601706901,60.46054193214497,60.89068293173846,33846400
2002-11-26,59.763206481933594,60.903725727560335,59.71107223820105,60.65607190995548,42284700
2002-11-27,61.44467544555664,61.685815655273,60.23898434151616,60.297637246104365,37764000
2002-11-29,61.24913024902344,61.88129945196691,61.11226359535916,61.78354465973267,19385700
2002-12-02,61.346885681152344,62.59820172975264,60.753818388916415,62.2201999549435,49911900
2002-12-03,60.525787353515625,60.871201291974096,60.18688709415229,60.773441410531824,34407700
2002-12-04,60.252017974853516,60.701710142237545,59.58726018035912,59.80884445443366,64040800
2002-12-05,59.587242126464844,60.480107543746094,59.37217159224634,60.434486973360585,36724900
2002-12-06,59.978302001953125,60.0695431818271,58.642267598214914,58.73350877808889,49824100
2002-12-09,58.32943344116211,59.60681485057536,58.3164011186952,59.35264229816651,36789600
2002-12-10,59.111480712890625,59.37217181848802,58.4988623328464,58.66830732505583,33319900
2002-12-11,59.16361999511719,59.7110718147154,58.75955350464181,58.92899849704213,39201000
2002-12-12,59.15711975097656,59.62636289308521,58.785636425519016,59.43736190683195,34465600
2002-12-13,58.2251091003418,58.96808017466207,58.17948854924264,58.59659712363551,36862200
2002-12-16,59.73064041137695,59.82188157953495,58.4337081163277,58.53798160610651,37098400
2002-12-17,59.209251403808594,59.78928661014865,59.13756121225913,59.548151395182444,32353900
2002-12-18,58.52490997314453,58.915943998630276,58.21859841196269,58.86380480262754,35612600
2002-12-19,58.10783386230469,59.111486513091855,57.74286428974868,58.2316582961048,39264200
2002-12-20,58.93696975708008,58.95661679775282,58.35408423250282,58.41957603364667,31176900
2002-12-23,58.95657730102539,59.251297703787124,58.49157932870438,58.674958247737926,22599300
2002-12-24,58.517791748046875,58.851806289833775,58.45229997430683,58.6749730043634,10937000
2002-12-26,58.54400634765625,59.34301920923664,58.18379399310657,58.74703240383689,17485600
2002-12-27,57.22758865356445,58.478503134426624,57.22758865356445,58.26237576390554,22205700
2002-12-30,57.70570373535156,57.94147820387486,57.122818242808926,57.496126985186834,29968000
2002-12-31,57.78429412841797,57.915277717246134,57.0507730395508,57.62710782577981,34036600
2003-01-02,59.644283294677734,59.7949189093219,57.98731651710841,58.19034256594318,44516300
2003-01-03,59.82767868041992,59.84732572320654,59.27099081574557,59.53951372504178,32222600
2003-01-06,60.88208770751953,61.22919864215615,59.70976634554698,59.755611091693275,40984500
2003-01-07,60.73146438598633,61.150617828587606,60.38434841306989,60.84280092614847,38640400
2003-01-08,59.853851318359375,60.51532979627707,59.63117826449351,60.38434123808899,38702200
2003-01-09,60.783851623535156,61.02617672471129,59.866956638983126,60.13547445682968,34804900
2003-01-10,60.94758605957031,61.3274454238547,60.122380539963274,60.22061572322379,37768900
2003-01-13,60.92794418334961,61.471535561379724,60.54153910525581,61.26195882483485,31649900
2003-01-14,61.12440872192383,61.45187260021974,60.521876385067884,60.70525535744124,30733000
2003-01-15,60.51535415649414,61.28161879271652,60.19444080398046,61.261971750255114,33511800
2003-01-16,60.26643753051758,60.86242406448567,59.893128986139075,60.580804987379,44812100
2003-01-17,59.375770568847656,60.44985201115311,59.04175591401373,59.5918929956661,35618300
2003-01-21,58.452301025390625,59.54602915629306,58.25582070393534,59.51328576718527,36826200
2003-01-22,57.74500274658203,58.81253862488152,57.63366618157664,58.13795856211556,42286500
2003-01-23,58.0986442565918,58.5374446812548,57.60089773192936,58.124841968069035,55919800
2003-01-24,56.57263946533203,58.07897481556972,56.43510528066347,58.02002873831141,68633900
2003-01-27,55.799861907958984,56.84775067352197,55.34141432055314,56.1469779346565,57884400
2003-01-28,56.212467193603516,56.585775925540155,55.75401463020698,56.08147860547434,46929100
2003-01-29,56.63817596435547,57.09662356831101,55.51824468081357,55.94394888260321,53712200
2003-01-30,55.29556655883789,56.90013802432171,55.27591951997376,56.841196907729326,49845900
2003-01-31,56.36309814453125,56.46133833701076,55.11218835018369,55.11218835018369,55317000
2003-02-03,56.474449157714844,56.85430363734235,56.27141806011412,56.415503033667996,39696000
2003-02-04,55.917728424072266,56.160053485738935,55.2104102651274,55.871883682319336,43633400
2003-02-05,55.57062911987305,56.67745882608347,55.32830900433808,56.16006520592307,55270600
2003-02-06,55.30864334106445,55.596813133608684,54.78470416890447,55.25625292153979,53638000
2003-02-07,54.634071350097656,55.66230771103526,54.33935586319728,55.609917288870015,43165000
2003-02-10,55.02050018310547,55.09908834164974,54.12979774377532,54.66028780076465,45455900
2003-02-11,54.6406135559082,55.5902566413252,54.24765796872536,55.25624714040554,46861000
2003-02-12,53.769569396972656,54.7650624144,53.7630187201376,54.463796237118736,35873600
2003-02-13,53.93334197998047,54.13637314123294,53.049189815726265,53.80235832479694,57934100
2003-02-14,55.11219787597656,55.14494128132672,53.58621427958907,53.946426715373114,59580900
2003-02-18,56.08148193359375,56.19282348928697,55.269372625813645,55.36106214459346,39492700
2003-02-19,55.7867546081543,55.97668428475328,55.19731854227862,55.87844410765685,31432000
2003-02-20,55.23005676269531,55.94392559117505,55.04667779746022,55.806391367248736,29280100
2003-02-21,55.7867546081543,56.1535126061645,54.660277903748124,55.26281032810859,60955800
2003-02-24,54.88297653198242,55.66888824976779,54.74543723450038,55.62304348284206,30628600
2003-02-25,55.32173156738281,55.33482791998115,53.84814456338377,54.32623888208439,56770600
2003-02-26,54.51622772216797,55.361085788932805,54.41144179739655,55.02707097260574,37787200
2003-02-27,55.23662567138672,55.505148552477465,54.463815420530395,54.81747214695095,51126000
2003-02-28,55.60340881347656,55.81953633281161,55.118763312878606,55.32178946920222,43666800
2003-03-03,55.0728759765625,56.179705550935026,54.83055588989104,55.83914529550639,42923100
2003-03-04,54.19529724121094,55.020508000093976,54.12980543421806,54.981208918534584,31440500
2003-03-05,54.653724670410156,54.71267077259274,53.93985574385072,54.10358769912062,43974700
2003-03-06,54.19529724121094,54.699589651431104,54.01191818294906,54.27389040762514,41217700
2003-03-07,54.568565368652344,55.007365644851106,53.33075265119562,53.448639814605826,63538000
2003-03-10,53.258750915527344,54.26734075169989,53.11466593940202,54.09705805294227,41014100
2003-03-11,52.734806060791016,53.704101804097945,52.70861333505983,53.36354140584151,48102700
2003-03-12,53.088470458984375,53.11466818272314,51.98819104548032,52.643119148835,62459800
2003-03-13,54.922245025634766,54.95499341390908,53.39626207137794,53.82196613543147,72117800
2003-03-14,55.09909439086914,55.51824793813619,54.588251317431435,55.14493915395446,63951800
2003-03-17,56.83464050292969,56.94597704307802,54.5030988541615,54.660280145941684,88217500
2003-03-18,57.168663024902344,57.20795710410487,56.507184377004656,57.07697350896055,50792300
2003-03-19,57.60745620727539,57.73844478239346,56.76914931333265,57.162105045280406,49630800
2003-03-20,57.73191452026367,58.02007949402108,56.553041910831126,57.19487366412329,67321600
2003-03-21,58.96416091918945,59.10224968982151,57.8199932362031,58.392079586120815,71165300
2003-03-24,57.004634857177734,57.95810750974151,56.78105888002648,57.87919745600849,65398900
2003-03-25,57.550392150878906,58.036996446570114,56.840221993083986,57.037489530363345,61040100
2003-03-26,57.26108169555664,57.767407370301925,57.07696326837653,57.57671185162228,45740800
2003-03-27,57.3071174621582,57.642478928769684,56.54433530544998,56.81394090055074,53120200
2003-03-28,57.017765045166016,57.39257889614579,56.71528413181827,56.859950007082325,32583000
2003-03-31,55.72235107421875,56.93885174757809,55.498780201177816,56.12346824465038,61119500
2003-04-01,56.57720184326172,56.807349845405795,55.83415114581081,56.057722057365,53574000
2003-04-02,57.944915771484375,58.37233111884973,57.53722165199936,57.56352498391913,50431200
2003-04-03,57.668766021728516,58.51703014435176,57.63589060080772,58.43812512066151,48755500
2003-04-04,58.01071548461914,58.254012709475965,57.616175241002864,58.14880431904227,36250100
2003-04-07,57.89889907836914,59.74008757082168,57.846292402823686,59.40472628528029,69776200
2003-04-08,57.99098205566406,58.29346303893651,57.67534688968152,58.06331501001734,39712700
2003-04-09,57.228172302246094,58.58933857666385,57.05720312771028,58.10273940574474,55647300
2003-04-10,57.5438232421875,57.62272825469811,56.360197886031024,57.26764064785117,41812400
2003-04-11,57.3071174621582,58.32634601270279,57.11642192298115,57.97126330317466,47730100
2003-04-14,58.4907341003418,58.523614542218304,57.208477136775194,57.5175352297505,36711700
2003-04-15,59.03651428222656,59.036514282226555,58.14222049130961,58.418398128161684,49709800
2003-04-16,58.0304069519043,59.22060406133374,57.885741112047995,59.12197282220297,51788000
2003-04-17,58.891822814941406,58.99703616437816,57.990957340420195,58.0632902639458,37403100
2003-04-21,58.95104217529297,59.286403658066995,58.56307398603447,59.089131017176,32052700
2003-04-22,60.062320709228516,60.20698662125036,58.45127945302353,58.5893682735396,59763600
2003-04-23,60.61468505859375,60.72647053740741,59.996568853869135,60.24644817927758,44227100
2003-04-24,60.075462341308594,60.548912493794106,59.812433921388894,60.187247789298276,49692400
2003-04-25,59.33244323730469,60.14782725735672,59.19434935537622,60.036041749940814,43917200
2003-04-28,60.35826873779297,60.621297383110715,59.378492176259826,59.47055144959292,46432900
2003-04-29,60.56863021850586,61.02235405355602,60.101757221893706,60.58835646927341,52017100
2003-04-30,60.437103271484375,60.87109572930864,60.108319130131974,60.43710327148437,48709100
2003-05-01,60.43056106567383,60.97634425939931,59.509963935130386,60.44371023150483,50240400
2003-05-02,61.291969299316406,61.462938541974076,60.1609504917893,60.20698009363748,50201500
2003-05-05,61.17362976074219,61.666806401853435,60.8251190703866,61.4629616622535,35437800
2003-05-06,61.75223922729492,62.061292102963094,61.1538496878537,61.18015302092398,44401000
2003-05-07,61.41032409667969,61.90350049001431,61.13414652045622,61.43005034971711,41413100
2003-05-08,60.79222106933594,61.37088470529022,60.680435600335954,60.8382506752095,40570700
2003-05-09,61.6339111328125,61.679940737161175,60.89743244638304,61.04209835057906,33608100
2003-05-12,62.390106201171875,62.54792627537967,61.33799745737095,61.482663350303,35662300
2003-05-13,62.2783088684082,62.58736685039986,61.98240506518388,62.15994634374862,39253600
2003-05-14,62.14682388305664,62.62684626046977,61.752283636961224,62.528209944733064,32195100
2003-05-15,62.541351318359375,62.68601721622674,61.975841908614434,62.396685420492005,43879200
2003-05-16,62.383548736572266,62.76493479642984,61.982431400180324,62.39669790407712,38905000
2003-05-19,60.92374038696289,62.08763476572178,60.71331860595587,61.91009342609283,41606000
2003-05-20,60.798828125,61.17364224808104,60.22674129846442,61.03555336240416,55404600
2003-05-21,60.92374038696289,61.07497837685959,60.437140959043724,60.56865269085399,49333800
2003-05-22,61.528709411621094,61.84434462762723,60.94347360953925,61.12101496945724,38421800
2003-05-23,61.65363311767578,61.79829901184847,61.24593878108458,61.502390132808806,26155900
2003-05-27,62.732025146484375,63.02135182541482,61.19988960016127,61.35113253664089,43719200
2003-05-28,62.90959167480469,63.435648602660024,62.75177660318835,63.0279542327296,37727100
2003-05-29,62.745201110839844,63.66579824962016,62.52163017175718,63.047682096166795,50844200
2003-05-30,63.75126647949219,63.84332567162613,62.837246631269636,63.06082253848758,52529500
2003-06-02,64.01429748535156,64.73762188863381,63.56715066965619,64.13266002529592,50305500
2003-06-03,64.27730560302734,64.336484345879,63.68549309026919,63.88276560013802,38254500
2003-06-04,65.20450592041016,65.3294405451292,64.15896921942739,64.21815300322093,49360700
2003-06-05,65.52668762207031,65.52668762207031,64.61924008079254,64.82308968243306,46262400
2003-06-06,65.27027130126953,66.67746793375804,65.18478415852279,66.01989922635777,60356800
2003-06-09,64.60612487792969,65.16505727044996,64.29048969401236,64.94805839506,37808500
2003-06-10,65.26371002197266,65.2702871153585,64.56668862864205,64.74423001524147,29965900
2003-06-11,65.95413970947266,66.01331848177554,64.90860291379752,65.20451182586444,37610200
2003-06-12,66.15797424316406,66.34866973052675,65.50698276344318,66.2500334416357,36442000
2003-06-13,65.46755981445312,66.25006843159385,65.06644237346946,66.15800918450114,48628300
2003-06-16,66.84843444824219,66.87473278062573,65.62535630152045,65.73056468160735,36326300
2003-06-17,66.84843444824219,67.19036795458817,66.56567971503553,67.11803499840617,36801800
2003-06-18,66.78924560546875,67.16405952421485,66.41443168672265,66.60512719160758,35521000
2003-06-19,65.77001190185547,66.89445866948185,65.65164934825535,66.83527488425655,43551700
2003-06-20,65.62481689453125,66.32435575196796,65.61161519818042,66.25176152695413,41545000
2003-06-23,64.95169067382812,65.7700249018738,64.62171865654392,65.63143222383783,34237500
2003-06-24,65.0176773071289,65.39384516630484,64.6877053241685,64.8196971383364,36213600
2003-06-25,64.36436462402344,65.6248606117187,64.36436462402344,65.02430890198528,47743400
2003-06-26,65.20243835449219,65.32122841966927,63.98813935101866,64.5292929734985,33477300
2003-06-27,64.45014190673828,65.45985555352446,64.39734517142264,65.1694785442622,54208800
2003-06-30,64.43033599853516,65.116678416965,64.32474756837784,64.8197056074882,33349000
2003-07-01,65.02426147460938,65.23544328812643,63.63838050871797,64.17953422054116,51322800
2003-07-02,65.8426513671875,65.85585307493349,65.0507200916211,65.18270695922341,34662100
2003-07-03,65.1628646850586,65.8954028776608,64.60851417983142,65.38064739852905,30792800
2003-07-07,66.45639038085938,66.58838226459514,65.76345187240486,65.76345187240486,31391100
2003-07-08,66.75334167480469,66.84573343902107,66.10659429031645,66.32437703524373,30952500
2003-07-09,66.37715148925781,66.9183052273132,66.01418036953757,66.60152997419627,36528500
2003-07-10,65.53242492675781,66.02078195559055,65.09025873007288,65.8887901674115,49777700
2003-07-11,66.15280151367188,66.29138918375595,65.59184998191031,65.59184998191031,39976300
2003-07-14,66.47615814208984,67.24829137660552,66.29136960158904,66.78632757781287,42114900
2003-07-15,66.33096313476562,66.95790782895222,65.96139112511248,66.90511110829142,42573600
2003-07-16,65.94159698486328,66.568546746075,65.48623909205796,66.52894668606865,39894200
2003-07-17,65.00444793701172,65.91516833917444,64.78006951827886,65.43341230602668,52253500
2003-07-18,65.67103576660156,65.86242015095593,64.97809247962797,65.34765954736126,35698100
2003-07-21,64.8592529296875,65.6577840411982,64.57547699460768,65.63138569433382,34786000
2003-07-22,65.44661712646484,65.60500724353027,64.62168748122362,65.12984696227596,49968300
2003-07-23,65.49281311035156,65.6314006868204,64.85926774579215,65.4730156044233,37275400
2003-07-24,64.99787139892578,66.21876657119957,64.91868135562575,65.98778721995407,40896200
2003-07-25,66.14614868164062,66.18574368611392,64.70087059872421,65.11003743983859,43241100
2003-07-28,65.90198516845703,66.6411240022518,65.77659424116891,66.2385579004049,34382800
2003-07-29,65.59847259521484,66.16602516668364,65.1233118344525,66.08683002823122,53472100
2003-07-30,65.4400634765625,65.82942810319224,65.2882741086552,65.73043547498959,28363300
2003-07-31,65.59186553955078,66.59498372519376,65.44667698360439,65.98123530640481,54937200
2003-08-01,65.01107788085938,65.68421847331315,64.83289020037545,65.45983995415277,49321000
2003-08-04,65.01107788085938,65.33444899640278,64.01456113788959,64.8790860740245,55214100
2003-08-05,63.63178253173828,65.17605370366671,63.57898581723417,64.94507437142599,61415600
2003-08-06,64.00138092041016,64.71411672057184,63.631808801280286,63.80999652755113,50096900
2003-08-07,64.67453002929688,64.72072592077596,63.85620065096395,64.12677514820588,43427400
2003-08-08,64.8592529296875,65.03744051227963,64.5160844903902,64.88565127655188,27357300
2003-08-11,65.10346221923828,65.36083991956039,64.56890427359296,64.84608451891619,34631400
2003-08-12,65.69740295410156,65.72379627357901,64.95166328709585,65.14304758062072,43285600
2003-08-13,65.36082458496094,65.89537737022037,65.02425188851532,65.87557986483608,36152000
2003-08-14,65.53900909423828,65.82938594166289,64.97145709334706,65.40042151750498,35525100
2003-08-15,65.74363708496094,65.85582638044488,65.41366501473222,65.57205019864922,12567000
2003-08-18,66.31116485595703,66.39035490105948,65.82280274795428,65.94819369932962,22873800
2003-08-19,66.56195831298828,66.61475504619669,65.99440601843189,66.44976903115062,37437700
2003-08-20,66.2913589477539,66.58173585832942,66.09997965848052,66.18577054798142,21295300
2003-08-21,66.5025634765625,66.99752154214714,66.25838738659066,66.68735205042543,46494200
2003-08-22,65.8426513671875,67.19553941750438,65.81625802164804,67.14934351034594,52040300
2003-08-25,65.94822692871094,66.54217774111551,65.5192621733646,65.80303839290373,23473000
2003-08-26,66.06697845458984,66.25176192483593,65.22225114205236,65.66441230799434,45065800
2003-08-27,66.08678436279297,66.23197283214363,65.71061652628109,66.02739182622547,18919500
2003-08-28,66.49595642089844,66.65434156532064,65.77001905440935,66.25837618677866,27402400
2003-08-29,66.94469451904297,66.97109287280885,66.3111491335753,66.39694000708604,28706600
2003-09-02,67.84224700927734,67.89503870409477,66.68734497871554,67.07670953223206,49419100
2003-09-03,68.2117919921875,68.43617046878727,67.8290233774297,67.99400932844893,44912400
2003-09-04,68.24483489990234,68.33722668884243,67.81587014555194,68.04024876584222,28381000
2003-09-05,67.86201477050781,68.33717506034633,67.57823876601931,67.9346089833982,31637300
2003-09-08,68.4229965209961,68.55498331163561,67.9280385036379,68.00063274898163,32632800
2003-09-09,67.97420501708984,68.2777785323871,67.76302322231909,68.21838601275056,35053200
2003-09-10,67.28789520263672,67.84225082668546,67.0173207584377,67.66406311235875,45904900
2003-09-11,67.48587799072266,67.81585000608023,67.20869767124253,67.38028452902101,38396300
2003-09-12,67.61125946044922,67.73665042918226,66.8853220816763,67.25489413821235,42524800
2003-09-15,67.37368774414062,67.73005814642642,67.2812959770636,67.65746389586967,21312800
2003-09-16,68.35700225830078,68.39659728799556,67.4264787806875,67.46607884535553,37892600
2003-09-17,68.22500610351562,68.49558554918252,68.00722841904538,68.29100452878176,31885800
2003-09-18,69.03012084960938,69.09611422297509,68.08640100906192,68.23819029927753,30243600
2003-09-19,68.67904663085938,69.29515095664313,68.50017991563946,69.0765321513612,34331600
2003-09-22,67.93704986572266,68.20866293340086,67.59255883561768,68.13579002527483,36677400
2003-09-23,68.1954116821289,68.42727771539805,67.8111736531112,67.9635405945593,32489200
2003-09-24,66.98309326171875,68.38092104148629,66.95659355803812,68.31467430943556,41694700
2003-09-25,66.4332504272461,67.49321353662381,66.38025100820151,67.18185332191817,52673100
2003-09-26,66.21461486816406,66.68497827534726,66.14836813826409,66.53923243698644,42914700
2003-09-29,66.86381530761719,66.90356231707514,66.10859180212057,66.44645654541094,36771600
2003-09-30,66.21461486816406,66.75122500524724,65.75088270456281,66.56573213980673,70764500
2003-10-01,67.62568664550781,67.69193336724214,66.38022603797846,66.40672573753237,65797600
2003-10-02,67.87080383300781,67.94367674729841,67.32757259739677,67.52631782806228,44591500
2003-10-03,68.49349212646484,69.08309621339114,68.28812588733041,68.67898486559248,48806900
2003-10-06,68.80489349365234,68.89101372399442,68.36765604506783,68.5531539365981,20226500
2003-10-07,69.06990814208984,69.1030289857442,68.17556449458378,68.40743061737389,42602900
2003-10-08,68.89764404296875,69.15600980378579,68.50678483455872,69.11626278036812,30920800
2003-10-09,69.08313751220703,69.70586784095318,68.785024725293,69.48062291285945,40066500
2003-10-10,69.27526092529297,69.29513443843533,68.8380284732569,69.07651568526659,22682800
2003-10-13,69.49388122558594,69.75224701079132,69.23551544038055,69.3680089004802,23825600
2003-10-14,69.73899841308594,69.84499723035358,69.13614656635707,69.42763825954128,38484400
2003-10-15,69.55350494384766,70.14973565013754,69.32163885092986,70.12986213564484,39021700
2003-10-16,69.83174896240234,70.04374153977328,69.32826469578323,69.34813821017711,32772200
2003-10-17,69.06990814208984,69.97749911619715,68.88441524385776,69.87150534047986,32790300
2003-10-20,69.58660888671875,69.58660888671875,68.85788494414939,69.19574469255235,27657000
2003-10-21,69.46735382080078,69.7455930086359,69.1096155560273,69.44085412848798,26729100
2003-10-22,68.59288787841797,69.02349905662133,68.361021876093,68.9175002816729,33914500
2003-10-23,68.467041015625,68.86452646065138,68.12917611291684,68.1623020059614,45830500
2003-10-24,68.61939239501953,68.61939239501953,67.69192326623343,68.122534474702,51723600
2003-10-27,68.65250396728516,69.016868414777,68.41401179334495,68.72537685678353,32460200
2003-10-28,69.58660888671875,69.65948178640569,68.77838585695449,68.88438463988102,34956200
2003-10-29,69.67935943603516,69.84497875347635,68.8115158300194,69.40774132936737,30955400
2003-10-30,69.82513427734375,70.20274627594864,69.42764876107059,70.08350011563644,39123100
2003-10-31,69.75888061523438,70.05036726929802,69.70588120384024,69.82512735232602,25761600
2003-11-03,70.21597290039062,70.62671067687522,70.0304800511076,70.05697975161962,37589300
2003-11-04,70.0635986328125,70.40145840692507,69.94435252009615,70.21596557698864,31421600
2003-11-05,70.11660766601562,70.20273296531863,69.49388232850237,69.8847415800106,33558800
2003-11-06,70.48757934570312,70.51407904181872,69.62635691199716,69.95759553199173,28392300
2003-11-07,69.96421813964844,70.69956824275381,69.93771844488879,70.64656885323451,31723200
2003-11-10,69.67935943603516,70.1165918058437,69.56673951320725,70.0503450897273,25530800
2003-11-11,69.65947723388672,69.77872332973578,69.42761122926348,69.61972516573714,26558600
2003-11-12,70.44123077392578,70.53397721561309,69.66613334512392,69.71250656596757,28000000
2003-11-13,70.46109008789062,70.58033621092613,70.07685201874277,70.22922403040519,29714800
2003-11-14,69.8648452758789,70.85193489390807,69.75222536431382,70.48757546455634,49158500
2003-11-17,69.51376342773438,69.6528830945181,68.92415886428334,69.50051610178923,44382100
2003-11-18,68.79165649414062,69.85824560092632,68.6989100547942,69.7191259419067,41155000
2003-11-19,69.37461853027344,69.5667375395708,68.84463470777726,68.91750760972799,29827000
2003-11-20,68.75189208984375,69.71910832310274,68.73201857990634,68.89763790178563,53578700
2003-11-21,69.0367431640625,69.11624224157472,68.64588407180135,69.05661666986568,30016000
2003-11-24,69.95099639892578,70.0768687405827,69.34814450561029,69.35477069577702,28906400
2003-11-25,70.21597290039062,70.50083836301843,69.85823452493005,70.04373242851415,37580000
2003-11-26,70.46771240234375,70.52070674521194,69.81848242277653,70.50083323484878,33053600
2003-11-28,70.52069091796875,70.65981556788797,70.35507162971209,70.40807101498612,10507500
2003-12-01,71.2825698852539,71.33556929226111,70.75259097808683,70.7857118167401,38699000
2003-12-02,71.10370635986328,71.39519300273494,70.93146080659693,71.13682719998636,35352000
2003-12-03,70.99107360839844,71.60055154325485,70.93144802004241,71.31568608717835,39078600
2003-12-04,71.2825698852539,71.3620689957647,70.8453374131986,70.99770439046726,36089500
2003-12-05,70.78572082519531,71.4150774913214,70.63335382853587,70.9645925830331,28824400
2003-12-08,71.26265716552734,71.30903035757068,70.67305298627683,70.7127999925143,32482900
2003-12-09,70.71282958984375,71.50117923884838,70.58033614406358,71.48130572741145,43596100
2003-12-10,70.7061996459961,70.87181895973661,70.1960893292671,70.73269428841027,36915400
2003-12-11,71.50117492675781,71.61379485430918,70.66645211664046,70.67307830482015,45304000
2003-12-12,71.64027404785156,71.68002105695197,71.14341621689958,71.52765415253425,34142200
2003-12-15,71.2825698852539,72.36241132224363,71.20307582904475,72.3226592398374,38693400
2003-12-16,71.6535415649414,71.87878140318217,71.22955147629355,71.3355502620306,32894200
2003-12-17,71.87877655029297,71.87877655029297,71.415044529753,71.58728496349644,23198800
2003-12-18,72.68701934814453,72.69364553718589,71.80592321479251,71.91192202224899,29353100
2003-12-19,72.48465728759766,72.79749362304365,72.27166309212964,72.75090130147821,41465100
2003-12-22,72.99053192138672,72.99053192138672,72.40479398280505,72.41145148070248,27611300
2003-12-23,73.03712463378906,73.18355404102033,72.80415790980287,72.87072273276065,24741200
2003-12-24,72.96388244628906,73.13693670790327,72.83741541972528,72.89731764608837,8055800
2003-12-26,73.0171127319336,73.27004673502292,72.9705204279193,73.02377022627286,8308400
2003-12-29,73.98892211914062,74.06213426229978,73.07038064347807,73.28337481151055,22483700
2003-12-30,74.00224304199219,74.06214528026517,73.78259134529333,73.9423357255369,19559500
2003-12-31,74.06881713867188,74.22856154988878,73.77594815295481,74.02888230541346,31501800
2004-01-02,74.03550720214844,74.67448964382342,73.70270352972305,74.37496329173197,38072300
2004-01-05,74.8409423828125,74.8941871471972,74.27517169233779,74.34173653464153,27959800
2004-01-06,74.91413116455078,75.03394072568777,74.54804498380372,74.65454462845108,20472800
2004-01-07,75.16707611083984,75.25360328179055,74.47484350868334,74.80764735136337,30170400
2004-01-08,75.46659851074219,75.48657100723469,75.06057741118424,75.38007133867616,36438400
2004-01-09,74.80765533447266,75.54648035032083,74.72778057555949,75.10052437230341,54084300
2004-01-12,75.36005401611328,75.38002142119944,74.78763137213495,74.91409837525445,31564100
2004-01-13,74.92080688476562,75.36676793769618,74.3883237304694,75.2735781805556,54239700
2004-01-14,75.54647827148438,75.65297794710467,74.99402263011815,75.05392996720059,30112800
2004-01-15,75.73281860351562,75.91918788624719,74.93409165518545,75.59304164146695,38408700
2004-01-16,76.03234100341797,76.08558573982856,75.63297247215667,75.90587396330643,31922700
2004-01-20,76.01240539550781,76.311931939284,75.75947627074542,76.23205717864015,29863000
2004-01-21,76.6114273071289,76.74455186285297,75.69289072445433,75.9657871768692,30725000
2004-01-22,76.41175079345703,76.79779932325476,76.26531631607253,76.63805492891836,29888500
2004-01-23,76.16547393798828,76.79114667469747,75.84598007208623,76.54487004726917,44245300
2004-01-26,77.12397766113281,77.1639125041381,76.13221838223575,76.13887588213147,30460600
2004-01-27,76.33184814453125,77.5432532714821,76.31188073731363,77.04404777831806,35322800
2004-01-28,75.45994567871094,76.73125372654955,75.17373416874983,76.53157446636644,52621300
2004-01-29,75.53311920166016,75.779390654461,74.92075662167636,75.58636392663988,60117100
2004-01-30,75.53311920166016,75.6928635329608,75.27352768079811,75.55973902505966,30984400
2004-02-02,75.85926818847656,76.33184878324451,75.29350297379273,75.67955136565242,38832400
2004-02-03,75.73281860351562,75.9724377036511,75.50651449682218,75.70619369481368,25093500
2004-02-04,75.1137924194336,75.69953016856458,75.07385760133153,75.34010157110184,39332600
2004-02-05,75.33345031738281,75.57306940221247,75.06720632555188,75.32679282108705,37226800
2004-02-06,76.1788101196289,76.34521206840763,75.34680037573526,75.49323490317005,37216000
2004-02-09,76.19876098632812,76.45834754647156,76.07229391614126,76.32522297833195,24851300
2004-02-10,76.44503021240234,76.63805702166353,76.05232417431372,76.06563409162908,27908100
2004-02-11,77.25707244873047,77.47006667352247,75.99241701732299,76.44503037977884,42965700
2004-02-12,76.97749328613281,77.39016660512154,76.93090097340243,77.19048744121187,27814700
2004-02-13,76.63138580322266,77.34358558937326,76.37845679405451,77.09065658020513,44739900
2004-02-17,77.3236312866211,77.49669067917081,77.0573872392022,77.11063706432255,23984300
2004-02-18,76.9841537475586,77.60982124573043,76.77781200193361,77.34357727207916,28618000
2004-02-19,76.697998046875,77.47010054500613,76.58484084814928,77.43016569732946,51146200
2004-02-20,76.4649887084961,76.91760201716757,76.09225012894862,76.86435727593384,46728800
2004-02-23,76.27196502685547,76.71792593489216,75.99241108081395,76.69130102410023,36357000
2004-02-24,76.13885498046875,76.53821853544174,75.23362821416563,76.0589802382009,43953000
2004-02-25,76.4583511352539,76.58481313319358,76.09226490341553,76.1854495663956,31213600
2004-02-26,76.50494384765625,76.73790550626636,76.10557520068659,76.2852921074596,29683000
2004-02-27,76.55816650390625,77.03740467940943,76.29858000520566,76.67132362958694,39312000
2004-03-01,77.31695556640625,77.43676001954778,76.7112504141127,76.83105994543553,33130800
2004-03-02,76.86438751220703,77.85614166759228,76.69798556971091,77.17056647701777,38556400
2004-03-03,77.004150390625,77.12395997034331,76.49162965809208,76.71128140060618,31346200
2004-03-04,77.2038345336914,77.27705178583898,76.89099810691248,77.02412269180972,21060000
2004-03-05,77.46346282958984,77.84285921397665,76.73129499212942,76.8244797126324,55905600
2004-03-08,76.51824188232422,77.62315283182322,76.4849645523671,77.43677845569691,39281600
2004-03-09,76.21206665039062,76.68464741499801,76.0390072605597,76.6114301761535,39746100
2004-03-10,74.9341049194336,76.39178211207185,74.92078992363466,76.35850477894049,67671800
2004-03-11,73.96229553222656,75.3933473683835,73.94898054055007,74.81427218499132,89134800
2004-03-12,74.9341049194336,75.02063207939472,74.26849731861044,74.36833947437052,54012200
2004-03-15,74.01555633544922,74.78100602124518,73.81587712057801,74.72775619933984,57677200
2004-03-16,74.40827178955078,74.5879836012962,73.775941543239,74.40161429187641,59832600
2004-03-17,75.24028015136719,75.38671462894398,74.61460741196915,74.66785723621211,41607300
2004-03-18,75.2602310180664,75.39335047122144,74.5014389630831,75.01395444372979,60014300
2004-03-19,74.18154907226562,75.19014172515946,74.16819249031424,75.08327378158742,48636200
2004-03-22,73.23973083496094,73.85423532492494,72.8723612507513,73.83419791051084,62752100
2004-03-23,73.11282348632812,73.74068967626125,73.0460304034808,73.64049750399748,54080200
2004-03-24,73.17293548583984,73.56701821305762,72.70537374807336,73.19297289963258,51584300
2004-03-25,74.1414566040039,74.34184095754418,73.3332485444335,73.52695206059289,49873600
2004-03-26,74.16148376464844,74.66912031969507,74.00786019803262,74.11472810141949,37409500
2004-03-29,75.2034683227539,75.30366048339619,74.52885163946488,74.56224562902231,44113600
2004-03-30,75.457275390625,75.52406845355199,74.95631977469642,75.00975626343164,39059900
2004-03-31,75.54414367675781,75.74452806182607,75.06322522938326,75.47066974196522,48517600
2004-04-01,75.9983139038086,76.05843123402227,75.51071990622414,75.52407648183573,45103800
2004-04-02,76.5727767944336,76.7063629926092,76.07850174599969,76.68632557248154,50987700
2004-04-05,76.9935531616211,77.06702707580138,76.43916603096785,76.45252260809828,30251800
2004-04-06,76.74640655517578,76.93342918237767,76.55938392797388,76.69965089837531,28420900
2004-04-07,76.56607818603516,76.79986162256549,76.21875109379525,76.77981911110254,45890500
2004-04-08,76.39241790771484,77.0870771947257,75.9716117947837,77.0870771947257,46929700
2004-04-12,76.6929931640625,76.86665926848302,76.52600789719283,76.53268873474367,23085200
2004-04-13,75.61761474609375,77.01361435826628,75.49070430062723,76.9868961015372,56210300
2004-04-14,75.73782348632812,75.90480872288781,75.17675553756041,75.21683036361954,62322300
2004-04-15,75.45063781738281,75.99834940100526,75.0498741140471,75.77792758057518,61602500
2004-04-16,76.03173065185547,76.17867849764752,75.46398178073815,75.73115412292104,47059200
2004-04-19,76.03173065185547,76.13859856953147,75.65768020002501,75.84470797393313,28277600
2004-04-20,74.75593566894531,76.35899466295231,74.66242436142677,76.19869029234683,53299400
2004-04-21,75.25689697265625,75.44391960182517,74.72254733159996,74.94296394684365,50177300
2004-04-22,76.31227111816406,76.5928051587565,75.10329935085885,75.13001760653235,62071500
2004-04-23,76.38572692871094,76.52599391573608,76.00500079364699,76.42580175472241,29395700
2004-04-26,76.27888488769531,76.7731650570276,75.87812117698333,76.47926929104484,35515200
2004-04-27,76.34566497802734,76.89337644182132,76.11856236836425,76.2989093078005,43485500
2004-04-28,75.35713195800781,76.15198367977675,75.14339096089188,76.07182889486303,50165800
2004-04-29,74.6958236694336,75.69105407163015,74.24830453979978,75.2902905958986,69687600
2004-04-30,74.11470031738281,75.06317489931295,74.07462550563407,74.9229079622092,48681400
2004-05-03,74.90962982177734,75.00314121108767,74.37527465772823,74.38863633962313,33758000
2004-05-04,74.8494873046875,75.65101978154144,74.58231490838965,74.97639776011974,51185100
2004-05-05,75.33036804199219,75.45059759850334,74.91624797755266,75.08323318959678,34405000
2004-05-06,74.68250274658203,75.20349605888975,74.14147201395276,74.82276978481974,54997000
2004-05-07,73.44679260253906,74.96302154392198,73.44679260253906,74.28839969920139,60950000
2004-05-10,72.69203186035156,73.3065364554379,72.3780987248657,73.09947634309029,75279400
2004-05-11,73.3065414428711,73.50692582689544,73.02600738202626,73.11283789724398,48300600
2004-05-12,73.77406311035156,73.83418043535058,72.17768492404659,73.18627701071938,90830500
2004-05-13,73.46686553955078,74.01457722690566,73.2264062528108,73.31324188723731,57393700
2004-05-14,73.50022888183594,73.96778554745141,72.98591145367347,73.44011154140797,54123100
2004-05-17,72.87236785888672,73.13954529926842,72.41149199761374,72.73210084928313,55020400
2004-05-18,73.23973083496094,73.43343433427282,73.02598992123497,73.13285783010528,30193100
2004-05-19,72.98591613769531,74.26168598658413,72.90576647329486,73.80748586970039,54804100
2004-05-20,73.21967315673828,73.38665835862248,72.83226626533079,73.10611934650923,38082900
2004-05-21,73.34658813476562,73.84086806675094,73.11949067627341,73.45346112416287,47480400
2004-05-24,73.65381622314453,73.9811108240382,73.259733669719,73.82748222606944,40961500
2004-05-25,74.70919799804688,74.7960335873473,73.20633078491501,73.40671511839338,48668000
2004-05-26,74.96969604492188,75.003095133152,74.48210197106845,74.58229413977345,35977000
2004-05-27,75.39049530029297,75.49736320016832,74.84945967672385,75.17007356831981,45306900
2004-05-28,75.38383483886719,75.3971914189673,75.0498642805153,75.29700432825076,23367200
2004-06-01,75.28363800048828,75.38383018100036,74.72256994319818,75.11665273163014,41044700
2004-06-02,75.56417846679688,75.79796193990417,75.11665913116742,75.49738537276039,39774200
2004-06-03,74.8695068359375,75.60424603816277,74.85615025770868,75.35042518794474,38688300
2004-06-04,75.46397399902344,75.86473756695752,75.28362708106269,75.46397399902344,32739500
2004-06-07,76.61283874511719,76.68631267054835,75.75787499026661,75.76455582784743,31643800
2004-06-08,76.71971893310547,76.75979377036408,76.25883792068561,76.39242920485839,32846500
2004-06-09,76.00499725341797,76.6128208355485,75.95824159325409,76.48591552709496,36737600
2004-06-10,76.37904357910156,76.37904357910156,76.09850961428235,76.17198352354235,21711000
2004-06-14,75.62425231933594,76.04505315610767,75.39047407668497,76.02501574902094,34633000
2004-06-15,76.15864562988281,76.44586052048784,75.81799932166643,76.07849595547258,37445000
2004-06-16,76.14525604248047,76.27884217258237,75.94487175134341,76.14525604248047,26633400
2004-06-17,76.03173065185547,76.19203507636236,75.69776012814107,76.0450872305703,28402400
2004-06-18,76.17518615722656,76.57071254222872,75.8735175650318,75.93384923763581,31799800
2004-06-21,75.88692474365234,76.51708283952634,75.83999840340135,76.25563535604404,25284000
2004-06-22,76.26903533935547,76.34277745666057,75.53161928089159,75.8399930829915,37334000
2004-06-23,76.92598724365234,76.9863188962933,76.03438198099659,76.16175562268617,35580000
2004-06-24,76.6846694946289,77.0466748443532,76.5975220475902,76.79863272104573,35272100
2004-06-25,76.3159408569336,77.05336182881237,76.20868287939669,76.69806178668118,32837900
2004-06-28,76.05451202392578,76.83215428783826,76.02770135893782,76.77181750514788,40824500
2004-06-29,76.36956787109375,76.53716260665071,76.03437839997984,76.10812049279173,28418100
2004-06-30,76.7785415649414,76.9528416176465,76.18860961332422,76.47016769605595,52230600
2004-07-01,75.7126235961914,76.69137655124656,75.47128669060663,76.59081865482172,57734700
2004-07-02,75.67241668701172,75.94727466643467,75.48471129354648,75.86012719506533,34615100
2004-07-06,75.00872039794922,75.38413107383828,74.83442039217779,75.33050463055902,38698200
2004-07-07,75.2299575805664,75.46458928681287,74.91487852592648,74.95509964282942,29839800
2004-07-08,74.7070541381836,75.29698594913376,74.54615945962598,74.95509115043262,45291100
2004-07-09,74.90143585205078,75.04221480561772,74.66679914818752,74.89473063104711,27412900
2004-07-12,74.93500518798828,75.10930525633759,74.41211009752902,74.76070511963896,35691300
2004-07-13,74.9886245727539,75.09588259496844,74.81432453274392,75.02884569176086,26752000
2004-07-14,74.76068115234375,75.34391285873501,74.49253358188011,74.5863862544598,54089400
2004-07-15,74.27800750732422,75.02212872932738,74.21096550458851,74.90816039342872,38403500
2004-07-16,74.2176284790039,74.86119144513863,74.03662847257819,74.79415459515073,40871200
2004-07-19,73.90262603759766,74.38530003969616,73.73503118212395,74.24452097484894,39592800
2004-07-20,74.84112548828125,75.01542549375625,73.90929890893644,74.09700424656174,46679800
2004-07-21,73.46014404296875,75.12268137028002,73.37299148540245,74.96179181609206,56241100
2004-07-22,73.6612548828125,74.00314966154106,72.91713366036097,73.31265999547571,72477100
2004-07-23,73.0445327758789,73.54731728434277,72.86353260325086,73.48698559832958,49610500
2004-07-26,72.90373229980469,73.35959032474557,72.54172694635866,73.19870076140967,49679100
2004-07-27,73.58753204345703,73.81546366049858,73.05123168290221,73.10486325333412,51295100
2004-07-28,73.80876159667969,73.98976687599254,72.79648739842247,73.44005604199234,65862300
2004-07-29,74.12380981445312,74.32492557111068,73.74169396847266,74.10369926170459,52200500
2004-07-30,74.30482482910156,74.34505105726485,73.80874567484317,73.9562299107385,41581700
2004-08-02,74.45905303955078,74.65346371399121,73.77526817995846,73.86912090353799,38263100
2004-08-03,73.88248443603516,74.45230568235212,73.84896854777354,74.36515823536759,40948800
2004-08-04,73.87577056884766,74.24448109869377,73.50035993088532,73.66795469634512,40763200
2004-08-05,72.66907501220703,73.99642239249314,72.58192248039826,73.93609074547341,50772000
2004-08-06,71.62999725341797,72.37411837467405,71.4758129430091,72.15289207060634,74729000
2004-08-09,71.73058319091797,72.05236749677259,71.6434357254891,71.74398852614239,37476300
2004-08-10,72.65571594238281,72.67583162019776,71.90489430413383,71.93841020464777,55870600
2004-08-11,72.50824737548828,72.62221066015842,71.79764164520316,72.18646297305489,52933200
2004-08-12,71.71717071533203,72.3674342580294,71.48253389826736,72.18643412028632,50015900
2004-08-13,71.85794830322266,71.96520631596343,71.45571669032935,71.7976115154537,41634700
2004-08-16,72.60205841064453,72.82998484912434,71.79760042372291,71.8244162014123,45731900
2004-08-17,73.01099395751953,73.25903096382703,72.7562466131991,72.90373084105053,40701600
2004-08-18,73.76180267333984,73.85565532687254,72.72941836989419,72.74952892213891,43165400
2004-08-19,73.54729461669922,73.75511051281273,73.19199449189085,73.61433150758226,39881600
2004-08-20,74.06352996826172,74.16408280234732,73.41326103002957,73.48029795761656,44870900
2004-08-23,73.87577056884766,74.25788642951255,73.77521780124086,74.11040733216046,33745100
2004-08-24,73.97633361816406,74.2310809527919,73.64114406383202,74.17074417342705,30453100
2004-08-25,74.4791259765625,74.59308920981684,73.6746730053013,73.96293625767757,38551400
2004-08-26,74.4791259765625,74.61990499080385,74.31153118133415,74.3852733004016,26629500
2004-08-27,74.71373748779297,74.83440591234995,74.44558997952043,74.5461427378297,24902900
2004-08-30,74.09700775146484,74.6400132345069,74.04337619115309,74.55957100862635,26726500
2004-08-31,74.48583984375,74.51936085252032,73.80875536037452,74.1841712231684,44125300
2004-09-01,74.62660217285156,74.84112328304333,74.06348617656819,74.37856006139148,52778300
2004-09-02,75.4712905883789,75.55173281800361,74.57297981240002,74.57297981240002,42736600
2004-09-03,75.16291046142578,75.63217381011583,75.08916834740492,75.3036894660328,30480500
2004-09-07,75.65900421142578,75.84000436244791,75.29699879479361,75.44448305133871,37338800
2004-09-08,75.4712905883789,75.79306973605243,75.29028534254863,75.49810636978292,32963100
2004-09-09,75.40423583984375,75.672383361224,75.10256220641176,75.46456749777848,34314800
2004-09-10,75.79306030273438,75.9338393016434,75.13609164115896,75.43105497071689,27900600
2004-09-13,76.04109954833984,76.24891542729029,75.75954156113217,75.960652217172,44398100
2004-09-14,76.19530487060547,76.21541542894282,75.8802258177533,75.953967941382,28048900
2004-09-15,75.6187744140625,75.99418512248505,75.53832707029167,75.95396400789329,38295000
2004-09-16,75.84671783447266,76.00090733251432,75.61879131472844,75.65230721284988,23911700
2004-09-17,76.16915893554688,76.31052396803305,75.8595014640232,76.03452190279027,33683000
2004-09-20,75.71138763427734,76.0614335752787,75.58348376358619,75.84601950330635,37149400
2004-09-21,76.04125213623047,76.38457013680974,75.7585220820487,75.89988710913958,40920800
2004-09-22,75.09208679199219,75.74505712774757,75.03823198000899,75.73159599269056,49042100
2004-09-23,74.68818664550781,75.19306399138337,74.68818664550781,75.12574803910888,44068700
2004-09-24,75.03147888183594,75.21323753995154,74.80933169341742,74.83625909224477,34981100
2004-09-27,74.5535659790039,74.85649037784023,74.4391283292994,74.78917441541869,39355100
2004-09-28,74.91033935546875,75.06517067924477,74.32468487864428,74.66126980036071,41662900
2004-09-29,75.28730010986328,75.29403324520645,74.72184000209562,74.86320502903753,33325700
2004-09-30,75.23346710205078,75.3815652971457,74.8968821626091,75.0921020437907,43536700
2004-10-01,76.50572204589844,76.50572204589844,75.53635622936956,75.57001676195088,62824300
2004-10-04,76.6336441040039,77.03755007445537,76.60672183279306,76.80866968214103,33082400
2004-10-05,76.67401885986328,76.84904439480508,76.431677391752,76.6403583253403,36910600
2004-10-06,77.1990966796875,77.1990966796875,76.52592702086075,76.58650982493424,42297800
2004-10-07,76.37108612060547,77.01060029747022,76.31050332416238,76.99713402989869,39388800
2004-10-08,75.73835754394531,76.58654803945876,75.63064787956804,76.16918592969549,51872600
2004-10-11,76.0479965209961,76.08165193097099,75.82584924447318,75.92009260980807,20229100
2004-10-12,75.75177764892578,75.95373059229449,75.35461003241112,75.52963043839553,41754700
2004-10-13,75.08534240722656,76.11529113667966,74.93724426439964,76.06816946722353,54212600
2004-10-14,74.47948455810547,75.34787396336561,74.43909602535548,75.17958156240536,64082200
2004-10-15,74.8968505859375,75.21996911548204,74.43236192185624,74.7352861852888,63482200
2004-10-18,75.17960357666016,75.32770175461187,74.51989491193294,74.64779881759631,43535100
2004-10-19,74.54678344726562,75.54980962549239,74.44580700260097,75.40843952143669,55851900
2004-10-20,74.3987045288086,74.60065747020755,73.88036617850368,74.30446119238951,57118500
2004-10-21,74.88341522216797,74.93727004460997,74.19005107483248,74.58049083371917,53218300
2004-10-22,74.04192352294922,74.8901186645209,73.95441332308825,74.849730131643,48752400
2004-10-25,73.95443725585938,74.12946284809875,73.61111920766471,73.8803881643688,43990900
2004-10-26,75.08534240722656,75.12573094222417,73.96787833744295,74.13617074776867,54337400
2004-10-27,75.9874267578125,76.13552497761735,74.80265127113256,74.97767177101153,73896000
2004-10-28,76.21625518798828,76.44513036350732,75.72483917014456,75.92005895060983,54413300
2004-10-29,76.20280456542969,76.49900086361619,76.00085674602008,76.14895489511333,48820200
2004-11-01,76.41150665283203,76.63364878710217,76.20282051911185,76.44516206184117,36720900
2004-11-02,76.43842315673828,77.12505400593011,76.21627591828195,76.51920023553889,56210000
2004-11-03,77.40107727050781,77.6568799832898,76.90292784726257,77.43473268394087,76960200
2004-11-04,78.45790100097656,78.53867804755217,77.19907228779556,77.26638820523365,55350300
2004-11-05,78.94937133789062,79.19171293206132,78.41756645823153,78.79454512465216,63287200
2004-11-08,78.83487701416016,78.91565919944621,78.5723413318248,78.74736683200686,33863800
2004-11-09,78.68006134033203,79.09742834305774,78.59928427494262,78.81469834244184,44658100
2004-11-10,78.74063110351562,79.13107061571388,78.59926613583183,78.8012138885764,45265400
2004-11-11,79.33981323242188,79.5148388630152,78.82820261616101,78.88205744647885,37863200
2004-11-12,79.96582794189453,80.10719296022496,79.21860917652143,79.41382900256168,55583700
2004-11-15,80.16230010986328,80.18930216254343,79.82471778928979,80.0070099759166,35297900
2004-11-16,79.58840942382812,79.94625102575402,79.48713884423343,79.91249073182404,40028700
2004-11-17,80.06103515625,80.4391257578159,79.716699700625,79.9192511806628,54494000
2004-11-18,80.16907501220703,80.2095884070487,79.82474463819732,80.02729100800906,31854300
2004-11-19,79.2778091430664,80.15552499581555,79.08876391966714,80.14201882208931,54276500
2004-11-22,79.65592956542969,79.75045220658694,79.01452004203676,79.10904268319402,37560200
2004-11-23,79.7774429321289,79.84495835456667,79.2440623380064,79.62215282453515,41968800
2004-11-24,79.96649932861328,80.06776990084624,79.70318553861307,79.85171742825382,29724800
2004-11-26,79.90574645996094,80.33110354558491,79.87199131340391,80.01377529157915,15487700
2004-11-29,79.54114532470703,80.35134599084866,79.31834490628323,80.20280894450116,61460800
2004-11-30,79.59516143798828,79.83146803901423,79.42637027281296,79.66942996275323,53685200
2004-12-01,80.4998550415039,80.68214716610841,79.73691595988466,79.77742932731563,49898300
2004-12-02,80.56739807128906,80.93198759657666,80.35134559161095,80.4121079369435,60163500
2004-12-03,80.51337432861328,81.11427037902,80.40534552575072,80.55388255413833,49067900
2004-12-06,80.48634338378906,80.7766642669642,80.23653071418872,80.48634338378906,33030500
2004-12-07,79.73695373535156,80.76320701153017,79.69644549982544,80.67543229975944,52047200
2004-12-08,80.20279693603516,80.22305104821406,79.67616941499668,79.81120026358721,43895100
2004-12-09,80.48634338378906,80.65513447514448,79.48710300757833,79.76391771883166,60922800
2004-12-10,80.56739807128906,80.7226830545372,80.24331677622317,80.29057809518096,47828600
2004-12-13,81.26959991455078,81.2898540371374,80.58092884000943,80.85774891829158,38541000
2004-12-14,81.55313873291016,81.66791548720485,81.1412878841139,81.1412878841139,41500700
2004-12-15,81.6139144897461,81.76920465132494,81.22907078185753,81.49238462667086,46699200
2004-12-16,81.56668090820312,81.85700206035521,81.04680613165638,81.50591853154575,51641800
2004-12-17,81.0226058959961,81.38213269893127,80.83266759825149,81.03617069922194,70761900
2004-12-20,81.04295349121094,81.5992035661371,80.8394452203278,81.23289178380568,47187400
2004-12-21,81.66703033447266,81.72808488023031,81.03616096393597,81.13113010139914,33094200
2004-12-22,81.86373138427734,82.13507392144211,81.60595882045645,81.66022318754666,31500700
2004-12-23,81.92478942871094,82.27075132968176,81.8501752691182,81.99262895176994,25646100
2004-12-27,81.75524139404297,82.3250615818143,81.66705721606607,82.21652243159822,29944100
2004-12-28,82.20292663574219,82.30468075685145,81.80948012768216,81.83661490500661,23422900
2004-12-29,82.32503509521484,82.35216987403874,82.04690749384235,82.13509681887747,22650600
2004-12-30,82.16902160644531,82.46749903511362,82.1079722280889,82.3521800923756,21076900
2004-12-31,81.99263000488281,82.5285301562724,81.94514544338901,82.2843223613245,28648800
2005-01-03,81.60599517822266,82.59639148100932,81.3346525201671,82.46071756426616,55748000
2005-01-04,80.60881042480469,81.76879519214333,80.34425276780274,81.71452562777613,69167600
2005-01-05,80.05253601074219,80.89369330119001,80.04575102339977,80.54773140273149,65667300
2005-01-06,80.4595718383789,80.82588363529388,80.22214896318324,80.34425289548824,47814700
2005-01-07,80.3442153930664,80.8801154471824,80.13392222282589,80.70374203275013,55847700
2005-01-10,80.72412109375,81.03616329373307,80.27640499675475,80.27640499675475,56563300
2005-01-11,80.16790771484375,80.54778444933311,80.03901874759957,80.47995005752178,63099700
2005-01-12,80.43244171142578,80.61559503276855,79.72016786918324,80.31712276186067,72720500
2005-01-13,79.78799438476562,80.54096769200686,79.70659004666956,80.47991314457731,55537500
2005-01-14,80.20857238769531,80.40529566108688,79.88296537861487,80.02541909201632,42032500
2005-01-18,81.04295349121094,81.14470762665249,80.01185250936757,80.07969204994883,57391700
2005-01-19,80.19502258300781,81.07687980833131,80.18823759288264,81.01583042349793,54378900
2005-01-20,79.70659637451172,80.18144211252815,79.56414265310679,79.9711540250395,72049300
2005-01-21,79.21820068359375,80.0457936151414,79.13001650293587,79.90333985772558,63160400
2005-01-24,79.06217956542969,79.59807479844808,78.94007560938499,79.42848625813221,58441900
2005-01-25,79.2860107421875,79.68624227869822,79.17747679740111,79.30636570880067,68245000
2005-01-26,79.5234375,79.77442515447765,79.39454859066497,79.5844868725713,57195100
2005-01-27,79.65911102294922,79.87618409755594,79.3538537908377,79.49630751085176,55878800
2005-01-28,79.65911102294922,79.74051536671311,79.1028609458051,79.699810607116,60738900
2005-01-31,80.15431213378906,80.21536151035147,79.84904972468595,80.01185323761607,52532700
2005-02-01,80.66309356689453,80.77841252901315,80.11362319218973,80.2153773486485,49841200
2005-02-02,80.90727996826172,81.12435304302991,80.65629229847278,80.7648262481417,52468900
2005-02-03,80.69697570800781,80.83264958718782,80.43241811289342,80.76481005988316,48837100
2005-02-04,81.55848693847656,81.69415564042711,80.71054461271252,80.72410941273588,50024600
2005-02-07,81.44998168945312,81.75523898342992,81.37536231973766,81.57208564213012,45412000
2005-02-08,81.54492950439453,81.84340690510578,81.44996036333733,81.51779472474533,39263500
2005-02-09,80.93441009521484,81.73486798278351,80.89371051335831,81.68738341214089,55279400
2005-02-10,81.22611999511719,81.41605831857974,80.90051291930457,81.17185559943586,45858600
2005-02-11,81.92478942871094,82.10794786028389,81.03614757127093,81.19895104066879,53133000
2005-02-14,81.86373138427734,81.98583526723007,81.72806270340918,81.87051637094929,32432100
2005-02-15,82.16902160644531,82.37252988516107,81.8637643638022,81.9451687103746,43852700
2005-02-16,82.2232894897461,82.39287799339843,81.8569777008054,82.03335119372436,55523000
2005-02-17,81.55848693847656,82.30467515006306,81.55170195075026,82.23684079908779,58124000
2005-02-18,81.66703033447266,81.72808488023031,81.33463835335155,81.56527620849644,47723300
2005-02-22,80.45277404785156,81.72129774410146,80.4392092466118,81.33463621589712,80697600
2005-02-23,81.02935791015625,81.11076222787432,80.46632819941614,80.67661621756864,68292600
2005-02-24,81.56526947021484,81.61953902297614,80.71054730365672,80.88691558698683,68563600
2005-02-25,82.37250518798828,82.53530865689035,81.52456290662278,81.58561226667518,60899900
2005-02-28,81.82984924316406,82.2843504014043,81.42962282782075,82.18259625626303,69381300
2005-03-01,82.23686981201172,82.43358794661283,81.93160736178345,81.95874214683248,47294400
2005-03-02,82.19615936279297,82.71170989221167,81.84341753241009,81.91803689227717,64226500
2005-03-03,82.2300796508789,82.69136061684276,81.87733264285497,82.5285570922175,61230800
2005-03-04,83.25438690185547,83.32222126530661,82.61673249946844,82.79310598478553,56168500
2005-03-07,83.29510498046875,83.6071472619769,83.03054728146334,83.20692080594407,43442400
2005-03-08,82.98304748535156,83.43754343104338,82.83380877472311,83.2136853651007,44362000
2005-03-09,82.06049346923828,82.95592064327704,82.05370847935207,82.73884754579586,73263600
2005-03-10,82.24365997314453,82.42003351043589,81.67384494172404,82.21652518468188,65149000
2005-03-11,81.66703033447266,82.56924231580261,81.51101182668167,82.29111471649631,57976500
2005-03-14,82.17581176757812,82.1893817472428,81.5924268523369,81.81628493792661,36336400
2005-03-15,81.49742889404297,82.39285574451425,81.45672932029441,82.36572097020554,62438500
2005-03-16,80.80550384521484,81.51099239492093,80.65626518608471,81.19894510286959,74874200
2005-03-17,80.96833038330078,81.22610302909636,80.7105577375052,80.93441061458265,62584200
2005-03-18,80.72794342041016,81.40215036250108,80.46234658880586,81.11612380473638,60232000
2005-03-21,80.42828369140625,80.89137647854888,80.19673989571434,80.84370539145003,61244300
2005-03-22,79.61109924316406,80.99356658424728,79.61109924316406,80.61219771657223,92472400
2005-03-23,79.67916870117188,80.16950287834669,79.50891406719501,79.64511569607286,70817300
2005-03-24,79.77452087402344,80.3533856629083,79.72003813734352,79.99244662498337,51932500
2005-03-28,79.89029693603516,80.31934201494161,79.89029693603516,79.96520940391532,46765500
2005-03-29,79.35907745361328,80.29207458067566,79.16839312300394,79.77449911490864,71160300
2005-03-30,80.48278045654297,80.4963985427642,79.5225417115148,79.52935335250528,62002100
2005-03-31,80.33293914794922,80.6734483874009,80.27164997881206,80.4895756842308,64575400
2005-04-01,79.9720230102539,81.03441047791621,79.61789558628652,80.7892433398772,95255300
2005-04-04,80.10820007324219,80.26483660614169,79.50209405576585,79.92432737404225,71581200
2005-04-05,80.48959350585938,80.61898351238405,80.1354609087944,80.21037337372123,46853900
2005-04-06,80.7687759399414,81.00713132526442,80.4827494775538,80.66662214744363,53268200
2005-04-07,81.20465850830078,81.21828179027831,80.57812262708734,80.63941700446676,46734600
2005-04-08,80.36019134521484,81.18422319229752,80.36019134521484,81.15698182597752,63772900
2005-04-11,80.4214859008789,80.64622329122899,80.24442480159675,80.55769274158791,44945000
2005-04-12,80.83688354492188,81.0820505892629,79.72682540220309,80.28526029303363,86144800
2005-04-13,79.88346862792969,80.90499633316787,79.76769153922616,80.74154815938358,65949000
2005-04-14,78.84149932861328,80.01966346836622,78.84149932861328,79.95156266626817,96119800
2005-04-15,77.7382583618164,79.13434308940258,77.7042053604632,78.82107522083555,128677300
2005-04-18,77.97661590576172,78.28988378285278,77.60886530332648,77.71783075401484,100035200
2005-04-19,78.59635925292969,78.67807815978179,78.20136721727916,78.38523995345601,64930100
2005-04-20,77.49988555908203,78.74614511443495,77.32963098201529,78.57589053736822,107735900
2005-04-21,79.0049819946289,79.14118365831219,77.89491817214459,78.17413833718385,86952200
2005-04-22,78.70526123046875,79.33860826825155,77.81993562642631,78.82103305993031,88845800
2005-04-25,79.22286224365234,79.33863411082369,78.80744065367757,78.90278280261367,52284100
2005-04-26,78.45332336425781,79.52252212296237,78.41927555921175,78.97089884108706,72626000
2005-04-27,78.75979614257812,79.0458226858548,77.93576432270437,78.22179086598105,84131900
2005-04-28,77.77230834960938,78.78021798629759,77.77230834960938,78.50099791549066,72481500
2005-04-29,78.82788848876953,78.90961257625044,77.61567643447528,78.36479571789502,103993800
2005-05-02,79.27052307128906,79.27733470840613,78.67122370315009,79.04578580823694,56026400
2005-05-03,79.40677642822266,79.57703109689199,78.78705213606158,79.0458373619653,86000300
2005-05-04,80.0196762084961,80.18993083872694,79.18883278164814,79.44081150486302,81055700
2005-05-05,79.99242401123047,80.36017458621772,79.50208991124748,80.1354372577658,96906700
2005-05-06,79.7404556274414,80.3533733316309,79.72002590326159,80.31251388327125,67415400
2005-05-09,80.23760986328125,80.41467615104663,79.71322783644008,79.8221881087699,43750500
2005-05-10,79.40677642822266,80.01969427458427,79.26376313003163,79.92435207579025,74613500
2005-05-11,79.8426284790039,79.95159396161952,78.89601293076157,79.63151435113639,91647400
2005-05-12,78.96409606933594,80.08096603713471,78.96409606933594,79.89709332111376,95086800
2005-05-13,78.80744171142578,79.42035924549685,78.18090609693422,79.20243358846686,85267000
2005-05-16,79.54296112060547,79.57019728773585,78.76660046342178,78.79383663055216,49207000
2005-05-17,80.07416534423828,80.15588424800202,79.10712021413171,79.27737485798538,61071800
2005-05-18,80.89817810058594,81.09567406432743,80.36698456847486,80.4214620928712,77944900
2005-05-19,81.23870086669922,81.32042496057078,80.83689723319614,81.05482295442795,61768100
2005-05-20,81.1229248046875,81.30679751177257,80.8641344519086,81.2727445087989,46345500
2005-05-23,81.57240295410156,81.74946923596552,81.1706044943726,81.18422257955014,51047900
2005-05-24,81.38166046142578,81.60639767453492,81.177352959371,81.34080103931707,50654100
2005-05-25,81.3204345703125,81.63370250686756,80.92544253022842,81.27956992066817,47608800
2005-05-26,81.75626373291016,81.8652239787605,81.4634256032849,81.57919748817534,43256200
2005-05-27,81.8924560546875,81.8924560546875,81.58599987748444,81.76306090638691,24596100
2005-05-31,81.36811065673828,81.8380099925177,81.31362791770997,81.7767208079308,43377200
2005-06-01,82.06275177001953,82.34877837153009,81.34768007048291,81.39535117073466,69611000
2005-06-02,82.23979187011719,82.29426939892616,81.79031718607273,81.87885291243467,39704500
2005-06-03,81.82437896728516,82.32833123421058,81.53835242625391,82.09678742359266,60999400
2005-06-06,81.74945068359375,81.8584109275644,81.41575311700109,81.68815632480677,36046400
2005-06-07,81.81075286865234,82.57349548088716,81.72903397160648,81.98781913851666,66501300
2005-06-08,81.6609115600586,82.1239990428589,81.49746341767987,82.015038810364,46881200
2005-06-09,82.04911804199219,82.11721885854739,81.34085811914773,81.54516056881333,56653300
2005-06-10,81.85840606689453,82.16486745111577,81.4497960836907,82.10357309596839,36465300
2005-06-13,82.11719512939453,82.45770430953391,81.59280808235555,81.68134379447675,49383200
2005-06-14,82.30787658691406,82.53942032742194,81.9809854991739,82.02865657491127,33857100
2005-06-15,82.46453094482422,82.56668476303142,81.87885979167157,82.5122072296454,53195600
2005-06-16,82.67562103271484,82.83906396668746,82.3487299690124,82.4440721134762,46564500
2005-06-17,82.98197174072266,83.35120658323164,82.88624476859759,83.10505002155898,51529400
2005-06-20,83.00932312011719,83.31017708273983,82.69479089476289,82.79051786696948,41019400
2005-06-21,83.05721282958984,83.18029114939007,82.75635355524919,83.07772501343482,39879800
2005-06-22,83.12555694580078,83.3785526228454,82.78367343360834,83.20077173582139,46310100
2005-06-23,81.95635223388672,83.14610592221592,81.93584004875305,82.9546519053274,62185600
2005-06-24,81.35460662841797,82.0588858615095,81.25887444117565,81.96999280551204,58572500
2005-06-27,81.4708480834961,81.64862898379778,81.19734020996938,81.34776980124552,48183800
2005-06-28,82.15460968017578,82.2161462088329,81.62127223156703,81.64178440778608,41174200
2005-06-29,81.93582916259766,82.32557627854693,81.88796566473476,82.30506409613855,42316500
2005-06-30,81.49136352539062,82.27085760529229,81.33409479637618,82.20248193835388,62288800
2005-07-01,81.7306900024414,81.91531006198467,81.51188471401466,81.67598737615234,49737500
2005-07-05,82.38709259033203,82.4964978252786,81.49819853167044,81.53922288641104,51549000
2005-07-06,81.69647979736328,82.49648589952787,81.64861631817551,82.31870502680418,52363600
2005-07-07,82.0178451538086,82.0178451538086,80.86228253330994,80.88279470753064,103268800
2005-07-08,82.95463562011719,82.95463562011719,81.86060915500568,82.03155095320214,64491200
2005-07-11,83.37855529785156,83.48795531256422,82.94777871996246,82.96145698225689,49688300
2005-07-12,83.59738159179688,83.85037212392659,83.1734440383178,83.4127615214391,51871100
2005-07-13,83.71361541748047,83.77515195918085,83.41275619122203,83.60421016548484,41182300
2005-07-14,84.04183959960938,84.40423542639746,83.75465337486546,84.08970310094497,63638800
2005-07-15,83.99393463134766,84.13069115952094,83.66572939718806,83.95974941185044,56075900
2005-07-18,83.65892028808594,83.85037427950478,83.45379324730719,83.76148641684031,56598400
2005-07-19,84.11698150634766,84.17852322524064,83.69988859707829,83.90501548769379,59165700
2005-07-20,84.40423583984375,84.60252897969977,83.62474154757138,83.82302947069697,69477000
2005-07-21,83.91191101074219,84.5204633969949,83.74096921198066,84.47943903464564,101110900
2005-07-22,84.47259521484375,84.48626826262492,83.85036459784746,84.02130638712389,52607100
2005-07-25,84.23331451416016,84.7529740243042,84.0008308665848,84.38374418905036,57301600
2005-07-26,84.3358154296875,84.46573282311542,84.06914672918765,84.26060586250752,42758800
2005-07-27,84.64348602294922,84.71186165413094,84.13750009213295,84.44519304081383,43181600
2005-07-28,85.17687225341797,85.22473574445455,84.54096860580088,84.75977388150089,47880700
2005-07-29,84.60931396484375,85.21786608289202,84.44521137104118,85.06744174833065,62358100
2005-08-01,84.54779815673828,84.81446689325541,84.41104161446752,84.67087643641763,40418200
2005-08-02,85.05378723144531,85.19737769319607,84.60933758313364,84.69823064283328,45147400
2005-08-03,85.27944946289062,85.29312251208175,84.86919016966726,84.9580780312345,36837200
2005-08-04,84.59565734863281,84.99907739021613,84.49309125131774,84.94437999281271,50855600
2005-08-05,84.02129364013672,84.77344157222709,83.87770318493637,84.41104065188873,53595500
2005-08-08,83.86405181884766,84.3837163744312,83.67943174534365,84.20593543391288,47616000
2005-08-09,84.37003326416016,84.50678461564236,84.0144766202686,84.1443888391578,47170000
2005-08-10,84.3290023803711,85.12900867980484,83.9802796793118,84.6640468173022,72863700
2005-08-11,84.66404724121094,84.80763771490037,84.11019752601898,84.28797322674153,58570200
2005-08-12,84.14436340332031,84.57513994205704,83.93239730757881,84.49308602593383,54776900
2005-08-15,84.66404724121094,84.69823768497336,83.98711923189529,84.25378799970841,36208500
2005-08-16,83.56320190429688,84.4589354064896,83.48114794949099,84.4042379866829,71942100
2005-08-17,83.55635070800781,84.0144787019569,83.44011153469482,83.54951679197515,62275100
2005-08-18,83.54954528808594,83.80253590255664,83.31022251034226,83.4538182636811,53388600
2005-08-19,83.74095153808594,83.98026896249716,83.55633151301971,83.85035155350454,39842100
2005-08-22,83.74095153808594,84.26061595732789,83.33752626545393,83.81616633100498,69912000
2005-08-23,83.58369445800781,83.8366901800251,82.83839077297232,83.76147537663427,55168600
2005-08-24,82.83838653564453,83.91873982296971,82.79735696161143,83.37856317930712,79104600
2005-08-25,83.13924407958984,83.19394670282529,82.87941444431544,82.97514142661282,35631100
2005-08-26,82.57170867919922,83.070855693816,82.51700606433674,83.06402177950456,61956800
2005-08-29,83.20762634277344,83.26916288238381,82.31188782685297,82.33240522345245,56179200
2005-08-30,82.77000427246094,82.9409460365786,82.31871551116058,82.9067555970636,74160200
2005-08-31,83.81619262695312,83.87089526018876,82.5580581461845,82.86575654558732,102945200
2005-09-01,83.75462341308594,84.20591216429244,82.8315389508427,83.77513558964468,74578700
2005-09-02,83.60420227050781,84.02130062507669,83.44693875652686,84.00078844644692,47653400
2005-09-06,84.5820083618164,84.65038926151303,83.86405586557375,83.87089499888945,57251300
2005-09-07,84.72562408447266,84.87604853582715,84.41792561337013,84.53416482353418,41749700
2005-09-08,84.44524383544922,84.78712741373039,84.31532640634897,84.55464908452932,39068700
2005-09-09,85.19738006591797,85.29310704308443,84.65036951307084,84.67088169150237,43093900
2005-09-12,85.02642822265625,85.24523346123375,84.97172560882977,85.09480388157515,33017600
2005-09-13,84.55464172363281,85.07430096133614,84.458909530657,84.87600787718792,58427500
2005-09-14,84.24693298339844,84.7324069362619,84.11701558167148,84.60932866534381,57694600
2005-09-15,84.20591735839844,84.54780090007547,84.03497558755993,84.5067713276986,73156900
2005-09-16,84.8047103881836,84.96951159733952,84.37210524954827,84.66737692037631,75424100
2005-09-19,84.52315521240234,84.83903156329777,84.21415234431409,84.78409609019116,53355300
2005-09-20,83.80902099609375,84.88023660341,83.68541879225454,84.5986962128569,84480300
2005-09-21,83.02620697021484,83.6854169633051,82.93693551226589,83.63048148748042,94469100
2005-09-22,83.32147216796875,83.54121406811015,82.70346641009444,83.05366827584048,84597200
2005-09-23,83.39016723632812,83.69917020088141,83.01936053550216,83.25282851068701,59368100
2005-09-26,83.48625183105469,83.9394562574808,83.14291308054592,83.78838636902758,70415400
2005-09-27,83.46565246582031,83.76778700423326,83.10170898904674,83.44504774005557,66150800
2005-09-28,83.54806518554688,83.85707325945168,83.22532586430464,83.72660283454069,58620500
2005-09-29,84.2278823852539,84.36521581857384,83.1429304496486,83.46566978077857,66607700
2005-09-30,84.48882293701172,84.48882293701172,83.59613985150892,84.20041956684065,47824200
2005-10-03,84.18667602539062,84.69481600248693,84.08367333355008,84.43388039023414,50994800
2005-10-04,83.23906707763672,84.48195197017054,83.19786809435023,84.3171507980898,60776300
2005-10-05,82.14726257324219,83.30088147620056,82.10606358208018,83.25968248503855,106052100
2005-10-06,81.85197448730469,82.57985636503075,81.14469733996071,82.25024878506908,140941800
2005-10-07,82.13352966308594,82.43566956266505,81.80392202364183,82.19532814858037,75661400
2005-10-10,81.4399642944336,82.20217686810032,81.23396415278022,82.18157737782843,52677000
2005-10-11,81.3232421875,81.9824521667719,81.24770721955825,81.70778003234147,75629800
2005-10-12,80.68464660644531,81.80392960526665,80.62284811522336,81.29578946800903,100510400
2005-10-13,80.6365737915039,81.08291540667815,80.25889890814051,80.65717328715358,99052900
2005-10-14,81.48804473876953,81.58417920159164,80.72583204144044,81.11037513166418,88651000
2005-10-17,81.79019165039062,81.90005737209319,81.33698179616118,81.57732321282357,68109300
2005-10-18,80.90436553955078,81.68717769006749,80.89063429082901,81.67344644134572,74996900
2005-10-19,82.25025939941406,82.26399588810814,80.42369932325865,80.68463498015645,116563800
2005-10-20,80.80133819580078,82.27082759082505,80.54727087991846,82.0510910057448,131966700
2005-10-21,81.11723327636719,81.56357482068807,80.69149646336093,81.22710422097201,96579500
2005-10-24,82.37385559082031,82.4631218050749,81.30950830787079,81.330107800473,71308400
2005-10-25,82.20909881591797,82.56616910474118,81.67349076321422,82.20909881591797,76594500
2005-10-26,81.9687271118164,82.77213884361642,81.84512490392906,82.0648615802915,80855800
2005-10-27,81.09664916992188,81.96873293163873,80.97991519833332,81.85199372111418,66623100
2005-10-28,82.26398468017578,82.3669821366715,81.09662953018872,81.32323441234873,72322000
2005-10-31,82.49058532714844,83.29400217013405,82.49058532714844,82.60045626732708,77698900
2005-11-01,82.73779296875,83.01933333486727,82.55239229855044,82.79959668477318,66365100
2005-11-02,83.60303497314453,83.60303497314453,82.49061488050316,82.5180826253885,74012300
2005-11-03,83.9600830078125,84.22789213999124,83.6030128964663,83.8776850338516,84897600
2005-11-04,83.85026550292969,84.09060179671386,83.46572743287503,84.04940278604751,59156000
2005-11-07,83.93263244628906,84.20043637762048,83.67169152114027,84.02876692220619,46765400
2005-11-08,83.93263244628906,84.06309766992743,83.63049252830038,83.7266270042175,42152800
2005-11-09,84.04244232177734,84.42697996989527,83.67850415638964,83.82957401498813,57666800
2005-11-10,84.69480895996094,84.81841113210496,83.60299413846727,84.00813139003513,79048100
2005-11-11,84.98323822021484,85.0381684575983,84.06995557242185,84.70169783328234,34867000
2005-11-14,84.93517303466797,85.16177271180614,84.72229936853716,85.00383976225334,45092200
2005-11-15,84.62615966796875,85.20983467474711,84.36522402370912,84.83903332093323,69592500
2005-11-16,84.79783630371094,84.83904053236448,84.4476344132374,84.7154383242751,51133000
2005-11-17,85.58749389648438,85.59436213924567,84.55747751752578,84.92828404262298,55717500
2005-11-18,85.9239730834961,86.02697577953228,85.37463410286101,85.87590585720383,72437200
2005-11-21,86.35657501220703,86.45957769828742,85.82096733131009,85.93770126403189,50021200
2005-11-22,86.72740173339844,86.87846643736661,86.1231219617839,86.21925642746159,66438800
2005-11-23,87.22867584228516,87.48961674647998,86.66560028329954,86.69306802263246,50854700
2005-11-25,87.29732513427734,87.35912884516553,87.07758850244014,87.19432768102126,15270000
2005-11-28,86.67933654785156,87.39347681291447,86.5488660960922,87.3797455627514,54498500
2005-11-29,86.58322143554688,87.1943696395843,86.58322143554688,86.96776465550788,51738900
2005-11-30,86.11627197265625,86.87847956889696,86.03386874436222,86.63128036188738,56007200
2005-12-01,86.9952163696289,87.22868431824116,86.50767573670088,86.5351382397667,65468200
2005-12-02,87.10508728027344,87.2630254964457,86.86475107212993,87.05015179300166,46699400
2005-12-05,86.91964721679688,87.02264989907505,86.64497514369974,87.00204517147218,59273400
2005-12-06,87.08447265625,87.7162149333365,86.95400220637553,87.24241084498938,57935200
2005-12-07,86.57632446289062,87.1188004669783,86.3016523389439,87.05012850679034,66816500
2005-12-08,86.52140045166016,87.08447602281989,86.16433031048344,86.6724704017896,62608600
2005-12-09,86.74800109863281,87.05700398943226,86.39779398050744,86.63126713890284,50744500
2005-12-12,86.8304214477539,87.11196191145713,86.49395073168878,87.00895917500628,48389900
2005-12-13,87.42092895507812,87.68873281643071,86.72052006514089,86.80978627261354,88630900
2005-12-14,87.76428985595703,87.95655880592129,87.304216977266,87.33855296358931,64375000
2005-12-15,87.51018524169922,87.89472297827035,87.33164761874815,87.78485205985932,55900300
2005-12-16,87.22857666015625,87.91889461076418,87.22857666015625,87.86366791070563,46238300
2005-12-19,86.77986145019531,87.58063273181729,86.7660574097259,87.48398864840878,48733000
2005-12-20,86.86268615722656,87.38732386975828,86.6210759913624,86.88339484762825,46603200
2005-12-21,87.00072479248047,87.5046589491838,86.8419546965598,87.13188681957557,51806900
2005-12-22,87.4563980102539,87.4563980102539,87.03530356604094,87.1940737728504,32247900
2005-12-23,87.50468444824219,87.57371517383233,87.26997366118758,87.51848848667751,27977300
2005-12-27,86.61415100097656,87.70485408414676,86.55201967765402,87.64272276082423,44499500
2005-12-28,86.80745697021484,86.9731317553609,86.63487753289832,86.80055231804437,30764300
2005-12-29,86.42089080810547,86.95243321976245,86.33114611952846,86.78675841526909,32788900
2005-12-30,85.95146942138672,86.33114104548193,85.84792069964921,86.15166221229077,44645600
2006-01-03,87.46330261230469,87.67040015241929,85.86866946023362,86.4209260560664,73256700
2006-01-04,87.87748718261719,88.00864402674182,87.46329215192463,87.57374556456493,51899600
2006-01-05,87.9327163696289,88.07768253646026,87.58755732478025,87.7739461583556,47307500
2006-01-06,88.66443634033203,88.7610804288965,87.91889171422791,88.37450407463858,62885900
2006-01-09,88.89222717285156,89.09241470266616,88.6230036488036,88.65061172644866,43527400
2006-01-10,88.98197937011719,89.03720607002064,88.54017630430542,88.62992100832554,44960800
2006-01-11,89.26500701904297,89.3547517177969,88.86462136829935,89.06481946037883,49598900
2006-01-12,88.9129409790039,89.24429059687391,88.6644261322478,89.10622913387928,40509200
2006-01-13,88.8301010131836,88.98197179162949,88.49875137539941,88.75417615737572,44856700
2006-01-17,88.58846282958984,88.65058888834669,88.2294947121984,88.4987181668892,52066600
2006-01-18,88.23637390136719,88.9819127248417,87.78076713517186,88.07069919245107,75067600
2006-01-19,88.57465362548828,88.89220437072602,88.22949480968735,88.45040150783728,81530400
2006-01-20,86.95933532714844,88.57467647376333,86.95933532714844,88.55396778214626,114957800
2006-01-23,87.26998138427734,87.54610957778107,87.06978857565483,87.12501526769702,67017400
2006-01-24,87.3597183227539,87.77390794289846,87.26997363947295,87.41493974318821,53008800
2006-01-25,87.4356460571289,87.79460895875127,86.86958046347938,87.69796489805654,87747700
2006-01-26,87.91887664794922,88.13287348356917,87.50468701554965,87.84294126756016,71294000
2006-01-27,88.73344421386719,88.81628951150228,87.98100034975216,88.1259717205534,65771200
2006-01-30,88.66443634033203,88.91985060294908,88.60231025484393,88.66443634033203,33709600
2006-01-31,88.0155029296875,88.73342867182458,88.00859827830949,88.58156847515527,72937000
2006-02-01,88.62991333007812,88.65752141093012,88.16740160854819,88.2364323440932,63561000
2006-02-02,87.60132598876953,88.45731854813368,87.53229526517198,88.42971047205995,83626900
2006-02-03,87.16645050048828,88.62992653900601,87.07671105757622,87.38045265929136,86040400
2006-02-06,87.39424896240234,87.53231570854987,87.09741204156998,87.28380083219217,45511900
2006-02-07,86.62107849121094,87.43565369299456,86.56585180407485,87.24236028801826,71208100
2006-02-08,87.40805053710938,88.42972330137911,86.70392336082293,86.8765028282078,59422200
2006-02-09,87.26307678222656,88.08455139375017,87.23546343785587,87.61513507286229,62023300
2006-02-10,87.42188262939453,87.7601370193311,86.60040241569664,87.27691646227885,64508700
2006-02-13,87.26307678222656,87.52539565368774,86.9455259553171,87.39423358460368,52308700
2006-02-14,88.18812561035156,88.38141381011185,87.12503524496148,87.29761474713439,90964400
2006-02-15,88.49876403808594,88.58160935944706,87.83605940098815,88.13980100134025,85471300
2006-02-16,89.16144561767578,89.19596361282608,88.48492661965214,88.59537999076782,61017900
2006-02-17,88.9198226928711,89.16143810515207,88.76105256865314,89.08550273558483,40342600
2006-02-21,88.6989517211914,89.32713301158171,88.56087971296772,89.1269454531219,46456300
2006-02-22,89.23738861083984,89.49970222286385,88.80938439458595,88.8922296967009,42326700
2006-02-23,89.10620880126953,89.49278502280976,88.5539525418926,89.2373708478804,43423200
2006-02-24,89.33405303955078,89.38236982116351,88.8853400288858,89.126955537199,36777400
2006-02-27,89.36853790283203,89.76891291657056,89.24427523413766,89.32710999099217,35858600
2006-02-28,88.51947021484375,89.67920988013144,88.45044473799403,89.18907948744199,74394800
2006-03-01,89.30644226074219,89.38928758900498,88.70586893127847,88.77490494926123,48641600
2006-03-02,89.29951477050781,89.34093215489679,88.78177639881734,88.9819639345021,60642300
2006-03-03,88.88532257080078,89.78964780233667,88.80938718596691,88.82319649232247,73402500
2006-03-06,88.47804260253906,89.175259878663,88.25714108864393,89.14765179779519,57478400
2006-03-07,88.33997344970703,88.40209952631866,87.94649249771211,88.26403806715476,61780800
2006-03-08,88.52635955810547,88.664421013129,87.7946190997014,88.15358204278672,66692400
2006-03-09,87.9327163696289,88.83012672620998,87.9327163696289,88.5540037036983,56313600
2006-03-10,88.76795196533203,88.94053139315174,87.97409081072625,88.16047427542084,60490800
2006-03-13,88.93364715576172,89.1614533032945,88.72654970042154,88.94054654202121,45479100
2006-03-14,89.86558532714844,89.90010333119804,88.78179162721942,88.85082763531862,69877300
2006-03-15,90.26592254638672,90.33495851742782,89.63774155691806,89.84482840322076,53398900
2006-03-16,90.45233917236328,90.75608068528035,90.32117710692967,90.43852986720881,65526400
2006-03-17,90.52786254882812,90.72191929322844,90.36153423951323,90.56944462615684,47286800
2006-03-20,90.3823471069336,90.72194120400175,90.2437366239281,90.5417486336248,45538500
2006-03-21,89.81404113769531,90.78433578557095,89.71701273043807,90.3546294888861,87102700
2006-03-22,90.36154174804688,90.45163273131202,89.71698776999462,89.75856985077857,51605700
2006-03-23,90.17442321777344,90.36848000285018,89.86254699713595,90.27837843288539,46704200
2006-03-24,90.24372863769531,90.4932317151459,89.91798821504312,90.09125394729212,43209200
2006-03-27,90.11202239990234,90.29221490916235,89.9179656744536,90.11894922034752,32523000
2006-03-28,89.55760192871094,90.46551276892014,89.43978248745424,90.0496707377653,82079900
2006-03-29,90.11898040771484,90.44472086143921,89.60610998422707,89.68928473484527,61505700
2006-03-30,89.9595947265625,90.777404128703,89.78632894726454,90.17444260084334,70571700
2006-03-31,89.98036193847656,90.26452027932531,89.66154833588755,90.11204558790897,62925600
2006-04-03,89.91106414794922,90.70115558113305,89.74473578852269,90.14671361597448,61624700
2006-04-04,90.48631286621094,90.60413231925563,89.65463929599346,89.91106924819053,54809300
2006-04-05,90.79817199707031,90.98530195202632,90.36154953590788,90.52095105108461,50607200
2006-04-06,90.7011489868164,90.93679843770906,90.22987123563477,90.68729534140648,57906200
2006-04-07,89.77938842773438,91.06848620392249,89.64771532329934,90.83284729033952,80180900
2006-04-10,89.91797637939453,90.15361520616443,89.58529860304915,89.91797637939453,41496500
2006-04-11,89.15558624267578,90.13973401799079,88.88529220984489,89.99419677162673,72799400
2006-04-12,89.32196807861328,89.49523383880593,89.13483809652044,89.2457307211164,43033700
2006-04-13,89.20416259765625,89.57841204513642,88.92693099275945,89.12098782853501,51051800
2006-04-17,89.16948699951172,89.61997371373988,88.72592710808792,89.28730643899752,64167700
2006-04-18,90.58332824707031,90.74966716731521,89.3566038266058,89.3566038266058,92531800
2006-04-19,90.7566146850586,90.83978945179814,90.26454578532676,90.61800417423149,87269000
2006-04-20,90.88133239746094,91.38726530291986,90.51400994311821,90.79123084535061,86005500
2006-04-21,90.89519500732422,91.33875483983614,90.5278725167425,91.26945489509087,72342600
2006-04-24,90.72886657714844,90.83975917897622,90.3615440869819,90.71500235809482,52546400
2006-04-25,90.3545913696289,90.87438845534872,90.04271523325676,90.81894216383608,84359800
2006-04-26,90.37540435791016,90.88827474749672,90.30610440816149,90.44471488296017,67262400
2006-04-27,90.81206512451172,91.22790725116351,89.81405248079106,90.02890036861614,124478600
2006-04-28,91.11701202392578,91.31106885744667,90.59028784369825,90.64572358872913,55854400
2006-05-01,90.37540435791016,91.34569883210357,90.31996862823176,91.11698678980015,64990300
2006-05-02,91.05464172363281,91.11008804569998,90.61108172240004,90.79820116215906,49063500
2006-05-03,90.71504211425781,91.01306479036683,90.41009261323657,90.89523473972254,60821300
2006-05-04,91.0407485961914,91.22094115422475,90.77045447149075,90.84669181821664,42921400
2006-05-05,91.84471130371094,92.03876809680492,91.38036036485737,91.51897084916705,62588200
2006-05-08,91.73380279541016,92.01796111296758,91.73380279541016,91.8377579968091,30016700
2006-05-09,91.91400909423828,92.01797488649939,91.69916126232123,91.77539861319198,29864000
2006-05-10,91.86549377441406,92.00410424578818,91.4080697011085,91.76846538692207,64378200
2006-05-11,90.7566146850586,91.86551992228364,90.45860261554553,91.83779147493577,80626900
2006-05-12,89.57146453857422,90.59719480158877,89.53680927405101,90.34769170244448,91726500
2006-05-15,89.75159454345703,89.91793335203359,89.13476933601571,89.25951551097718,84029300
2006-05-16,89.61997985839844,90.09819504723606,89.41205883169043,89.93185611080911,62137600
2006-05-17,87.91504669189453,89.47444383950817,87.85960037894841,89.17642122933567,144789500
2006-05-18,87.47148132324219,88.53879898664037,87.40217608019579,88.26157272680364,87906300
2006-05-19,88.08831024169922,88.35860440095854,87.18733147338521,87.92890870554695,124309400
2006-05-22,87.41602325439453,88.13680931794823,86.97939552305208,87.51998374880476,110852800
2006-05-23,86.75070190429688,88.4556363964576,86.75070190429688,88.1437601346867,92006500
2006-05-24,87.44377136230469,87.94277764777232,86.46655512630714,87.10417191878162,168405000
2006-05-25,88.52493286132812,88.52493286132812,87.62394891196746,87.96354827666157,78977900
2006-05-26,88.97541809082031,88.97541809082031,88.3724514669449,88.71897762775515,62989700
2006-05-30,87.39523315429688,88.71205375982436,87.36058318088722,88.69126271824847,72419900
2006-05-31,88.37246704101562,88.37246704101562,87.46455089044284,87.7556413770634,86926200
2006-06-01,89.21798706054688,89.36353492741767,88.20611582812187,88.28235317261591,73721700
2006-06-02,89.40510559082031,89.70311753331258,88.93382793981871,89.57837129932966,91702600
2006-06-05,88.1021728515625,89.30810102370687,87.85959656486662,89.30117420062788,86105100
2006-06-06,87.88732147216797,88.28236718924487,87.15960846052702,88.1645477427389,130498600
2006-06-07,87.22892761230469,88.46951127295382,87.18041340379447,87.95664602760992,108599400
2006-06-08,87.15266418457031,87.67246138646635,85.8497077687051,87.03484475451,204957200
2006-06-09,86.87545776367188,87.99128976787378,86.83387567008604,87.57545296906012,94972200
2006-06-12,85.93286895751953,87.27741269852193,85.81504953154416,87.24275743787017,95815900
2006-06-13,84.93488311767578,86.52199292799385,84.93488311767578,85.75962459259985,185688800
2006-06-14,85.59330749511719,85.68340380997812,84.7893516234865,85.13588323277847,163566400
2006-06-15,87.40908813476562,87.57542173744194,85.84276462058475,85.90513773871966,134057000
2006-06-16,86.77213287353516,87.40560496096813,86.63986719451248,87.21765322169196,94253500
2006-06-19,86.08993530273438,87.34992747414732,86.00640354864473,87.29423609740623,95804400
2006-06-20,86.38230895996094,86.88352073958717,86.12474563116899,86.32662289301967,65494700
2006-06-21,87.02276611328125,87.50308973634334,86.29183124063181,86.3196769350304,75008200
2006-06-22,86.6398696899414,87.05754436449072,86.34749794885904,86.9809700545375,74566100
2006-06-23,86.6259765625,87.22464573040787,86.34056217060339,86.54940222862643,54107000
2006-06-26,87.00881958007812,87.05754820574191,86.49368763577212,86.69556488809977,37899600
2006-06-27,86.25701904296875,87.21767149918136,86.15955646730238,87.0227569698938,69780200
2006-06-28,86.84176635742188,86.85568654824436,86.07602839763715,86.45193728211827,62368100
2006-06-29,88.59599304199219,88.65168442137791,87.13412885476183,87.15501179427591,110634800
2006-06-30,88.6029281616211,88.86745947569884,88.38016802456755,88.78392243267103,54227800
2006-07-03,88.96493530273438,89.1111158643075,88.62382962232472,88.70736668281678,23914000
2006-07-05,88.4567642211914,88.72129028974433,88.07389265129198,88.60991284915117,69653400
2006-07-06,88.71435546875,88.9997645482403,88.46374952474605,88.54728129873186,50100300
2006-07-07,88.1365737915039,88.79789182109725,87.9138135310176,88.5403284233302,81626500
2006-07-10,88.3036117553711,88.70736624589485,87.99731982378556,88.36626587818697,60964100
2006-07-11,88.69345092773438,88.69345092773438,87.67014445740487,88.13654778533049,73640800
2006-07-12,87.74674224853516,88.68651190562893,87.51701924250547,88.51248029094403,82561300
2006-07-13,86.31968688964844,87.48917963414269,86.31968688964844,87.32906820064207,102405700
2006-07-14,85.98551940917969,86.50065670212528,85.50519586713888,86.41015688283963,103242500
2006-07-17,85.8602294921875,86.38928705476873,85.7279690848095,85.98553245935088,81159000
2006-07-18,86.29876708984375,86.35445846128012,85.19888640357217,86.11777278818629,122771000
2006-07-19,87.49612426757812,87.89291608205893,86.12475448266404,86.44497197233078,133565300
2006-07-20,86.89743041992188,87.92073673186228,86.77909024656009,87.7954338097671,112259800
2006-07-21,86.28486633300781,87.14806690472331,86.19437181174122,87.12022121102058,101560000
2006-07-24,87.85809326171875,87.93466757400161,86.62595213765951,86.62595213765951,92884000
2006-07-25,88.1713638305664,88.61688425851911,87.51700337843857,87.69799771198886,95480700
2006-07-26,88.28974914550781,88.72134429316728,87.83726573593971,88.1226749163895,84525800
2006-07-27,88.20618438720703,88.88839066474112,87.85115840037686,88.67258784751866,87257100
2006-07-28,89.09027099609375,89.20164847334783,88.31060741122046,88.4359103925211,82137000
2006-07-31,88.99974060058594,89.07631491348415,88.72128903650345,88.86748022368869,49593100
2006-08-01,88.56118774414062,88.672565189162,88.12958753100528,88.64471950015113,65225600
2006-08-02,89.15984344482422,89.42437479535091,88.79089741490154,88.81178035078072,64770900
2006-08-03,89.39653778076172,89.4870375984205,88.51245972047421,88.64472010540125,63693800
2006-08-04,89.2433853149414,90.09961764927459,88.74217886390394,89.85597982902374,96294200
2006-08-07,89.03458404541016,89.1598870329643,88.68652078120685,89.03458404541016,45377300
2006-08-08,88.69345092773438,89.42438563826173,88.37322816868786,89.16681169444911,90901300
2006-08-09,88.39413452148438,89.5218612258539,88.13656583594296,89.22947878412707,78910600
2006-08-10,88.66564178466797,88.75613632542323,87.90686107317296,88.11570116540716,69322300
2006-08-11,88.41500091552734,88.54726129813835,87.98340070700296,88.52637835935882,47482200
2006-08-14,88.48463439941406,89.2155693038821,88.35236867301882,88.84661782030712,57839000
2006-08-15,89.54277801513672,89.70984161979116,89.03460320320416,89.278246478367,68143000
2006-08-16,90.28756713867188,90.41983281784398,89.82812129166659,90.02304640237067,71737600
2006-08-17,90.51728057861328,90.75396091546988,90.14137713901997,90.2040259419452,70992800
2006-08-18,90.97676086425781,90.97676086425781,90.21101757587098,90.62869766445395,58288400
2006-08-21,90.58692169189453,90.6913363913893,90.35719873096131,90.62171951036298,42133600
2006-08-22,90.57996368408203,90.85842061704868,90.27366636884165,90.48947447515802,60839900
2006-08-23,90.32935333251953,90.8027247843616,89.93256682778353,90.62172513128432,66592100
2006-08-24,90.25276947021484,90.56603479911568,90.0787378972896,90.4894604821468,57983000
2006-08-25,90.36417388916016,90.67047123046426,90.18318483386537,90.24583366584662,41756000
2006-08-28,90.7957763671875,91.0672759055451,90.24584109334606,90.25279853456766,52681500
2006-08-29,90.90019989013672,91.07423151560673,90.36417950951584,90.83755105425891,61817800
2006-08-30,90.95587921142578,91.22040002403536,90.87930488150158,91.10205980906996,50052200
2006-08-31,90.94194030761719,91.18558876384753,90.90017442873074,91.0881315057643,37510300
2006-09-01,91.48494720458984,91.59632999856767,91.08119254295615,91.2900326261526,48794500
2006-09-05,91.65898132324219,91.7842896253783,91.33180099583721,91.54759852624301,52348300
2006-09-06,90.85143280029297,91.30392123470791,90.726135174237,91.26911279790005,53795600
2006-09-07,90.43379211425781,90.89323813297312,90.0439629912437,90.53820683576268,86269400
2006-09-08,90.69133758544922,90.81664584853748,90.37808286079581,90.55211444360823,45096300
2006-09-11,90.78180694580078,90.97672140338372,90.13440415151074,90.39893546767671,68496600
2006-09-12,91.67288970947266,91.77730442338098,90.75399773889468,90.88626345787601,69875600
2006-09-13,92.04182434082031,92.20193042278859,91.55453803349626,91.63806979416756,62898400
2006-09-14,92.04877471923828,92.05574278012294,91.71463708013951,91.86082827214499,57805400
2006-09-15,92.26483154296875,92.56547719147719,92.06904913360827,92.50954088433987,76703100
2006-09-18,92.39067077636719,92.56546771749613,92.04806493100135,92.14595079128321,64154100
2006-09-19,92.15994262695312,92.38368784496737,91.64255048062378,92.37668913892992,92089100
2006-09-20,92.64937591552734,92.83117158012422,92.33474352441077,92.46759091969012,75204100
2006-09-21,92.20191192626953,92.8172007387675,91.88727948124635,92.71931485212113,88932500
2006-09-22,91.92221069335938,92.06903414052047,91.5935916104168,92.06204610405116,65966800
2006-09-25,92.6283950805664,92.88710181664113,91.62856166566355,92.10400424005566,92299100
2006-09-26,93.39752960205078,93.41151634859762,92.57248225597368,92.64240531994623,73962700
2006-09-27,93.50936126708984,93.67017144125599,93.18074221416967,93.33456435250494,82432200
2006-09-28,93.47441864013672,93.6841771137789,93.18774908178439,93.50938016387028,58597500
2006-09-29,93.39752960205078,93.64923769608562,93.32760653807823,93.55135180778106,47966600
2006-10-02,93.04792785644531,93.57231878620294,92.9570300146172,93.36954831885728,51687400
2006-10-03,93.24369812011719,93.6002801058752,92.74727002032645,92.91507895590937,73108100
2006-10-04,94.33441162109375,94.39034792233579,93.04790869880249,93.15278259565721,80890500
2006-10-05,94.51622009277344,94.67704099960457,94.21557440121836,94.33443507011883,60505900
2006-10-06,94.3973388671875,94.46027387599767,93.97083389224187,94.35538930715333,64983600
2006-10-09,94.4532699584961,94.60010407927274,94.13863760684137,94.285471727618,41176800
2006-10-10,94.57911682128906,94.70496547784268,94.27846058270501,94.4602562005139,56403700
2006-10-11,94.46725463867188,94.69098916454519,93.90091428430348,94.27847096429637,104071800
2006-10-12,95.28533172607422,95.3622428263186,94.67004292411913,94.70500445491409,59158600
2006-10-13,95.53007507324219,95.58601140240506,95.11754597926142,95.20145580738769,53944000
2006-10-16,95.67683410644531,95.82366820511261,95.38317657786743,95.45309960937695,42273000
2006-10-17,95.37621307373047,95.57897284724872,94.85881024624743,95.41816263592324,90500600
2006-10-18,95.5020523071289,96.04741789917148,95.15945713729302,95.81668466119064,86848600
2006-10-19,95.65589904785156,95.70484732398329,95.25036876798167,95.36224139734463,64063200
2006-10-20,95.67683410644531,95.7537451736031,95.32025225076289,95.67683410644531,48094500
2006-10-23,96.11734008789062,96.34807332382177,95.36221604359554,95.48107667990703,66219900
2006-10-24,96.4040298461914,96.43898070574062,95.94256327752784,95.98451284399533,53234900
2006-10-25,96.7326431274414,96.77459269135849,96.14531722632269,96.306138113018,78105400
2006-10-26,97.0333251953125,97.18714743324033,96.47397257273532,96.94942603599328,66843700
2006-10-27,96.42499542236328,97.01231063435003,96.22922368503436,96.91442476568557,80238000
2006-10-30,96.35506439208984,96.62774719426807,96.06839484732953,96.25019049462078,49717800
2006-10-31,96.34107971191406,96.66969882269687,95.9635230041843,96.53686210597859,71274100
2006-11-01,95.69084930419922,96.70466955004903,95.59296343222944,96.6417452042313,83005600
2006-11-02,95.6349105834961,95.7957207972268,95.34125297499496,95.4461268820455,60693100
2006-11-03,95.4671401977539,96.06145436095457,94.8238884144297,95.97755520144914,71346400
2006-11-06,96.54386138916016,96.68369682798766,95.75377569008256,95.760774396718,63303300
2006-11-07,96.91445922851562,97.17315540153,96.48795407722085,96.62778955807286,63318900
2006-11-08,97.12422180175781,97.22210770927963,95.69088405901671,96.48795806848406,87517800
2006-11-09,96.61375427246094,97.28497917960868,96.41798256386743,97.19408136177671,95916300
2006-11-10,96.65577697753906,96.7256893936534,96.292196139944,96.58585389265987,48991500
2006-11-13,96.89344787597656,97.21506829369271,96.53686593404973,96.61376635105026,59398200
2006-11-14,97.62065887451172,97.70456871826137,96.5718765121512,97.1661907849952,96704000
2006-11-15,97.90032196044922,98.20096772616213,97.55771594645566,97.58568944530943,76509600
2006-11-16,98.15202331542969,98.36177119850173,97.52974636853533,98.19397289204409,76728800
2006-11-17,98.179931640625,98.18691967659373,97.69749043985227,97.83732584052737,56353800
2006-11-20,98.23593139648438,98.40374038695586,97.84438775414833,98.09609590547352,69174200
2006-11-21,98.33377075195312,98.35474553223627,98.08905075697122,98.22889685053748,51367900
2006-11-22,98.52955627441406,98.69736520893112,98.2358986405796,98.41069561324967,45505300
2006-11-24,98.13103485107422,98.4736301248548,98.02615025539232,98.05412374841215,30998000
2006-11-27,96.78158569335938,98.13102385821543,96.75362287223365,98.08207558529486,84545100
2006-11-28,97.20110321044922,97.29898908805247,96.56483967164783,96.65573751112245,106652900
2006-11-29,98.21492767333984,98.25687724140886,97.24305689428424,97.51573975549377,90034900
2006-11-30,98.25686645507812,98.6204471196984,97.71848883018498,98.19394210988224,83994300
2006-12-01,98.04011535644531,98.34775969917135,97.16613059586423,98.25686187006795,126080000
2006-12-04,98.7882308959961,98.9700265360437,98.04709360005548,98.06108034208027,87813200
2006-12-05,99.21475982666016,99.25672006287765,98.76727999252077,98.97703849856504,73374400
2006-12-06,99.13086700439453,99.33363748502869,98.93509523128937,99.1937913595866,53253200
2006-12-07,98.69734954833984,99.49442319049098,98.66238802560116,99.3056395027092,62857400
2006-12-08,98.87914276123047,99.21474993618897,98.43166297169923,98.67638298248214,79625500
2006-12-11,99.16581726074219,99.34760226688215,98.82321136238122,98.87914767244588,39779400
2006-12-12,99.08891296386719,99.1937868844559,98.5085857095007,99.06793817974945,77451600
2006-12-13,99.19375610351562,99.52237517773403,98.97700962238383,99.44546410358168,55520200
2006-12-14,100.06776428222656,100.15167408116703,99.17280466443633,99.18679140905311,64755200
2006-12-15,100.0768814086914,100.46357939661691,100.00657951065074,100.28780855921445,70857400
2006-12-18,99.80274963378906,100.45662318818724,99.66213501045648,100.21756652749298,48954600
2006-12-19,99.99256134033203,100.2316072155972,99.26838601171927,99.52149656441343,65023600
2006-12-20,99.93630981445312,100.30191631720143,99.84490550671477,100.034741096554,41469600
2006-12-21,99.57067108154297,100.14016693851467,99.35975463688801,100.02768174409925,48698400
2006-12-22,98.95901489257812,99.59178582973924,98.90276691822093,99.58475885602114,62069100
2006-12-26,99.54256439208984,99.56365603908252,98.98009543981156,99.00118708680424,32696900
2006-12-27,100.19645690917969,100.25974259731161,99.7183651299101,99.74648375825282,39727100
2006-12-28,99.98550415039062,100.33000818175128,99.83082493003195,100.12611869757063,37288800
2006-12-29,99.57067108154297,100.21750654428871,99.43708351446038,99.88002950463913,45461200
2007-01-03,99.3948974609375,100.44249559579285,98.83243931989973,100.01361428992067,94807600
2007-01-04,99.6058578491211,99.873033064965,98.86059090829856,99.29649933145025,69620600
2007-01-05,98.81133270263672,99.41598483365615,98.69884751618262,99.36677457612016,76645300
2007-01-08,99.26834106445312,99.42302026151891,98.6074409912085,99.00820365493368,71655000
2007-01-09,99.18400573730469,99.55663917628743,98.71293029808857,99.35273893038124,75680100
2007-01-10,99.51445770263672,99.53556008263719,98.64264081989222,98.83950338878326,72428000
2007-01-11,99.95036315917969,100.27377559446956,99.48632542694233,99.54257340008054,54476800
2007-01-12,100.70970153808594,100.70970153808594,99.91521361487752,99.94333223925271,55370600
2007-01-16,100.5128402709961,100.85031740884668,100.35112331210112,100.59017989927486,44871300
2007-01-17,100.55500793457031,100.864366399576,100.35110770617878,100.43548502367322,50241400
2007-01-18,100.21752166748047,100.72374266744629,100.05581545944239,100.66046772450139,68177300
2007-01-19,100.41433715820312,100.61119957513588,100.16122680383283,100.21746401307324,56973000
2007-01-22,100.10504150390625,100.61126252939836,99.7886453168208,100.59017088068651,60253600
2007-01-23,100.40032196044922,100.59718447437893,99.88003632894791,100.02065087772594,54064400
2007-01-24,101.20885467529297,101.22994631932674,100.47765264965248,100.51983593772002,55834700
2007-01-25,100.02066040039062,101.18778164995082,99.84488951563287,101.14559835412152,73583800
2007-01-26,99.92923736572266,100.29483297389581,99.54253938765466,100.23859574817705,67255600
2007-01-29,99.87303161621094,100.40034433780846,99.65507740779672,99.97146289511429,66114600
2007-01-30,100.3933334350586,100.442554451752,99.88008525292484,100.08398556750092,70407600
2007-01-31,101.06829833984375,101.33547362239464,100.11913089893434,100.28084790058757,91868600
2007-02-01,101.67289733886719,101.70805365673279,101.1807410733547,101.34947423398643,69312400
2007-02-02,101.81352996826172,101.91196123884953,101.5112091829577,101.75728199532529,49607000
2007-02-05,101.84166717529297,101.90494212665129,101.48308766118642,101.7361981948244,45705300
2007-02-06,101.86978149414062,101.96821276816145,101.47605639805732,101.92602946903884,57081300
2007-02-07,102.0947265625,102.20018476193243,101.64475369792272,102.03144091464121,55669700
2007-02-08,101.9611587524414,102.03146065626566,101.43384619685315,101.79241487250066,70641000
2007-02-09,101.20183563232422,102.17912121919571,100.81513758107242,101.98928567981713,79084400
2007-02-12,100.85734558105469,101.27216235211158,100.67454769759019,101.2018604253352,65657000
2007-02-13,101.70809173583984,101.87682495964462,101.07530996195398,101.08234766508316,64081800
2007-02-14,102.37596893310547,102.57985838800211,101.79240845433137,101.80647312548997,66039400
2007-02-15,102.50958251953125,102.61504075949873,102.24943431393905,102.41817822609046,38715200
2007-02-16,102.46035766601562,102.48144931321535,102.10881590841626,102.25646816701733,39841800
2007-02-20,102.67837524414062,102.79087125080856,101.94717265721835,102.34089795234647,56911800
2007-02-21,102.63611602783203,102.69940168991624,102.19318076245305,102.37597859195853,63971600
2007-02-22,102.55882263183594,102.9455208379124,102.06666615510525,102.6853832848276,79067400
2007-02-23,102.15804290771484,102.50254698435833,101.96820734355794,102.46740138909537,71966200
2007-02-26,102.06666564941406,102.61507011051211,101.77137176483869,102.53070349440672,69192800
2007-02-27,98.08016967773438,101.38466070403135,97.72862785093245,101.1596795135448,274466500
2007-02-28,99.08556365966797,99.82380356341326,98.29108651041044,98.70590324733828,177536300
2007-03-01,98.79024505615234,99.31053063632878,97.06066589321682,97.96763876233646,212828600
2007-03-02,97.49661254882812,98.89575293318637,97.48958557418713,98.46687145956338,162574000
2007-03-05,96.5684814453125,98.1363539714752,96.5544167774703,96.97626025895268,143750400
2007-03-06,98.22079467773438,98.51608855617509,96.82869189988351,97.57395893521573,143333300
2007-03-07,98.1223373413086,98.75511896561987,98.00984139989279,98.14342898929861,115144900
2007-03-08,98.95197296142578,99.24726673601174,98.48090831661942,98.81134768268744,117891600
2007-03-09,98.98009490966797,99.43006792343992,98.4879386021366,99.35272830881335,107765100
2007-03-12,99.12773132324219,99.3738040735786,98.54417082036258,98.7269686401726,80366900
2007-03-13,97.20128631591797,98.97305960202873,97.05363407199125,98.55823221585459,190605200
2007-03-14,97.92546081542969,97.98170877810036,96.14666056775229,97.32783559923054,231853800
2007-03-15,98.0590591430664,98.4246655764327,97.5879944732498,97.70751738396119,132435900
2007-03-16,97.78447723388672,98.56094097989258,97.4950670403068,98.33505670077987,121531600
2007-03-19,98.96326446533203,99.05503128330356,98.22209661966599,98.29974298008345,96161200
2007-03-20,99.50678253173828,99.56325358753713,98.79385564743878,98.87855684576077,82147400
2007-03-21,101.14440155029297,101.39851591973843,99.40090749166355,99.59855080448193,152368700
2007-03-22,101.0667495727539,101.41968557897934,100.79145991872817,101.2785133306396,118942200
2007-03-23,101.21502685546875,101.51149192367431,101.04561362902714,101.13738047302756,74416800
2007-03-26,101.08087158203125,101.3985118383646,100.2973532053411,101.29263534317091,113787500
2007-03-27,100.84088134765625,101.05264511649983,100.50912062297694,101.02440420291924,99864600
2007-03-28,100.10681915283203,100.56563185968128,99.71152160003437,100.33269269795939,152907900
2007-03-29,100.21267700195312,100.6644347787005,99.66209754812836,100.6150185547843,139432700
2007-03-30,100.23384857177734,100.82677861215042,99.21739091927802,100.40326177077876,128194100
2007-04-02,100.3468017578125,100.55856558720176,99.86680302647979,100.3468017578125,79416400
2007-04-03,101.42672729492188,101.63142539117214,100.87614811659402,100.91849870404239,82417800
2007-04-04,101.53971099853516,101.61029174963174,101.05265750172643,101.4267688718758,63995200
2007-04-05,101.81498718261719,101.956159436821,101.3702843496602,101.41263494884609,46822800
2007-04-09,101.9561538696289,102.2102682216212,101.75144495707154,102.10438095868574,50967400
2007-04-10,102.07615661621094,102.24556978408013,101.83616270646071,101.87851330573984,56620000
2007-04-11,101.65970611572266,102.25263611374359,101.32087974192171,102.22440596797043,106365700
2007-04-12,102.11148834228516,102.29501126072671,101.17973174691325,101.46208712615766,115534400
2007-04-13,102.57737731933594,102.57737731933594,101.89973510935624,102.28090144757402,84287000
2007-04-16,103.55142211914062,103.66436422616427,102.93026207201488,102.93731691467181,83064600
2007-04-17,103.82676696777344,104.04558568473604,103.51618139372668,103.74206572785445,108424100
2007-04-18,103.95381164550781,104.25733154997128,103.45970321338355,103.48087851970631,88345300
2007-04-19,103.9255599975586,104.04555697792185,103.31145463606573,103.44557207610552,102947700
2007-04-20,104.9067153930664,104.9067153930664,103.79143610456771,104.6243708416192,124114100
2007-04-23,104.51142120361328,104.98435421722205,104.44789529971511,104.73023983087593,77270800
2007-04-24,104.55376434326172,104.75140765511739,103.98907532124706,104.63141069940164,114471000
2007-04-25,105.5137939453125,105.64085656679794,104.48322636465896,104.98438969243021,108418800
2007-04-26,105.63378143310547,105.7396687365963,105.24556029924078,105.52085005510715,88741600
2007-04-27,105.5490493774414,105.69728725072783,105.06199592761133,105.23846394446264,108191100
2007-04-30,104.67377471923828,105.69729793705967,104.61731442640017,105.62670641488093,100874100
2007-05-01,104.94200897216797,105.50670883407236,104.23613683747597,104.76554093849496,134342700
2007-05-02,105.55607604980469,105.8454861051837,104.99844200450744,105.10431847806068,87129800
2007-05-03,106.12788391113281,106.16316890264461,105.69023584638957,105.85964904281481,86569700
2007-05-04,106.53023529052734,106.67140758188782,106.036126885388,106.41023830433318,96409000
2007-05-07,106.55138397216797,106.72785198496412,106.45256231583222,106.50197852937646,63461400
2007-05-08,106.4102554321289,106.53025243763778,105.9726180272427,106.29025842662001,80584000
2007-05-09,106.69962310791016,107.87137331175867,106.14197814923699,106.3325666211287,102070100
2007-05-10,105.58433532714844,106.60079273311288,105.36551672989954,106.39608382095928,153617800
2007-05-11,106.48789978027344,106.5373052424154,105.68320575758148,105.70438106575045,113408900
2007-05-14,106.25492095947266,106.79844546470268,105.73257175450783,106.48786003314267,108027500
2007-05-15,106.28317260742188,107.05257065010134,106.01493774930265,106.37492866092002,180673300
2007-05-16,107.01028442382812,107.03145973897114,106.14911903881016,106.44558422157299,114166500
2007-05-17,106.79842376708984,107.26430181978013,106.66430637882287,106.85489481324177,101132800
2007-05-18,107.73021697998047,107.73021697998047,107.15846219337104,107.2996344861163,99182000
2007-05-21,107.6737289428711,108.16078243124075,107.64549879707239,107.70196985942361,174664600
2007-05-22,107.58903503417969,108.11138431830227,107.5608048864657,107.7866783804413,82148800
2007-05-23,107.60314178466797,108.35136446744185,107.5466707256799,107.9631326686196,133786600
2007-05-24,106.62906646728516,108.14669835413858,106.40319293514459,107.66669959586073,187593000
2007-05-25,107.07376861572266,107.30670776222154,106.71376685715333,106.93965115827575,83309200
2007-05-29,107.46198272705078,107.64550561324765,106.90433768274323,107.25021892251317,82020000
2007-05-30,108.33726501464844,108.37961562441221,106.82669889879384,106.91141088907668,129013600
2007-05-31,108.22428131103516,108.62662267998431,108.08309831908801,108.47133000544251,114866700
2007-06-01,108.76078796386719,108.98666146311908,108.3584356469508,108.6196156804904,107771700
2007-06-04,108.77489471435547,108.97959288384014,108.33724668906366,108.3795972916637,78008800
2007-06-05,108.34432983398438,108.63372925549538,107.89962689322189,108.52079788720691,126917900
2007-06-06,107.17961883544922,107.96313731011945,107.11609293038902,107.89961140505923,164096800
2007-06-07,105.24553680419922,107.64549769030452,105.21729588793706,106.98197617794204,232414600
2007-06-08,106.61492919921875,106.7208164885436,105.2384806040332,105.58436184928688,175886000
2007-06-11,106.79842376708984,107.25723620729192,106.37489630632581,106.53724383229337,102015600
2007-06-12,105.63378143310547,106.96787959934345,105.56320066820103,106.35377416796987,233898000
2007-06-13,107.21489715576172,107.34195971596799,105.6831562153011,106.23373551110716,193208200
2007-06-14,107.89959716796875,108.08312001528962,107.31372210018196,107.33489739907468,146396500
2007-06-15,108.51354217529297,108.93179911284807,108.41428376586336,108.56316056283151,154030800
2007-06-18,108.38593292236328,108.74039015748347,108.22288562301739,108.73330490696456,88537500
2007-06-19,108.65532684326172,108.73330786980009,108.01021206164215,108.1449075454063,110851700
2007-06-20,107.14533233642578,108.87508537031437,107.0177329243404,108.87508537031437,177119700
2007-06-21,107.7408447265625,107.83300709191687,106.51442541942846,107.10282587288512,205262000
2007-06-22,106.72710418701172,107.59198093726658,106.23086608863088,107.41475227233205,204964700
2007-06-25,106.21664428710938,107.22330142223564,105.64242536230691,106.5073017829545,232014400
2007-06-26,105.12492370605469,106.66327765008324,105.11783845542298,106.48604902970155,198445700
2007-06-27,106.6207504272461,106.74127542713553,104.96189287626358,105.01152209000374,213638000
2007-06-28,106.60658264160156,107.33676382540608,106.10324850833724,106.60658264160156,157705000
2007-06-29,106.64199829101562,107.50687480785272,105.73458863682201,106.9751889565435,199701800
2007-07-02,107.6061019897461,107.69826431465454,106.88301715748908,106.95390210057887,103357000
2007-07-03,107.99601745605469,108.10944635655085,107.74790390554158,107.88258855555853,54048400
2007-07-05,107.88259887695312,108.15198983711099,107.49270457210532,108.0385609257628,89279000
2007-07-06,108.44976806640625,108.58446359051423,107.7054054659852,108.02442573557985,81109000
2007-07-09,108.53485107421875,108.71916501252437,108.19456421048156,108.57738422789079,72348100
2007-07-10,106.98938751220703,108.18745488759741,106.883054651684,107.96059702891085,180362600
2007-07-11,107.7479248046875,107.7904579463296,106.70581956574635,106.86886688110022,175607600
2007-07-12,109.4493179321289,109.7045276051252,107.9960409280439,108.01730749936212,133882500
2007-07-13,109.77545928955078,110.20789774307906,109.4493537273896,109.57696401421136,111794300
2007-07-16,109.76121520996094,110.25745311458981,109.58398661422385,109.87464410735468,98378700
2007-07-17,109.70454406738281,110.22204874241228,109.65491484874116,109.83214351443968,126201300
2007-07-18,109.50598907470703,109.73993208383847,108.67656066988107,109.33584575429143,237887400
2007-07-19,109.93135833740234,110.25745289529199,109.70450054306605,110.02350985132333,145212700
2007-07-20,108.81839752197266,109.87468423249415,108.34342601000337,109.80378844143887,245502500
2007-07-23,109.15154266357422,109.68322842280428,108.67657135005632,109.30040861854094,121183900
2007-07-24,107.25875854492188,109.37132057901297,106.8759386839589,108.54897722015096,256732400
2007-07-25,107.4785385131836,108.03149101304112,106.51441426419494,107.76919608333836,265214500
2007-07-26,104.93354034423828,106.9043220334978,103.77800610430492,106.47188370213205,467592500
2007-07-27,102.87060546875,105.53612066308868,102.82807232042649,105.06824521435085,422987600
2007-07-30,104.47982025146484,104.78464828774285,102.99818075689296,103.45188559456538,283017500
2007-07-31,103.30303955078125,105.95438413041316,102.82097198303968,105.15330714630748,316976700
2007-08-01,103.80633544921875,104.21750711928046,102.04823068050814,102.920192406114,467670000
2007-08-02,104.63579559326172,104.74921370420256,102.9769272667637,104.04029912922701,294758400
2007-08-03,101.94190216064453,104.62159797113587,101.51654915506522,104.40892146834622,359398200
2007-08-06,103.65039825439453,104.08992180176723,101.04158715746318,102.23256919352542,324980000
2007-08-07,104.75628662109375,105.62824832679438,102.95563794099183,103.45897193754253,232568700
2007-08-08,106.21664428710938,106.7554153289984,104.45144356290076,105.20998715198313,274930600
2007-08-09,103.069091796875,105.59282600626847,102.99819601101098,104.51527280076874,357622100
2007-08-10,102.58700561523438,103.85595760733004,101.45982351980824,102.36014781934293,411018400
2007-08-13,102.95567321777344,104.13247415149428,102.8068071965411,103.85599786631208,181917200
2007-08-14,101.38187408447266,103.544065799932,101.17629360793713,103.28885610864535,264134500
2007-08-15,99.98526763916016,102.40976405279665,99.68752493263038,101.17624928245297,323834000
2007-08-16,100.73678588867188,101.33227165646075,97.12131649519053,99.09918380148221,546743700
2007-08-17,102.58700561523438,103.3668049499673,100.23340466014845,103.14704322093189,388218100
2007-08-20,102.53741455078125,103.12581500838559,101.5803754463399,102.91313844993428,187320400
2007-08-21,102.74295806884766,103.48023509722087,102.18292045638886,102.5090258376261,157066400
2007-08-22,103.96233367919922,104.06867737169524,103.02657192487578,103.50862871588309,173156700
2007-08-23,103.87017822265625,104.67124442668671,103.22506329083573,104.45148261450545,203915300
2007-08-24,105.15328216552734,105.15328216552733,103.70000537269614,103.84178609993369,128901900
2007-08-27,104.17498779296875,105.15329330373284,104.01902573133457,104.81301735888425,113024300
2007-08-28,101.88513946533203,103.67869134597764,101.7008256860097,103.6148916705012,219790700
2007-08-29,103.8843002319336,104.0260917504081,102.05531079596258,102.34595744761742,207654200
2007-08-30,103.60784912109375,104.34512625353915,103.01236354139482,103.1116111380113,191817300
2007-08-31,104.62865447998047,105.27376906159736,104.0898835291338,104.67118760541923,185477500
2007-09-04,105.68498229980469,106.32300106725596,104.49400023213738,104.52944812303525,120062000
2007-09-05,104.7704849243164,105.17457144222557,104.21044714479744,105.06114250907439,166261800
2007-09-06,105.0114974975586,105.35177339359453,104.29548700353783,104.8838872758103,127878400
2007-09-07,103.55113220214844,104.13243638859619,102.97690244838341,103.84177888678464,235447600
2007-09-10,103.35262298583984,104.01191898599014,102.31761404580178,103.87013827303389,192305900
2007-09-11,104.5578384399414,104.70670447706989,103.59371396506673,103.67169501881322,162081900
2007-09-12,104.8271713256836,105.23125773540735,104.1962379275693,104.41599966597673,149554600
2007-09-13,105.564453125,105.94726216764249,105.06111910699447,105.30924349084633,154079000
2007-09-14,105.55738067626953,105.69207618237468,104.7350479530428,104.89101003198786,121911000
2007-09-17,104.99026489257812,105.38015929967973,104.65707413884537,105.13913091273494,109870800
2007-09-18,108.0811538696289,108.10950570172862,105.01155152442955,105.50778971503402,263759500
2007-09-19,108.71910095214844,109.44928183908961,108.25831096930466,108.75454883171506,193779900
2007-09-20,107.9534912109375,108.76873849877525,107.83297705291132,108.70493879461598,175186800
2007-09-21,108.24485778808594,109.06397290805843,108.08103693779077,108.77194727105314,141457500
2007-09-24,108.04535675048828,108.85023366213862,107.81030391252429,108.56531619105034,139450200
2007-09-25,107.83170318603516,108.02402117721257,107.17640911188649,107.4185808824101,142289900
2007-09-26,108.40149688720703,108.81461907444042,107.83167280590268,108.44423179131904,135547000
2007-09-27,109.04258728027344,109.04971701290084,108.40154171650906,108.91438251491851,102713300
2007-09-28,108.67930603027344,109.11379575510945,108.25193516802763,108.87162400513331,133372100
2007-10-01,109.90440368652344,110.22492633901311,108.6223022080743,108.69353429462333,148162300
2007-10-02,109.75485229492188,110.15372601021615,109.55541543727475,110.12523968847809,112978800
2007-10-03,109.53404998779297,109.98278835997606,108.98559318495741,109.5554174466118,119055900
2007-10-04,109.70501708984375,109.8759567862025,109.39873201970862,109.76911947597829,76864400
2007-10-05,111.00847625732422,111.18654567007675,110.13949665361233,110.4244033666186,134579700
2007-10-08,110.41730499267578,110.75207642025293,110.23923554687929,110.68084429453575,71280400
2007-10-09,111.45719146728516,111.47144006190887,110.42439116117698,110.83039459425365,94054300
2007-10-10,111.27204895019531,111.4287509499898,110.69510561845094,111.14383328286452,101711100
2007-10-11,110.73779296875,112.19796413841893,110.07536918725442,111.77771211854838,233529100
2007-10-12,111.3503189086914,111.36456749880189,110.59530666018262,110.73064109500774,124546700
2007-10-15,110.41014862060547,111.3717277433072,109.64801722809226,111.30762536672545,161151900
2007-10-16,109.53404998779297,110.06113933180971,109.31324566766916,109.98278835997606,166525700
2007-10-17,109.86884307861328,110.46715378094272,108.60098955146455,110.38880279360225,216687300
2007-10-18,109.46994018554688,109.82607896636081,109.03545043821414,109.29898965809868,148367500
2007-10-19,106.60660552978516,111.45721508593893,106.59948666521137,109.04259403897049,297169900
2007-10-22,107.22624206542969,107.3829439732142,105.88716785594119,106.02962117161128,261989800
2007-10-23,108.0952377319336,108.2305722062145,107.01970253755802,107.88156316043,180085100
2007-10-24,107.89582061767578,108.0810197715045,106.0154079651126,107.70351346815433,326694200
2007-10-25,108.15223693847656,108.47275971074784,106.75617881571895,108.01690244455226,237374500
2007-10-26,109.42005920410156,109.42005920410156,108.19494111151931,109.02118556809644,176484000
2007-10-29,109.78334045410156,110.00414475201171,109.37021817767594,109.64087625164997,106841000
2007-10-30,109.02122497558594,109.51269833634734,108.8858904712029,109.29901284882125,132981600
2007-10-31,110.15371704101562,110.59533650569877,108.8644964345944,109.67649239418246,220954400
2007-11-01,107.57527923583984,109.27050331000115,107.26187536984433,109.18502261205225,333040800
2007-11-02,107.6964111328125,108.2662355991391,106.27898513574125,107.93146413274089,331228200
2007-11-05,106.87722778320312,107.6678561448108,106.10796687446397,106.58519143601228,226841000
2007-11-06,108.31605529785156,108.34454161851748,106.77040340651952,107.45419465592644,177800500
2007-11-07,105.35298156738281,107.64651629020419,105.09656119872906,107.1550430112434,306639700
2007-11-08,104.8187484741211,105.70196552530948,103.33009126427083,105.40994004110516,374509900
2007-11-09,103.37998962402344,105.08945183402514,103.20192019096093,103.77174455046006,277745100
2007-11-12,102.35424041748047,104.42696985918374,102.35424041748047,103.42978603937212,243087800
2007-11-13,105.4740982055664,105.63791905681809,103.43698325746989,103.54382058035213,191117400
2007-11-14,105.18199157714844,106.41422830971977,104.54806519083827,106.28602360773074,230558800
2007-11-15,103.66487121582031,105.05382115148335,102.93835593052711,104.3985271010363,263111100
2007-11-16,103.84290313720703,104.32725735446478,102.97393482726855,104.2132903776407,308770600
2007-11-19,102.39704895019531,103.53669773680201,101.9910562703455,103.47971421062205,267746000
2007-11-20,103.02384185791016,103.65776855010937,101.22178022047322,102.58223317998332,414767500
2007-11-21,100.91544342041016,102.50382963689361,100.90832456001166,101.9126381691448,259012400
2007-11-23,102.66059875488281,102.81017100064285,101.64203588931859,101.90558605553248,77688400
2007-11-26,100.39549255371094,103.19474825341885,100.18893689972775,102.87421474395964,214232000
2007-11-27,101.54943084716797,102.0195258410645,100.39553365143583,100.95823908722062,293897900
2007-11-28,104.79740142822266,105.03957319144952,102.66768760003865,102.70330365192333,258596900
2007-11-29,104.83305358886719,105.21768973199399,104.06380303960955,104.43417971340088,199409900
2007-11-30,105.8871841430664,106.749033899956,104.93985368883342,106.15784222392371,222908000
2007-12-03,105.18911743164062,105.7375740530909,104.91132969037183,105.55238584840843,146430400
2007-12-04,104.24894714355469,105.08942947188423,104.21333109082185,104.46263259145837,136533900
2007-12-05,105.9940414428711,106.27182930757967,105.29601234897427,105.36723359696659,171130000
2007-12-06,107.51121520996094,107.70353326332406,105.82312026515389,105.86585519512415,154457400
2007-12-07,107.48982238769531,107.91006359126223,107.23340199986738,107.85308007524554,148980100
2007-12-10,108.32321166992188,108.44429759454344,107.45423186405235,107.75338724285214,123914300
2007-12-11,105.35298156738281,108.9001209433483,105.29599805562714,108.36591274769413,250346400
2007-12-12,106.39288330078125,108.10235576730629,104.84724247934065,107.59663397631354,322435600
2007-12-13,106.17208099365234,106.40713386973346,104.91847652304503,105.64500260652376,237551300
2007-12-14,104.8259048461914,106.20060642000954,104.77605106021596,105.3672319702548,159152900
2007-12-17,103.33008575439453,104.61217635626957,103.1805027209809,104.42698814829639,177269400
2007-12-18,103.9070816040039,104.33444173272572,102.5395096288014,104.06378357841734,245569300
2007-12-19,103.9070816040039,104.62647821854132,103.23753878032753,103.9498165300265,198917200
2007-12-20,104.56232452392578,104.60505942897963,103.40842774501859,104.59081083779814,214813800
2007-12-21,106.06968688964844,106.2773389253352,105.32498036776792,105.52547575607902,146084400
2007-12-24,106.85731506347656,107.03632953463317,106.32027165000672,106.56373963467364,45601400
2007-12-26,107.08647155761719,107.17955166388074,106.33460850417039,106.44201282915813,67093100
2007-12-27,105.740234375,106.71407323916922,105.48962074725314,106.70691659592146,122981700
2007-12-28,105.4753189086914,106.4133529032578,105.18888922542767,106.36322361137094,116398100
2007-12-31,104.69480895996094,105.69728544451773,104.58739374121787,105.33209992360938,108126800
2008-01-02,103.77827453613281,105.25336310657494,103.02642242169806,104.9239716386062,204935600
2008-01-03,103.7281494140625,104.1792693943236,103.16246847194718,103.76395449484423,125133300
2008-01-04,101.18614196777344,102.71134881929113,100.89972317295937,102.6397386574993,232330900
2008-01-07,101.1001968383789,101.84489210093656,100.31969650260203,101.54414915300899,234991000
2008-01-08,99.46762084960938,102.32468531842784,99.13107271061811,101.73752343149675,326365700
2008-01-09,100.51301574707031,100.81375866961368,98.60114300121889,99.5964627661267,301824900
2008-01-10,101.17182159423828,102.25307607702382,99.79699165977564,100.0189678731171,335701200
2008-01-11,100.35552978515625,101.60863135327861,99.53206741086156,100.80664984605744,267076600
2008-01-14,101.16465759277344,101.57997247916079,100.53452315464416,101.07873414254718,170365500
2008-01-15,98.9377212524414,101.31503878557174,98.74438255518642,100.0977315836179,239940100
2008-01-16,98.08558654785156,99.61794968037218,97.58434831313437,98.35769198648693,378802600
2008-01-17,95.54360961914062,98.73007632413487,95.18558063441564,98.67994702170817,397892600
2008-01-18,94.56259155273438,96.68212745347209,93.87518218169913,96.48163214307223,348561500
2008-01-22,93.60310363769531,94.82755671216408,90.22330896736332,91.08973850108241,435923700
2008-01-23,95.85150909423828,96.08780950785122,90.82477967323642,91.00379414480595,511913000
2008-01-24,96.66064453125,96.99719256499267,95.45766176834164,96.29544806739,259949300
2008-01-25,95.26431274414062,97.9280482942129,94.949256530344,97.74903386706382,269603900
2008-01-28,96.83968353271484,97.04017888967508,94.56261351269863,95.42188088912499,217934600
2008-01-29,97.31941986083984,97.70608627184109,96.58188118850082,97.45547259332133,168968300
2008-01-30,96.60337829589844,99.20266116107422,96.38140208501166,97.08313579953241,334939200
2008-01-31,98.36485290527344,99.20263918960407,95.37889329922083,95.5221026687674,343680800
2008-02-01,99.94734191894531,99.96882277732189,98.47226470415798,98.77300764760426,206843600
2008-02-04,98.68711853027344,99.74688130799808,98.55822240901914,99.6824387104599,124694300
2008-02-05,96.04486846923828,97.56290801873055,95.71547696308765,97.34093177436276,286882500
2008-02-06,95.27149200439453,96.84681697137414,94.81321545170637,96.36705955888614,250792900
2008-02-07,95.90160369873047,96.51741376536923,94.32627892454423,94.37640820872546,297368100
2008-02-08,95.28583526611328,96.1092975261736,94.59125819061458,95.30014855805764,221643500
2008-02-11,95.772705078125,96.116409670666,94.54824176082545,95.30727200335431,188576300
2008-02-12,96.66064453125,97.60583512780146,95.9374191741467,96.6033585971901,256654400
2008-02-13,97.64883422851562,98.14291603852266,96.76808587329987,97.39105288965017,181967800
2008-02-14,96.78955078125,98.09993812722942,96.51744526671021,98.06413304486728,215207200
2008-02-15,96.76808166503906,96.82536761853778,95.88733334812538,96.30980496322772,154110300
2008-02-19,97.04013061523438,98.02112604707354,96.38851556618305,97.8993975642022,145190000
2008-02-20,97.32659149169922,97.77771147914251,95.77990375718801,95.94460494617077,220085700
2008-02-21,96.51738739013672,98.10703594342606,96.00183603274476,97.85642236952546,201051200
2008-02-22,97.11173248291016,97.2764336049912,95.13541735348876,96.64629939292684,205491000
2008-02-25,98.33625030517578,98.56538319254351,96.51030014837681,97.05450031628125,190107000
2008-02-26,99.07376861572266,99.49624014222196,97.74190052319472,97.92091499301742,212420700
2008-02-27,98.9735336303711,99.63230565258078,98.3935284220222,98.50093274720625,168395800
2008-02-28,98.0068588256836,98.78737038033572,97.77772593826693,98.2718077259252,170831100
2008-02-29,95.82286071777344,97.15471774605815,95.07815448185241,97.0974427366873,252715200
2008-03-03,95.59370422363281,95.81568036540254,94.69147544303448,95.33592301115135,189483500
2008-03-04,95.22853088378906,95.52210627829184,93.7964152818586,94.68431996230352,282513100
2008-03-05,95.83003234863281,96.5031285388389,94.76310211881928,95.53644598036392,270681400
2008-03-06,93.8465576171875,95.39324548461903,93.48137197884023,95.2213876350674,247911700
2008-03-07,92.87989044189453,94.33348734621198,92.0707413841356,92.92285217484134,326434600
2008-03-10,91.65538787841797,93.03737402920888,91.36180159183823,92.97293145688855,235683600
2008-03-11,94.94927978515625,95.03520323485651,92.33566195295276,93.60308746691253,341440600
2008-03-12,94.06135559082031,95.78705755780847,93.91814621217932,95.04951887794095,229161100
2008-03-13,94.26901245117188,94.97791366263105,92.08504472947666,92.80825923122131,351504200
2008-03-14,92.8082504272461,95.09963316577193,91.49786336282942,95.07099566174182,484687800
2008-03-17,91.87020111083984,92.55761035436991,90.27339010533511,90.63141893980746,405311100
2008-03-18,95.68682861328125,95.72979034265789,93.07321050570249,93.53148716268232,334416600
2008-03-19,93.3166732788086,96.41719445404527,93.11616700934117,96.05200884866086,345971600
2008-03-20,95.04515075683594,95.64242247145894,93.01586534231429,93.58435777273787,245320700
2008-03-24,96.94487762451172,97.72924194035566,95.87986869197746,95.93023517175986,208977300
2008-03-25,97.03844451904297,97.54216429621046,96.2612721570127,97.04563659433549,192947200
2008-03-26,95.85107421875,97.21112283677644,95.78631261319289,96.75778061761126,196934300
2008-03-27,95.5488510131836,96.74339419777775,95.24661917978021,96.57068558714734,225153200
2008-03-28,94.63495635986328,95.96622587689289,94.31113730931379,95.69997636559371,180896100
2008-03-31,94.96599578857422,95.5128900408128,94.33274172157353,94.47666010581854,166692100
2008-04-01,98.30499267578125,98.47049833576347,96.07421838444515,96.14618309588438,254547300
2008-04-02,98.36971282958984,99.06772851104627,97.8515978705651,98.62157823310169,210910800
2008-04-03,98.61438751220703,98.90223529226496,97.65732521179093,97.83722595672585,175884800
2008-04-04,98.50647735595703,99.27645801724582,97.95237984140259,98.67198301033507,204446800
2008-04-07,98.55684661865234,99.71540806310276,98.3985330562848,99.21167710269403,154245500
2008-04-08,98.45603942871094,98.52799310524875,97.82997765926845,98.0026862474362,148937300
2008-04-09,97.74369812011719,98.44171406073743,97.0672693957823,98.30498770408173,195610600
2008-04-10,97.88040161132812,98.34813916194136,97.0744387972861,97.44863542593882,192967800
2008-04-11,95.98062133789062,97.23272313503709,95.71436084540602,96.77938085481061,222973300
2008-04-14,95.65682220458984,96.0957804769446,95.38338052921524,95.84392601330298,160522000
2008-04-15,95.87992095947266,96.20374015829188,95.22507950346301,96.12458337811191,172389200
2008-04-16,98.4776611328125,98.52083554991498,96.80098506029647,96.81536921248474,189268900
2008-04-17,98.62152862548828,98.76544693498754,97.62128155111314,97.88033890031708,179665700
2008-04-18,99.650634765625,100.42780743556345,99.49232120432613,99.98165702477863,218530600
2008-04-21,99.70101928710938,100.01044337312234,99.1972992748367,99.47074100705744,118587400
2008-04-22,99.26200866699219,99.52825818039648,98.51361563108782,99.44190936097174,162166000
2008-04-23,99.10369873046875,99.86647594344278,98.67193265733343,99.36994825341736,193309000
2008-04-24,99.5354995727539,100.557334590497,98.61439756296018,99.36279088711674,229381300
2008-04-25,100.4565658569336,100.665245859604,99.24043523995054,100.3126364975543,190788100
2008-04-28,100.47811126708984,100.92426135082079,100.29821062297074,100.65801191120896,105610200
2008-04-29,100.08236694335938,100.55010440958343,99.74415272122141,100.30544207279756,125514100
2008-04-30,99.49225616455078,101.16893161840164,99.49225616455078,100.23344599870714,208395900
2008-05-01,101.55036163330078,101.55036163330078,99.49949987772005,99.57865663897,187279500
2008-05-02,101.83099365234375,102.4498525322336,101.14737315229827,102.42826532551507,181585500
2008-05-05,101.3416519165039,101.90294115714191,101.0394200931039,101.49996539260857,118504500
2008-05-06,102.21957397460938,102.32750999620761,100.52131102644135,100.75878125422416,179339800
2008-05-07,100.39897918701172,102.2123702190322,100.1183345525133,102.10443419817382,199267300
2008-05-08,100.13994598388672,100.97468801469893,100.01041174725138,100.55731699929282,178321200
2008-05-09,99.95283508300781,100.30544444513994,99.62901598486567,99.73696300442538,152588200
2008-05-12,101.07540893554688,101.14736262369625,99.83048824960161,100.20468476088536,147865900
2008-05-13,101.08981323242188,101.38485305935662,100.55011105253739,101.32009143303502,159132200
2008-05-14,101.29853057861328,102.32755773211431,101.07545537640098,101.51441370278614,181910800
2008-05-15,102.5649642944336,102.63692895116658,101.3416419918277,101.49275239859598,166927000
2008-05-16,102.65853118896484,102.80964161786693,101.90294610365466,102.80244954324617,204236800
2008-05-19,102.93917083740234,103.83867423342951,102.39946879978605,102.76646223246935,165664400
2008-05-20,102.10443878173828,102.42825783911658,101.46399274193956,102.37789135387722,178552100
2008-05-21,100.37742614746094,102.26997456568391,100.02481672553117,102.0468993931393,252724800
2008-05-22,100.3918228149414,100.86676348810192,100.02482919310195,100.33425325029118,170820400
2008-05-23,99.04613494873047,100.49973576720174,98.95978612118873,100.0607775934179,181376400
2008-05-27,99.78016662597656,100.0248290401621,98.96701162440915,99.1613075322726,168322900
2008-05-28,100.24067687988281,100.74439666716506,99.30519100049128,100.1471249978633,181288100
2008-05-29,100.74443054199219,101.4136561314908,100.08239703034882,100.11837938016812,173927200
2008-05-30,100.99625396728516,101.27689861061327,100.70121419396747,101.08260278668858,117362000
2008-06-02,99.95283508300781,100.64365867527707,99.30519688672354,100.62207146741882,181069900
2008-06-03,99.36994934082031,100.47094076106941,98.75109048536345,100.24067357174016,271965700
2008-06-04,99.31963348388672,100.13998066579396,98.91665746193553,99.08935519690142,246637700
2008-06-05,101.30570983886719,101.3848666083728,99.53549260122585,99.7225854290253,237867100
2008-06-06,98.0746841430664,100.60049760011186,98.02431764480761,100.42059685725769,384276300
2008-06-09,98.3121337890625,98.94538778456939,97.44142052550816,98.4848424188192,228263900
2008-06-10,97.82282257080078,98.65756459214887,97.39825948383324,97.62852670818529,260234900
2008-06-11,96.3836441040039,98.05311764053238,96.37644104539572,97.84443756606842,283890100
2008-06-12,96.7505874633789,97.7724220499224,96.08136217694685,96.85853446395174,252791800
2008-06-13,97.97393035888672,98.24019089824125,96.72902041742942,97.26872259196666,244726900
2008-06-16,98.03148651123047,98.53520627590514,97.47740026022201,97.54216187705147,185832500
2008-06-17,97.55657196044922,98.67194768880593,97.41264259396665,98.63597632745432,191707700
2008-06-18,96.606689453125,97.52058821181234,96.21810871792795,96.92331648638795,265893000
2008-06-19,96.72903442382812,97.31911415729499,96.06700097816535,96.53473853838533,304204900
2008-06-20,95.15892791748047,96.25095905011631,94.89857473573574,96.07015853599323,289275700
2008-06-23,95.06494140625,95.62903832501982,94.97093260991603,95.52779044306604,165096400
2008-06-24,94.87688446044922,95.78088707778686,94.15368236657912,94.77563660871493,267300600
2008-06-25,95.32525634765625,96.47514490928741,94.91303693517153,95.26017081439872,287853900
2008-06-26,92.7362289428711,95.04324607295928,92.62775301065658,94.42853073175789,297775000
2008-06-27,92.22998809814453,93.1918484778421,91.87562051737014,92.77238982115652,303423400
2008-06-30,92.55538940429688,93.2279674487871,92.06361185007184,92.490298358653,258842600
2008-07-01,92.84466552734375,92.90975105135325,91.07281752220634,91.49950400429375,388622000
2008-07-02,91.253662109375,93.40880728896545,91.0873231605172,93.14121494671893,288064600
2008-07-03,91.3476791381836,91.92624317502985,90.39305233970418,91.92624317502985,239352500
2008-07-07,90.41474914550781,92.09257826130967,89.61922771878719,91.69482030674719,372427300
2008-07-08,92.02027130126953,92.12875276416425,89.82173535581596,90.39306591063811,375973700
2008-07-09,90.24839782714844,92.38184198309528,89.95911586085192,92.20827501035522,336729400
2008-07-10,90.61723327636719,90.97160079148834,89.37332467256843,89.98804540790769,436475700
2008-07-11,89.56135559082031,91.05115583804387,88.58503374841705,89.65537540576237,481124600
2008-07-14,88.75137329101562,90.76187448850355,88.51994881182841,90.58830750851185,322720800
2008-07-15,87.50023651123047,89.3082420913643,86.79872946332331,88.08603407115854,502502500
2008-07-16,89.64813995361328,90.08929371686332,87.57978131471481,87.83290096963007,371642900
2008-07-17,90.5448989868164,91.31149695016602,89.74214422971257,90.50150862727372,375490600
2008-07-18,91.10900115966797,91.42720632532625,90.50874210447621,91.24640580394998,267030100
2008-07-21,91.15966033935547,91.70206211324867,90.53770586388357,91.49233276523175,222863000
2008-07-22,92.19384002685547,92.42526456322501,90.29181427339697,90.50877719019174,296904200
2008-07-23,92.69281768798828,93.40155270090486,92.2444358889252,92.49032197001212,311698400
2008-07-24,90.76911163330078,92.8663991622543,90.51599196133631,92.81576971026638,248634500
2008-07-25,90.74744415283203,91.4778746409716,90.52324764556839,91.0439542826241,219131000
2008-07-28,89.41671752929688,91.16686548919823,89.25761216610678,90.7691075988178,205201300
2008-07-29,91.32597351074219,91.39829262768056,89.41672013207543,89.66261175077982,261505600
2008-07-30,92.95320129394531,93.00383075758774,91.32599593412495,91.92625523552624,354710000
2008-07-31,91.72371673583984,92.98209226741464,91.5790730162138,92.13594168098504,277402100
2008-08-01,91.23918151855469,92.04916435646464,90.7329367272667,91.93345488716076,248690900
2008-08-04,90.39302825927734,91.22471177158755,90.22669486737178,91.15239266564625,188239600
2008-08-05,92.83025360107422,92.97489186327805,90.37859808882601,91.13795724179013,251577600
2008-08-06,93.24246215820312,93.51005449854317,92.19382660501235,92.58435648783077,209555400
2008-08-07,91.85391998291016,92.88809942860661,91.51401404013228,92.54095991834966,246312500
2008-08-08,93.56065368652344,93.96564510356282,91.39828091683923,91.54292464977775,260811700
2008-08-11,94.52975463867188,95.1083075106705,93.4594075480593,93.6329800307721,249425800
2008-08-12,93.54622650146484,94.52254303317518,93.09783354957008,94.21879937651917,213200800
2008-08-13,92.98210906982422,93.76315770897625,92.33122049027826,93.14120339617781,256393200
2008-08-14,93.68359375,94.21876726850729,92.38906686622221,92.45415240578457,239555300
2008-08-15,94.13924407958984,94.37790216791561,93.51006159639839,93.96567155120977,181000800
2008-08-18,92.8519287109375,94.36341863923785,92.32399420221431,94.3272563227084,172275100
2008-08-19,91.8394546508789,92.34569955004207,91.50678226904932,92.15043184744063,194673700
2008-08-20,92.26614379882812,92.53372509838394,91.36936904180062,92.12873360656201,225498200
2008-08-21,92.42527770996094,92.88812684853652,91.55743143693401,91.665912910762,180609800
2008-08-22,93.76315307617188,93.76315307617188,92.42523573772519,93.0544180685281,167715300
2008-08-25,91.86116790771484,93.7631882641785,91.66590568429551,93.14847283534047,171936900
2008-08-26,92.12874603271484,92.47588558509464,91.54295390051968,91.86115917947217,159117200
2008-08-27,93.0254898071289,93.17012802032893,92.06362968832569,92.24443021362279,171032800
2008-08-28,94.15369415283203,94.26217006641639,93.3726344694559,93.49557751658136,167537100
2008-08-29,93.14120483398438,94.11753220078,92.93870910438359,93.82101665558257,189195800
2008-09-02,92.56262969970703,94.52974569450137,92.22272385021512,94.03796255760743,252364900
2008-09-03,92.48307037353516,92.93145760277713,91.79603067611619,92.48307037353516,251947000
2008-09-04,89.69876098632812,92.01301115636444,89.64813705698079,91.82497705410526,340042500
2008-09-05,89.98080444335938,90.36410067561278,88.23065667613729,89.16358805228315,289503400
2008-09-08,91.8394546508789,92.7434630052706,89.98082503912961,92.59881372323049,364075300
2008-09-09,89.11298370361328,92.10704063015001,88.809240077465,91.91900649689829,377326800
2008-09-10,89.47457122802734,90.32794998904272,88.62842603346651,89.59751426978174,298916600
2008-09-11,90.76911163330078,90.935445053051,87.94138832159692,88.31745656359702,375369400
2008-09-12,91.18856048583984,91.27534673401958,89.55412752708223,89.8867998687124,297851200
2008-09-15,86.8493423461914,90.87034999664994,86.7047041252258,87.96307430392886,483607000
2008-09-16,88.30298614501953,88.4620915093636,84.61465608582313,84.75929431653874,581744300
2008-09-17,84.3326187133789,88.12219713367924,83.89146487907269,86.52392074938767,624095600
2008-09-18,86.83487701416016,88.07878552455885,82.30040221809385,85.37401118159991,776114700
2008-09-19,90.28343200683594,93.10569643210253,89.70879462072521,92.16008948290121,501087800
2008-09-22,88.23946380615234,90.74168107620815,87.54844721215824,90.52346238887752,249966500
2008-09-23,86.23188018798828,88.7559127811226,86.03548225063074,87.90486985132522,327470400
2008-09-24,86.50827026367188,87.28657533845856,85.679048241919,86.81377194546904,311818400
2008-09-25,87.86127471923828,88.6759519959821,86.15191252071543,86.85020495098087,328253000
2008-09-26,87.90487670898438,88.37768022337808,86.202790716606,86.43555475529533,285917400
2008-09-29,81.01651000976562,86.80652043720002,80.71828368091386,86.66104499135025,459562300
2008-09-30,84.3697509765625,84.95893915881042,80.39821229587159,82.56583145066374,328154400
2008-10-01,84.4206771850586,84.87893532701723,82.88588755785017,83.8460398106957,332783000
2008-10-02,81.35840606689453,83.72969423137089,80.78376846157026,83.61330940265677,365337800
2008-10-03,80.260009765625,83.97696383940657,79.77993644870413,82.09303110176653,461798000
2008-10-06,76.1720962524414,78.28152322710231,73.20435094531288,77.93964987144115,610637500
2008-10-07,72.76067352294922,78.07061199388136,72.4842678803123,77.71418761971711,540012100
2008-10-08,70.92762756347656,74.3245292514317,70.41845247489456,70.93489745008316,725414800
2008-10-09,65.97410583496094,73.18980081228896,65.64678337313461,72.49150882406975,534485200
2008-10-10,64.37386322021484,68.33085726632468,60.795114190029615,63.108209158228796,871026300
2008-10-13,73.72079467773438,73.72079467773438,65.42856789462523,68.27993392270396,455584000
2008-10-14,72.62971496582031,76.76128040873427,70.6366727335351,76.1575468350554,546268300
2008-10-15,65.47947692871094,71.13856123375761,65.25398838457801,70.89124638414933,484627500
2008-10-16,68.20720672607422,68.93459511434199,62.94819178663673,66.40328663090862,708811200
2008-10-17,67.79987335205078,71.71322101859832,66.66514920291404,66.91245859971228,476649000
2008-10-20,71.87321472167969,72.0841579317412,68.43994208121617,69.35645261987261,321294200
2008-10-21,69.72746276855469,71.74960193135288,69.2619345677465,70.53486445579193,356502000
2008-10-22,65.93051147460938,69.72748138520656,63.668332168480184,67.79262477501076,516168000
2008-10-23,66.6942367553711,67.24704788223401,62.41718988728269,65.67589199870564,634666400
2008-10-24,63.311866760253906,65.40674268466084,61.100606065280935,61.14424757947754,545812600
2008-10-27,61.064266204833984,65.10855029347901,60.88241906836988,62.53359417520313,397288600
2008-10-28,68.1999282836914,68.5490715585292,61.486131860281795,63.530091199094436,639939500
2008-10-29,67.70529174804688,70.680306679911,66.99244890436402,68.20718580834873,531270100
2008-10-30,70.04747772216797,70.22204931596873,67.57435702027831,69.66923279448025,414582100
2008-10-31,70.43299865722656,71.69865253396905,68.72363754762911,69.16006934483016,411394000
2008-11-03,70.63666534423828,71.05855181300315,69.79289240670855,70.39662591723089,205419400
2008-11-04,73.03704071044922,73.36436313082221,70.34570145031853,72.05506235026883,346793400
2008-11-05,69.96749114990234,73.2552842374842,69.10189718822039,72.15692621251799,387844100
2008-11-06,66.09050750732422,69.42194756197455,65.50859459357878,68.70910452011303,477721900
2008-11-07,68.27262878417969,68.37446264628629,65.82860499456287,66.66510219003499,380391000
2008-11-10,67.37797546386719,69.48740261975146,66.13414215097585,69.25463858838349,301773000
2008-11-11,65.29762268066406,67.02153435366739,64.48295161793607,66.01774084443593,418498200
2008-11-12,62.42448425292969,64.70120838428024,61.91531449497082,64.1774932973229,454330600
2008-11-13,66.31600189208984,66.72334318694644,59.711313609738774,62.64996353558044,753141900
2008-11-14,63.00640106201172,66.96339118014465,62.93365776407869,65.03581587467787,540352300
2008-11-17,62.16990280151367,64.4175308492498,61.94441411763365,62.831823523353336,415254900
2008-11-18,63.340980529785156,63.442814457523326,60.3077723617278,61.93712075507139,523811800
2008-11-19,59.28215408325195,63.18823175503553,58.86026748304149,62.48993956306634,558327600
2008-11-20,54.88142776489258,60.01679132243044,54.5904769759699,58.28560416087537,814180400
2008-11-21,57.8419075012207,58.84570677376297,54.07403638506419,56.34348957784282,718536500
2008-11-24,61.84983825683594,63.275518935402474,58.45293556889524,59.58765976112438,523305300
2008-11-25,62.30807876586914,63.65374588838017,60.9696815300326,63.50099502523877,454112400
2008-11-26,64.7157211303711,64.87574740273278,61.275172923187256,61.318819983532826,370134200
2008-11-28,65.53044891357422,65.55954512911438,64.35935814791232,64.46846201926839,118308100
2008-12-01,59.7258415222168,63.682834839483206,59.54399448446788,63.65373864749964,369927100
2008-12-02,62.02439498901367,62.18442129543039,59.67493399798877,60.71509944016537,469508400
2008-12-03,63.51554870605469,63.886518307946,60.47506526695027,60.664187786477754,519863500
2008-12-04,62.04623794555664,64.04655621338541,60.91150817266915,62.59904918027426,444173800
2008-12-05,63.959228515625,64.31564708985715,59.82038892570924,60.846008692793596,471905300
2008-12-08,66.19232177734375,67.19611542844366,64.06834970714503,65.71224293364519,412859300
2008-12-09,65.10124969482422,67.01427883327634,64.72301023895007,65.73407948298534,370790000
2008-12-10,65.54496765136719,66.45420313032908,64.73756610208639,65.69771854588883,396187400
2008-12-11,63.96654510498047,66.19235209177621,63.55193389078256,65.13036557031374,365061000
2008-12-12,64.73030853271484,64.7885009513199,61.97350513356298,62.228095577576504,415060400
2008-12-15,63.82830047607422,64.84664484143902,62.76631460418232,64.75208084458987,256694200
2008-12-16,66.83244323730469,66.93427716788405,64.1411084156507,66.83244323730469,377699500
2008-12-17,66.18506622314453,67.23250725164809,65.50859481715813,66.07595685775327,281819800
2008-12-18,64.94850158691406,66.67968373279292,64.1629208956955,66.48329133475443,374673300
2008-12-19,64.6690673828125,66.45096838207913,64.59573365713038,65.33636064881313,301451300
2008-12-22,63.84049606323242,65.02109841229377,62.6892261097817,64.95510471810665,243759500
2008-12-23,63.18050765991211,64.47843339937508,62.916521815516276,64.18511517287084,221625200
2008-12-24,63.54714584350586,63.701136633767284,63.06316999304497,63.393149458665306,62061600
2008-12-26,63.91384506225586,64.01650567403702,63.42986881135859,63.9725042728567,74767700
2008-12-29,63.730491638183594,64.03847332804851,62.76987408944147,63.97247405474539,127795900
2008-12-30,65.24109649658203,65.29976129492,63.70851080885518,64.17048910253787,168256300
2008-12-31,66.17235565185547,66.70766197838024,65.16774786947614,65.32173872090841,193987200
2009-01-02,68.16693115234375,68.5189143290567,65.88638898821422,66.31903485970342,227566300
2009-01-05,68.08627319335938,68.68024449571519,67.38231238555174,67.92494779258578,240349700
2009-01-06,68.54088592529297,69.2595098098688,67.96158388266024,68.66554437135072,328260900
2009-01-07,66.48768615722656,67.65362513263737,66.14303749408889,67.46296735406668,280899200
2009-01-08,66.75898742675781,66.79564871563502,65.75437412256248,66.11369167779334,263834400
2009-01-09,65.32907104492188,66.96431690555694,62.59389127280175,66.84699293409227,330953600
2009-01-12,63.759830474853516,65.19708982151153,63.36385713857057,65.1457539355903,277858500
2009-01-13,63.877174377441406,64.44180770879915,63.20987484579884,63.59852496119236,356432300
2009-01-14,61.867916107177734,62.87985816624158,60.98063248253723,62.72586734820448,435491600
2009-01-15,61.88994598388672,62.51324407273344,59.924720022684916,61.68462478705091,532647300
2009-01-16,62.373897552490234,63.05586023087921,60.899982727086076,62.960534159876076,399237200
2009-01-20,59.08142852783203,62.37391318568489,58.70011855366786,61.76528412661032,419855200
2009-01-21,61.633304595947266,61.772626519744904,59.00811321824359,60.08605527300137,364360700
2009-01-22,60.679996490478516,61.62594514337173,59.52139219364047,60.438008454825955,427940300
2009-01-23,60.94397735595703,61.58927313614896,59.081412596683904,59.323400612223836,386800600
2009-01-26,61.361976623535156,62.59390945190241,60.72400951068279,61.295977324820576,317978800
2009-01-27,61.98525619506836,62.43989986765227,61.08330894094132,61.691937877097494,273789700
2009-01-28,64.08247375488281,64.4931160377758,63.11452723479111,63.356515263459414,330007000
2009-01-29,61.99992370605469,64.15580126325997,61.94125892494642,63.14385896475878,294392500
2009-01-30,60.73863983154297,62.62320197545661,60.28399631244679,62.31522036312357,383383600
2009-02-02,60.55534362792969,60.99531835511567,59.6240582873802,59.814716053840925,288233300
2009-02-03,61.405948638916016,61.86059227139543,60.291345842444684,60.936641609393234,278385800
2009-02-04,61.10530471801758,62.60122305270166,60.892649084723224,61.816599796206624,322989300
2009-02-05,62.014625549316406,62.542597717438426,56.998901141327046,60.64336481236532,417679400
2009-02-06,63.781822204589844,64.04580251523755,62.0952462094702,62.227239162084615,366101700
2009-02-09,63.86982727050781,64.33913440238132,63.29785955319838,63.76716668507188,240075200
2009-02-10,60.94397735595703,63.81848436942275,60.46000132487717,63.261180162459006,536212800
2009-02-11,61.30330276489258,61.63328802053814,60.423353272335945,61.19330767967739,324442500
2009-02-12,61.34731674194336,61.464640754216354,59.43342088811828,60.25470575777996,469302200
2009-02-13,60.68732833862305,61.77259881153912,60.6726593461185,61.26663046176101,293998400
2009-02-17,58.09149169921875,60.83400686597546,58.054824799176274,58.78078913901639,478910100
2009-02-18,57.952144622802734,58.61944393506918,57.402174875384645,58.509448866669246,362964800
2009-02-19,57.328857421875,58.77344579053394,57.21152783507224,58.54612111474924,316867500
2009-02-20,56.77155303955078,57.44618137951267,55.56161825064312,56.26558458187067,477176600
2009-02-23,54.74032974243164,57.394847121271084,54.69632835315375,57.394847121271084,379641400
2009-02-24,56.815547943115234,57.16019097696922,54.776988565832504,55.20963437426765,426260900
2009-02-25,56.36823654174805,57.50483736761812,55.45894916755387,56.56622319581411,461985800
2009-02-26,55.451622009277344,58.42145548115384,55.38562272612528,57.0648644684758,363353900
2009-02-27,54.212345123291016,55.502942212878416,54.124347959939286,54.271009898858836,470510900
2009-03-02,51.77048110961914,54.205013477886,51.60182686421971,53.178402229792,426452600
2009-03-03,51.3818359375,52.577101412288975,51.066519750403614,52.51110773327354,443761000
2009-03-04,52.5991096496582,53.43506322682843,51.38184057736162,52.232463147580674,462753100
2009-03-05,50.4505729675293,52.59912220639996,49.98859468409346,51.403850743753424,485549400
2009-03-06,50.53855895996094,51.66049650451248,49.203965745687896,50.89054210853708,490470000
2009-03-09,49.944576263427734,51.33049929687697,49.665926995579355,49.8272467224934,379905300
2009-03-10,52.92176055908203,53.068422532713136,50.868543279486786,50.971203863737436,406227900
2009-03-11,53.26641845703125,54.08037436968744,52.67245274574606,53.53040446084316,356648300
2009-03-12,55.363616943359375,55.546940178271164,52.77509376153794,53.25173529122481,409702700
2009-03-13,55.7962646484375,56.448900600119885,54.7989912624785,55.73760545720361,337474700
2009-03-16,55.627628326416016,57.17487758527156,55.590961424807915,56.434249810540855,360644900
2009-03-17,57.328857421875,57.4608504097368,55.326964705068185,55.78160846205496,356814300
2009-03-18,58.612091064453125,59.32338594326474,56.51487330418418,57.05750838504445,473273200
2009-03-19,57.88616180419922,59.3967438703896,57.70283852064863,59.345413574778746,428520400
2009-03-20,56.653541564941406,58.2783369276027,56.520603813765725,58.16755452918516,371078200
2009-03-23,60.722900390625,60.77459808501903,57.8351995954873,58.15277275665812,419933300
2009-03-24,59.526432037353516,60.826266398784156,59.45996602007714,59.99909805339677,330271000
2009-03-25,60.15420150756836,61.07737836087435,58.389087814817266,59.99172711447096,441775100
2009-03-26,61.38019561767578,61.52052033113631,60.058205417410974,60.7450493620262,422025200
2009-03-27,60.27236557006836,60.95182232227713,60.05080089083235,60.59732559704814,322332300
2009-03-30,58.189701080322266,58.987327466729475,57.57671011847454,58.935629773237864,324108500
2009-03-31,58.728816986083984,59.88094554556996,58.381707217801555,58.758359321929724,364238300
2009-04-01,59.86618423461914,60.13205967889488,57.849968689257956,57.99767476513309,377018300
2009-04-02,61.61651611328125,62.48799528805755,59.91786844960098,61.35802772131887,476230700
2009-04-03,62.22952651977539,62.244294874848485,61.05524226223709,61.66084624350414,284646300
2009-04-06,61.74208068847656,62.24428923484811,60.7745929320092,61.5500582821689,264866600
2009-04-07,60.30192947387695,61.040471156019656,60.198534089147046,60.745053356237406,258947800
2009-04-08,60.951839447021484,61.254644218077054,60.220684815519036,60.60472398151893,230402800
2009-04-09,63.37423324584961,63.38162023725458,62.28119517209979,62.53229653363406,269653500
2009-04-13,63.3890266418457,63.91339049971806,62.46584964531862,62.716951083753884,224847500
2009-04-14,62.295989990234375,63.33733647049434,62.09658621456007,62.79819856131791,276598800
2009-04-15,62.9606819152832,63.086232655941814,61.74947393976515,61.919335380744165,250726100
2009-04-16,63.88384246826172,64.36389559061291,62.60616313966161,63.46287402073447,335202900
2009-04-17,64.31221008300781,64.73317861022382,63.617979108971475,64.12757466520034,262649000
2009-04-20,61.61651611328125,64.29003830852277,61.55004444984844,63.17483909220008,293690100
2009-04-21,62.820335388183594,62.87203306549541,61.11430640226948,61.16600407958129,114090900
2009-04-22,62.43630599975586,63.765677466183085,62.089190554779684,62.251670604311094,340395200
2009-04-23,63.04930877685547,63.08623248214536,61.76424212484206,62.56186853616911,324903700
2009-04-24,64.00198364257812,64.48203091897534,63.28559777092755,63.53669907645088,287703000
2009-04-27,63.39640808105469,64.2605060332119,63.17484898238315,63.27824435535492,289581600
2009-04-28,63.197025299072266,63.9503354999222,62.598808209143584,62.75390132006483,247926300
2009-04-29,64.5411376953125,65.25752381257155,63.73613020907239,63.898604597079036,311505700
2009-04-30,64.56330871582031,65.7449742110527,64.1940378963961,65.3978643738794,301419800
2009-05-01,64.91043090820312,65.14676403171865,64.04633845359567,64.57808939016215,236110300
2009-05-04,67.11864471435547,67.1629610327459,65.27229109576997,65.39784742414808,287120000
2009-05-05,66.8897476196289,67.15562318604678,66.35060948921816,66.8897476196289,243036300
2009-05-06,68.0492172241211,68.0935279135579,66.9192495664839,67.70948879098097,291941000
2009-05-07,67.10388946533203,68.79515038629607,66.6755339898826,68.69175501423933,317728000
2009-05-08,68.66960144042969,68.84684984929822,67.53224668382465,67.96798352950677,299081700
2009-05-11,67.38453674316406,68.02706998972599,67.236830671015,67.72426521680728,247923600
2009-05-12,67.18512725830078,67.82027345675479,66.35795867471242,67.67256176256491,282431300
2009-05-13,65.49388885498047,66.47615082837079,65.36095110193045,66.2767413814823,269619100
2009-05-14,66.05517578125,66.55738439555674,65.36094473466018,65.52342482085153,260098700
2009-05-15,65.51600646972656,66.46872554536498,65.10242509163498,66.00344649501194,271502700
2009-05-18,67.37712860107422,67.45836296422733,65.41260594157077,66.1363789304992,241447400
2009-05-19,67.29590606689453,67.92366523883554,67.06695436164568,67.34021675549928,206102200
2009-05-20,66.84540557861328,68.53666661453083,66.77155254135663,67.90890171128535,285722200
2009-05-21,65.88529968261719,66.32104218455027,65.183687371499,66.06993509445098,258988400
2009-05-22,65.7449722290039,66.46874549249063,65.49387078398578,66.06993234338064,166811900
2009-05-26,67.42882537841797,67.62084206642234,65.2279697457203,65.25751207494172,236318500
2009-05-27,66.22501373291016,67.76118137692579,66.12161837558452,67.53223531922252,246015800
2009-05-28,67.148193359375,67.45837944414063,65.80404802409933,66.80846493778056,289095000
2009-05-29,68.33724975585938,69.20134203014787,66.97094899457309,67.51746817216261,258641500
2009-06-01,69.99159240722656,70.28701020561512,69.00194926244464,69.17919768762744,276246800
2009-06-02,70.0506591796875,70.43470390976813,69.59276706217712,69.71831776313161,230874500
2009-06-03,69.1644058227539,69.51890255261809,68.50710440294947,69.45243652875253,235310500
2009-06-04,69.81434631347656,69.91774170117154,68.90594317378124,69.42292011225614,210102300
2009-06-05,69.8291244506836,70.65628760137574,69.27521814029095,70.52334986149644,284257900
2009-06-08,69.54107666015625,70.23530190165931,68.71390807657018,69.3047379494531,238565100
2009-06-09,69.89555358886719,70.2648242674367,69.43765591897657,69.9324829105735,225125500
2009-06-10,69.71833038330078,70.52333804827221,68.82469569504678,70.51595668896772,296100400
2009-06-11,70.02851867675781,70.98123807663957,69.83649627102471,69.85127025934104,275414200
2009-06-12,70.22053527832031,70.26484597035555,69.42290901393528,69.71832677496216,184361800
2009-06-15,68.61051940917969,69.43768243893027,68.24124858957659,69.39337174365807,224190500
2009-06-16,67.67992401123047,68.89851827829365,67.63561333648659,68.85420760354977,227319000
2009-06-17,67.61347961425781,68.18954110857933,67.08172880884572,67.65040331014076,223445200
2009-06-18,68.10831451416016,68.44065601573901,67.39192818425046,67.71688832597259,211725100
2009-06-19,68.35935974121094,68.84954776575837,67.97314549985354,68.76042576117976,215655600
2009-06-22,66.30948638916016,67.72807245062477,66.28720588205134,67.69093449447237,251913600
2009-06-23,66.36145782470703,66.75509511894428,65.9901010314334,66.4505854950165,188309800
2009-06-24,66.9333267211914,67.64633083143029,66.54711261994557,66.96303593409131,211577700
2009-06-25,68.38906860351562,68.45591010659639,66.52485590937835,66.59912613495308,279411000
2009-06-26,68.2108154296875,68.50790200788092,67.78746889735982,68.15882570348779,167579000
2009-06-29,68.84954833984375,68.93867601162054,68.03256451448246,68.41135003646504,168481300
2009-06-30,68.2925033569336,69.11691578678177,67.78745795546314,68.86439591927366,228888200
2009-07-01,68.57469940185547,69.24314230096087,68.48557179315772,68.58212245274198,173041100
2009-07-02,66.70308685302734,68.59700823884984,66.66595458389466,67.68346828809403,212309900
2009-07-06,66.69568634033203,66.79223707245252,65.84899325418215,66.05695216426031,174499600
2009-07-07,65.40335845947266,66.71053599520592,65.35879745629083,66.62883704506913,197088900
2009-07-08,65.35877990722656,65.95295290023735,64.6160664991899,65.79697809807047,248050500
2009-07-09,65.48505401611328,66.02723741470132,65.29195256802863,65.81184979972552,163777600
2009-07-10,65.32906341552734,65.7227005713166,64.87600783376344,65.13595636433625,173520300
2009-07-13,66.91847229003906,66.97046199833801,65.0542601785425,65.58901470187644,217413500
2009-07-14,67.2972640991211,67.35668253325237,66.6436783230384,67.12643751760713,181487400
2009-07-15,69.26546478271484,69.4511431635751,67.34926253228798,68.1885267738527,220877900
2009-07-16,69.15404510498047,70.19384499793533,68.9386575390756,69.07234617769056,231174500
2009-07-17,69.91162109375,70.05273847479825,69.4734228400067,69.85963137438293,138561700
2009-07-20,70.65432739257812,70.77316426268307,69.9561806133001,70.32010861170224,164179400
2009-07-21,70.98113250732422,71.22622933449331,70.1270108064485,71.20394883501514,217718300
2009-07-22,70.96626281738281,71.3970322536253,70.47606928677332,70.52805899458464,196068100
2009-07-23,72.53338623046875,72.84532446784175,70.95140321752149,71.01082164362673,258795500
2009-07-24,72.83049774169922,72.88991619286203,71.81298368119924,72.19176355783752,154003100
2009-07-27,73.04586791992188,73.08300585963678,72.29572573602196,72.69679168583615,159259400
2009-07-28,72.70418548583984,73.0606902699232,72.08773224797244,72.53336464468946,186685200
2009-07-29,72.52597045898438,72.85276052800052,72.02835380103048,72.37000131245199,194399300
2009-07-30,73.28352355957031,74.14507374989083,73.23153385266842,73.40236041331924,225575400
2009-07-31,73.38751983642578,73.87771347109765,73.06815280165743,73.26868862182478,207358000
2009-08-03,74.59815216064453,74.6649936614876,73.75888220702726,74.1599482114501,175776900
2009-08-04,74.79126739501953,74.89524685980261,74.10797215031478,74.26394134748939,176714600
2009-08-05,74.57585144042969,74.91007018693712,73.95939798967281,74.84322303776366,184726400
2009-08-06,74.18965911865234,75.02892342487257,73.8405828291101,74.91752092093776,193203800
2009-08-07,75.16260528564453,75.77905886168398,74.56100915308679,74.96950385201761,220640900
2009-08-10,75.00662231445312,75.17744888430657,74.47186777668124,74.82094397030752,130898700
2009-08-11,74.0708236694336,74.72440954322748,73.87028784087386,74.67241982220358,157301000
2009-08-12,74.86550903320312,75.42996710754957,73.90740811782256,73.94454038598961,219052400
2009-08-13,75.4374008178711,75.46711003424191,74.46444806415452,75.20716147406424,176449500
2009-08-14,74.85807800292969,75.45967399333168,74.0485175181062,75.40025556635409,199616100
2009-08-17,73.01617431640625,73.49151058084988,72.86763385868834,73.41724035199091,237667500
2009-08-18,73.59546661376953,73.85542083173179,73.04586029537182,73.17954893135541,173461500
2009-08-19,74.24162292480469,74.49414840062818,72.94187461239609,73.01614481124314,192812800
2009-08-20,75.00662231445312,75.17744888430657,74.17478695921096,74.33817914223826,174131300
2009-08-21,76.4771957397461,76.59602693102956,75.47453383501885,75.62307424073649,224605000
2009-08-24,76.46977233886719,77.2050570312875,76.19496633607508,76.78913933318367,191279000
2009-08-25,76.61833190917969,77.43531567418471,76.45493402288776,76.77430107342526,215310600
2009-08-26,76.6257553100586,76.97483158389987,76.12070987126893,76.38065847951626,194620700
2009-08-27,76.79653930664062,77.03420728322698,75.71217880931219,76.5811518174762,196230100
2009-08-28,76.7817153930664,77.5021483553191,76.2543895168654,77.41302636672141,147024400
2009-08-31,76.09840393066406,76.18753156646132,75.60078738031478,76.0315624536557,176051600
2009-09-01,74.41989135742188,76.67774110543004,74.26392220045986,75.71963999855966,321276800
2009-09-02,74.13766479492188,74.59814922628391,73.95198641127736,74.1079555735642,171805000
2009-09-03,74.75410461425781,74.8432265954545,73.96682455948148,74.5684262648267,143572300
2009-09-04,75.80135345458984,75.82363395750073,74.67985992073544,74.9026706162997,142687900
2009-09-08,76.45491790771484,76.53661683364031,76.04642327808754,76.4994788976911,132909100
2009-09-09,77.04166412353516,77.30161268243188,76.35094042906466,76.58860849240646,154612500
2009-09-10,77.82894134521484,77.88093105888083,76.66288148174581,77.0936566329519,162902400
2009-09-11,77.81407165527344,78.20771447273168,77.45014371689436,77.9774694914914,152360100
2009-09-14,78.19287109375,78.32655974138144,76.61089348548937,77.15307113066689,149593800
2009-09-15,78.51969146728516,78.80934935031617,77.8066870116353,78.31915559967555,196795900
2009-09-16,79.7079849243164,79.72283669592102,78.52707358914412,78.80187386222197,206406300
2009-09-17,79.58916473388672,80.25760221092008,79.15096091398046,79.59658778748708,229170900
2009-09-18,79.6399154663086,79.96826776051532,79.37126462440197,79.96080365561684,153799100
2009-09-21,79.4384536743164,79.8488941928731,78.84892011994725,79.02055474156482,151892000
2009-09-22,79.90110778808594,80.12498540313756,79.55036884811237,79.90857189350612,143126700
2009-09-23,79.23695373535156,80.61751733568204,79.09516418349584,80.08767965959606,225947400
2009-09-24,78.36381530761719,79.58020232904644,78.02054054746125,79.40856779568999,228636800
2009-09-25,77.94591522216797,78.62500636980857,77.67726440479842,78.1921794203306,204059000
2009-09-28,79.3414306640625,79.51307095233402,78.22951792387062,78.24444044337703,118285800
2009-09-29,79.10260772705078,79.86378125855447,78.93843159251539,79.48319733952434,133733900
2009-09-30,78.79664611816406,79.44588658527121,78.07278737773333,79.37126261850393,254383000
2009-10-01,76.84144592285156,78.90109972865794,76.82651771849777,76.86383253594047,281840600
2009-10-02,76.48328399658203,76.93849768466914,76.11015839608078,76.13254502115969,224748800
2009-10-05,77.62509155273438,77.84896931768672,76.56541561131583,76.78929337626818,149875000
2009-10-06,78.7369384765625,79.1846879030283,78.13993544564617,78.1847086802599,202491100
2009-10-07,78.953369140625,79.03545721760295,78.40860332917528,78.55785127271115,159200300
2009-10-08,79.55783081054688,79.97572960771278,78.99067837621881,79.51305756612028,183305800
2009-10-09,80.04290008544922,80.04290008544922,79.37127291056645,79.58022232198677,135008300
2009-10-12,80.35633087158203,80.6622909084273,80.05782924758901,80.41603233506962,118031000
2009-10-13,80.192138671875,80.37870143791606,79.66976520433755,80.13990132512126,157692700
2009-10-14,81.57270050048828,81.65478857151096,80.16228647065303,81.13241511358817,191421600
2009-10-15,81.87120819091797,81.87120819091797,81.13988529505518,81.1771944343046,173873600
2009-10-16,81.25928497314453,81.54285835249601,80.7667621886452,81.19212510439456,192069400
2009-10-19,81.93091583251953,82.18463849497323,81.13989142199384,81.39361408444753,159530400
2009-10-20,81.49809265136719,82.08016767486316,81.1025804273735,82.05031694372943,180921100
2009-10-21,80.7667465209961,82.31894424103677,80.70704507583676,81.37120799626571,225379300
2009-10-22,81.587646484375,81.84883327023812,80.2220053981472,80.73692055702374,238444000
2009-10-23,80.65484619140625,81.90854867030957,80.31902967234797,81.85631130424883,240033200
2009-10-26,79.78170776367188,81.57270584734114,79.55783015649118,80.74436667159428,242028200
2009-10-27,79.416015625,80.1398798744368,79.2219944995296,79.87122910777073,253266300
2009-10-28,77.91610717773438,79.46084726415133,77.87132822462137,79.21458294909091,248821400
2009-10-29,79.58769226074219,79.74440433079305,78.31160338166106,78.4981661831661,198110600
2009-10-30,77.2817611694336,79.56529337965344,77.1922146823092,79.32649325824842,325608100
2009-11-02,77.84892272949219,78.66233947481675,76.92357286212521,77.70713318364555,254222900
2009-11-03,78.09519958496094,78.20713841850855,77.26686018753249,77.41610816996557,228362600
2009-11-04,78.2966537475586,79.3488703930183,78.09516848217444,78.73694479923995,247996700
2009-11-05,79.73692321777344,79.7593098382281,78.68471220229851,78.84888834355762,180015300
2009-11-06,79.9458999633789,80.14739100332345,79.13995288393755,79.29666497420241,170954100
2009-11-09,81.7667236328125,81.81149687189111,80.49809918240913,80.55779493669947,159495700
2009-11-10,81.78167724609375,82.03540564872252,81.31900508383133,81.57272779301452,171899800
2009-11-11,82.19956970214844,82.69955663293021,81.80405748247196,82.31896693193532,169466200
2009-11-12,81.3637466430664,82.5129738807434,81.15479727138757,82.08761103312766,157144500
2009-11-13,81.80404663085938,82.15477986107554,81.15480613216224,81.57270492114762,150963000
2009-11-16,82.99058532714844,83.34878836535417,82.32642229418568,82.37119553891985,210922200
2009-11-17,83.08760833740234,83.12492317588607,82.46076004367954,82.77418419054095,147134100
2009-11-18,83.0353775024414,83.15478044021307,82.513003883304,83.02791908891476,156486800
2009-11-19,81.95328521728516,83.06519762160111,81.43837020145627,82.46820023311405,208734600
2009-11-20,81.66224670410156,81.90851089915995,81.34882265226904,81.52792129711001,134196000
2009-11-23,82.69953155517578,83.38608107523457,82.53535543223933,82.6249075975073,148010200
2009-11-24,82.82643127441406,82.98314336624699,82.09510817919369,82.83389538167629,138420100
2009-11-25,83.11748504638672,83.20703727066864,82.69958605329799,82.96077292397845,109564800
2009-11-27,81.7667236328125,82.32641189506872,80.81152324284619,80.89361131011924,126001800
2009-11-30,82.04283142089844,82.23685256898845,80.68465491705372,81.69955666645889,160874800
2009-12-01,83.0577392578125,83.32639007548883,82.63237641206553,82.77416023168561,159613700
2009-12-02,83.02041625976562,83.58756856276037,82.77415208555757,83.04280287679494,132315100
2009-12-03,82.3711929321289,83.71444716608544,82.30403306715307,83.24431103092263,167324900
2009-12-04,82.8413314819336,83.86369178683913,82.11746704525396,83.46071553260168,274907800
2009-12-07,82.7144775390625,83.22939267193215,82.45329076639118,82.7667205870414,127973800
2009-12-08,81.7966079711914,82.66225654529744,81.54287956077438,82.11749626782584,169863700
2009-12-09,82.10255432128906,82.22195724585521,81.35630312308506,81.77420766562177,155063400
2009-12-10,82.56524658203125,82.92344972505416,82.42345700762384,82.61001983986694,138014600
2009-12-11,82.91596984863281,83.10253264539539,82.54284425510767,82.91596984863281,124854000
2009-12-14,83.48312377929688,83.58013438564006,82.93089379211148,83.48312377929688,107141500
2009-12-15,83.0950698852539,83.52043284102439,82.83388310424479,83.17715797263459,120408800
2009-12-16,83.2219009399414,83.67711446124792,83.03533820804341,83.43085598215907,155358200
2009-12-17,82.22195434570312,82.78164272461467,82.14733036720384,82.62493066173279,183390100
2009-12-18,82.68712615966797,82.75465333015704,81.989375926464,82.67962186870321,174591200
2009-12-21,83.52742004394531,83.8050158138118,83.09976709189783,83.09976709189783,118039600
2009-12-22,83.8275146484375,84.00757751280942,83.60243177490116,83.70746892279271,91707500
2009-12-23,83.99258422851562,84.11262997601847,83.6549655808324,84.03009995563434,111783100
2009-12-24,84.39022827148438,84.48025685459868,84.03009676673894,84.17264965546468,39677500
2009-12-28,84.57032012939453,84.77289023488345,84.27021139332744,84.70536877441982,87508500
2009-12-29,84.45025634765625,84.80288360807734,84.44275778082371,84.78788075031544,80572500
2009-12-30,84.42024230957031,84.51778091635923,84.15764937609369,84.20266939618729,73138400
2009-12-31,83.60992431640625,84.63028994464237,83.57240860138948,84.60777708117564,90637900
2010-01-04,85.02793884277344,85.07295312549117,83.66245026741743,84.30768169881482,118944600
2010-01-05,85.25301361083984,85.29052932812519,84.66780505539535,84.97541790966966,111579900
2010-01-06,85.31306457519531,85.52313892337453,85.1029902270161,85.17051167146083,116074400
2010-01-07,85.67318725585938,85.77822441908398,84.9154142433709,85.15550000561231,131091100
2010-01-08,85.95829772949219,85.99581345980405,85.27555608577119,85.44811470737348,126402800
2010-01-11,86.07830810546875,86.37841092822187,85.71067241663567,86.34090093742493,106375700
2010-01-12,85.27554321289062,85.68818756354594,84.94542315308964,85.50812467824355,163333500
2010-01-13,85.99578094482422,86.23586664539218,85.05794528259085,85.49309667955522,161822000
2010-01-14,86.2283935546875,86.38594931605485,85.84575486331153,85.89827345043398,115718800
2010-01-15,85.26054382324219,86.16086407089153,84.93042372785904,86.07833977114228,212283100
2010-01-19,86.32591247558594,86.37843105421389,85.22301660030314,85.24552946894006,139172700
2010-01-20,85.44811248779297,85.86826118070759,84.7653708618067,85.74071685951517,216490200
2010-01-21,83.80501556396484,85.7332059874966,83.69997839879939,85.47061307458299,344859600
2010-01-22,81.93685150146484,83.835030569462,81.84681718859159,83.429884747677,345942400
2010-01-25,82.35698699951172,82.83716420055792,82.08689555231055,82.68710703645112,186937500
2010-01-26,82.01187133789062,82.88218579414519,81.80930130360848,82.03437848346685,211168800
2010-01-27,82.40201568603516,82.58958286784399,81.27661259518221,81.90683557849373,271863600
2010-01-28,81.4566879272461,82.71713981046467,80.96151346817648,82.67212551166662,316104000
2010-01-29,80.57136535644531,82.37951589815118,80.44382103520621,81.80931001177507,310677600
2010-02-01,81.8243179321289,81.8318222232828,80.65390037238946,81.14157626364656,187865000
2010-02-02,82.81466674804688,82.9722225066149,81.68926356619254,81.97436936901745,216327900
2010-02-03,82.40201568603516,82.88969150355732,82.1619299222837,82.43952568793925,172730700
2010-02-04,79.85860443115234,81.80179766942382,79.84359585125053,81.76428766786144,356715700
2010-02-05,80.02368927001953,80.18874363142801,78.46312847408434,79.9486577954455,493585800
2010-02-08,79.44593048095703,80.52631894551257,79.38590762757187,80.08365755691493,224166900
2010-02-09,80.44380950927734,81.14155961691942,79.73105082240657,80.37628235093995,337820500
2010-02-10,80.28627014160156,80.72892600947212,79.61102704103067,80.31628158208215,240511500
2010-02-11,81.12654113769531,81.21657542979288,79.7160382394041,80.18120682909885,223591600
2010-02-12,81.05906677246094,81.10408108259628,79.9111560712219,80.2712820005016,304622100
2010-02-16,82.33450317382812,82.41703320643626,80.8939883350087,81.67426863706017,159317500
2010-02-17,82.724609375,82.83715079884884,82.33446653553668,82.73210793892056,168845100
2010-02-18,83.21231079101562,83.38486940005592,82.55957491014618,82.58958634739152,193708600
2010-02-19,83.38483428955078,83.70744994897537,82.79962581991875,82.99469721782741,222684900
2010-02-22,83.39981079101562,83.71492204208292,83.15222092628058,83.69241491330551,132346900
2010-02-23,82.38700866699219,83.42988175968098,82.16943004507993,83.17479313515393,207497000
2010-02-24,83.14476776123047,83.27981634101755,82.42451057706445,82.63458487360097,176350700
2010-02-25,83.03223419189453,83.09225706061973,81.73427256926293,81.95934974083872,259634700
2010-02-26,83.08474731445312,83.36985306012575,82.61208013349993,83.10725445772299,173589300
2010-03-01,83.94756317138672,84.03009318512119,83.40736879934131,83.42987594416057,147709700
2010-03-02,84.18013763427734,84.58528337962613,84.03008619856092,84.30768765114121,160992400
2010-03-03,84.25517272949219,84.75785135744302,84.04509269664672,84.39771988237496,150785000
2010-03-04,84.51026153564453,84.63030726899675,84.05259719440652,84.36770865831267,135770400
2010-03-05,85.71820831298828,85.78572975577791,84.85539806917609,85.05797384573805,176118800
2010-03-08,85.73320770263672,85.920774890484,85.5831562419974,85.72570913647216,114631200
2010-03-09,85.87577819824219,86.2734198021238,85.4331222917619,85.47813659436058,154556700
2010-03-10,86.25841522216797,86.49099674641886,85.83826647536704,85.91329221956758,186088800
2010-03-11,86.61851501464844,86.6410278828206,85.79322062863417,86.05581351635294,160791100
2010-03-12,86.62602233886719,87.00866097386013,86.38593658681384,86.9936523945529,162074800
2010-03-15,86.64852142333984,86.70854428679357,85.98078280867922,86.47596284602952,146816800
2010-03-16,87.33881378173828,87.42133810249159,86.64856197715496,86.88864781924107,168673000
2010-03-17,87.85647583007812,88.14158163910601,87.34629281424039,87.60138718420762,177468100
2010-03-18,87.81145477294922,87.98401337914186,87.45882754625609,87.86397335623779,196509100
2010-03-19,87.3669662475586,88.36139901095075,87.02795155124232,87.3669662475586,226641100
2010-03-22,87.83404541015625,87.99225571825842,86.81701280869748,86.86974766217556,184477800
2010-03-23,88.45182037353516,88.52715507070492,87.67585632444651,87.9621362204282,182941600
2010-03-24,88.02242279052734,88.46690738727686,87.07319502032338,88.12036309451933,196072600
2010-03-25,87.87924194335938,89.0243439665213,87.773772247055,88.6175298174899,223396300
2010-03-26,87.82653045654297,88.45934880269506,87.47998625541175,88.04500509919136,205808500
2010-03-29,88.38401794433594,88.54222253774375,87.90940416411247,88.27101302113917,134513500
2010-03-30,88.44429016113281,88.76823455011103,88.07514610084067,88.48948983244675,145772500
2010-03-31,88.14295196533203,88.53469588953661,87.84914258526116,88.10528173807383,161078700
2010-04-01,88.74562072753906,89.08462970430203,88.21826640542419,88.74562072753906,161215200
2010-04-05,89.46884155273438,89.52910585405411,88.83601753369727,89.08462717502142,105847600
2010-04-06,89.6797866821289,89.83799126003642,89.1147678691727,89.21270239425775,110384200
2010-04-07,89.16748046875,89.92083869795697,88.75313114361931,89.49895992885456,184576300
2010-04-08,89.47635650634766,89.62703160441393,88.59492873641233,88.85860297344419,158704000
2010-04-09,90.06400299072266,90.10166746378252,89.49898416580638,89.66471819307343,133006500
2010-04-12,90.20712280273438,90.44066778821332,90.07151807646743,90.17698778048974,110279000
2010-04-13,90.2749252319336,90.43312978304652,89.649636472058,90.11672068082066,125043600
2010-04-14,91.29949188232422,91.29949188232422,90.46326373088768,90.60639789581465,161609000
2010-04-15,91.37482452392578,91.58576391820432,91.11867972539653,91.14881474567453,144615300
2010-04-16,89.9208755493164,91.3748577574633,89.46132638135441,91.05091335623878,366786700
2010-04-19,90.25987243652344,90.3502775180629,89.25037489050884,89.65718913593328,217947800
2010-04-20,91.06595611572266,91.14129654954948,90.30506831355122,90.82488167141393,157708000
2010-04-21,90.90021514892578,91.32962914960356,90.39546072018672,91.11868399776681,192910100
2010-04-22,91.17144775390625,91.28445268415766,89.74007112962016,90.2598846125054,115360300
2010-04-23,91.76661682128906,91.80428705347462,90.87765336981225,91.11119846355587,177335500
2010-04-26,91.42005920410156,92.00014850827078,91.32965985630244,91.79673848038354,143457300
2010-04-27,89.2579116821289,91.4125115612049,89.08463670966015,90.89269813913627,355853300
2010-04-28,89.9359130859375,90.16192287827424,89.09968490102642,89.6873092115684,300674100
2010-04-29,91.0508804321289,91.23921999851214,90.45572671263776,90.47832654097697,193775000
2010-04-30,89.50650787353516,91.16389976896839,89.48390804161438,91.06595950042056,270000900
2010-05-03,90.66668701171875,90.91529667610493,89.80032365707125,89.93592840603927,182747900
2010-05-04,88.53468322753906,89.67225610554135,88.0826693034351,89.6571914653944,360353400
2010-05-05,88.00733947753906,88.74563333431095,87.36698590398328,87.81146465877603,328973200
2010-05-06,85.08432006835938,88.14295407123507,79.10265108956993,87.5854703300466,647356600
2010-05-07,83.81861877441406,85.7095433533724,82.42490752276643,84.85825082072976,637558800
2010-05-10,87.51011657714844,87.87926059255116,86.5684185548272,87.24643653276362,396159600
2010-05-11,87.26153564453125,88.41417348365032,86.56844705139267,86.68898144913958,317849800
2010-05-12,88.48194885253906,88.61002415900305,87.45738088684061,87.60805602748387,235607100
2010-05-13,87.38204956054688,88.65522724665952,87.30671486115416,88.2408777784959,234452500
2010-05-14,85.79999542236328,86.88483345505254,85.03157231432102,86.72662886656353,345601400
2010-05-17,85.84518432617188,86.27459836898464,84.20286284270638,86.0335239194699,325739800
2010-05-18,84.67747497558594,86.80194517441114,84.39873033244298,86.54580036088318,360556800
2010-05-19,84.19532775878906,84.95621552643577,83.14062495741923,84.2028572036956,394742700
2010-05-20,81.01619720458984,82.78658904194373,80.96346232424895,82.40237448650528,530418300
2010-05-21,82.19891357421875,82.40231775902855,79.37382032722928,79.78816963585452,500909400
2010-05-24,81.14421081542969,82.40985281795406,81.0688761451644,81.75442911654552,269823000
2010-05-25,81.22708129882812,81.2647515080826,78.63552723866162,79.18548125637535,396505200
2010-05-26,80.73741912841797,82.4701457642221,80.49634466799611,81.7243225503652,349719300
2010-05-27,83.44200134277344,83.47213637692629,81.95034876439284,82.25922855370698,300870500
2010-05-28,82.39482879638672,83.41186171544338,82.00307912164195,83.35159165045653,297933500
2010-06-01,81.00859832763672,82.83172361218244,80.888064016325,81.62635176073347,277909400
2010-06-02,83.11802673339844,83.12555617845047,80.99355645212813,81.42297047448059,240243700
2010-06-03,83.40428924560547,83.66796347749525,82.55299651188498,83.3590895909007,226618300
2010-06-04,80.47372436523438,82.36465509584873,80.202514947789,81.822236260958,398475600
2010-06-07,79.4718017578125,81.06892415248693,79.41153743451314,80.7600443495201,264609100
2010-06-08,80.32308197021484,80.48128655885905,78.83896486783526,79.53205327932483,357774300
2010-06-09,79.89366149902344,81.57364753083263,79.55464676668842,80.79015409648294,268023300
2010-06-10,82.2290267944336,82.32696126520842,79.88608295619031,81.25719428536495,317890600
2010-06-11,82.62836456298828,82.68109943066825,81.45312708459475,81.50586195227473,214128200
2010-06-14,82.50025939941406,83.71316658045843,82.41738953628678,83.26114705515798,207196100
2010-06-15,84.37612915039062,84.45146383045565,82.93721204617759,83.08035196166851,238268700
2010-06-16,84.34597778320312,84.69252184247873,83.77342397986381,83.93916369248834,216374000
2010-06-17,84.4815902709961,84.62473017194792,83.6604325706594,84.58705996190784,263185800
2010-06-18,84.57319641113281,84.87596882099803,84.30069662224328,84.64888951359912,174006600
2010-06-21,84.33096313476562,85.68588507052068,83.86165672558502,85.62533406208829,213140700
2010-06-22,82.93818664550781,84.70186399593787,82.81707885267399,84.33096380067997,239355400
2010-06-23,82.68083190917969,83.2863824448543,82.11312503353993,82.99117533152267,254639900
2010-06-24,81.31077575683594,82.3780676348881,81.09883274488588,82.27209612891306,268523600
2010-06-25,81.65138244628906,82.06769732004126,80.81874114875973,81.55297623384698,238726500
2010-06-28,81.39404296875,81.99202836067548,81.09883579457357,81.77251429718277,169218600
2010-06-29,78.88099670410156,81.37890988072704,78.3814175337851,80.25106111930353,373649500
2010-06-30,78.1316146850586,79.38813637536049,77.87425120269906,78.66147218548464,284101700
2010-07-01,77.78343200683594,78.33599693344074,76.54961173301993,78.0786391922855,382924800
2010-07-02,77.3595199584961,78.28299071779729,76.9204977044948,78.04834039453687,233385200
2010-07-06,77.86668395996094,79.00209781066022,77.11730666048972,78.4495271956473,256935300
2010-07-07,80.3191909790039,80.41759145175826,77.98023501494141,78.0634991745853,253769400
2010-07-08,81.11396026611328,81.20478966920255,80.16778215051386,80.99284669531036,210842100
2010-07-09,81.71952056884766,81.72709161168157,80.93987063234867,81.0912568389454,144999900
2010-07-12,81.77249145507812,81.93144867561551,81.10638418211013,81.4470059725456,131283600
2010-07-13,83.00631713867188,83.33179686894054,82.45374657388662,82.62027484752089,213025900
2010-07-14,82.99873352050781,83.32421897647107,82.40074834443524,82.74137010706586,184426800
2010-07-15,83.02147674560547,83.30911289668364,81.87849163537516,82.96849098685384,232337900
2010-07-16,80.73551177978516,82.66571221473737,80.57654872954028,82.5748770110281,282693400
2010-07-19,81.2123794555664,81.46973719040338,80.40245103267617,81.03071483244536,186709000
2010-07-20,82.1131362915039,82.17368731086401,80.09966619117573,80.13751563141284,258162400
2010-07-21,81.04582214355469,82.55970693620539,80.71276564116764,82.53699958831757,264527000
2010-07-22,82.85494232177734,83.2182773371769,81.99959920064815,82.00716446918781,274781300
2010-07-23,83.57402038574219,83.69512817721251,82.453742995825,82.68839331211998,222020800
2010-07-26,84.44454193115234,84.52780610609467,83.48322705911215,83.71787749303203,184445700
2010-07-27,84.43692016601562,84.99705587947803,84.10386368908632,84.90622071985774,204855600
2010-07-28,83.89196014404297,84.52022396593178,83.6118892683178,84.26286044701942,163056200
2010-07-29,83.48322296142578,84.64134453330408,82.81711536959791,84.4142593809684,220149100
2010-07-30,83.46808624267578,83.91468553100518,82.49163503983468,82.63545025555459,220070600
2010-08-02,85.35285949707031,85.48910941251938,84.42938848958379,84.77001039069924,188263200
2010-08-03,84.94408416748047,85.36039905734643,84.6640133770155,85.14089082496972,146657300
2010-08-04,85.51180267333984,85.61777417066344,84.89868104239432,85.17874609602946,158171700
2010-08-05,85.42094421386719,85.46636468249807,84.83810113737991,84.96677995264163,140473800
2010-08-06,85.07279968261719,85.20904961578019,83.96009285762189,84.58078571424996,239728300
2010-08-09,85.52694702148438,85.67076797065987,85.01979684020048,85.47396126784298,120800400
2010-08-10,85.06521606445312,85.51938629121022,84.30070811777495,84.8002872821877,242916300
2010-08-11,82.7338638305664,83.78601403200133,82.59761387336539,83.75573562206597,273406900
2010-08-12,82.22669219970703,82.52189942221929,81.44704205948157,81.48489150852781,239542600
2010-08-13,81.98445892333984,82.4764728149448,81.88605845502457,81.96932261091222,158698500
2010-08-16,81.94660949707031,82.2115382585466,81.12911008307444,81.42431724229286,147895300
2010-08-17,82.9533462524414,83.55890271172683,82.41591763795742,82.65057379781308,172270300
2010-08-18,83.10472869873047,83.55132206046447,82.43862129012231,82.91549304884039,182922100
2010-08-19,81.65898132324219,82.87765960576264,81.31835939769925,82.67328760543985,265847600
2010-08-20,81.39404296875,81.70439223007168,80.80362862039713,81.4167503244537,209714200
2010-08-23,81.08368682861328,82.18125119977799,81.04583739167107,81.780072578249,163490300
2010-08-24,79.88016510009766,80.5311363076757,79.45627902074999,80.19807965960841,280677800
2010-08-25,80.19050598144531,80.49327842065036,78.9415494571752,79.44112860187478,272234800
2010-08-26,79.65308380126953,80.67495530331647,79.38814923313384,80.56898378606802,224439500
2010-08-27,80.88689422607422,80.97015838182465,78.95668810642611,80.15265891173738,272649000
2010-08-30,79.71360778808594,80.92472033153865,79.7060425215735,80.67492793632559,167238600
2010-08-31,79.71360778808594,80.22076362003712,79.0929152083221,79.4184006937478,273933100
2010-09-01,82.0980224609375,82.21156504571283,80.73552876868077,80.78851453824049,256828100
2010-09-02,82.86254119873047,82.87767751590823,82.12073460666618,82.29483401679893,156112200
2010-09-03,83.93733978271484,84.0130328654658,83.22581209982928,83.67241110558044,212197300
2010-09-07,82.99115753173828,83.64969944524226,82.92303549327842,83.54372797985243,141973700
2010-09-08,83.57402038574219,83.9070711435451,83.11985028644354,83.15769971972266,149924400
2010-09-09,83.96004486083984,84.53532266922075,83.73296561872424,84.51261532251037,147017900
2010-09-10,84.38395690917969,84.48235736038536,83.92222149772952,84.11145713274965,127819000
2010-09-13,85.32259368896484,85.49668729966834,84.87599443213035,85.21662215853266,178503500
2010-09-14,85.26960754394531,85.75405047376763,84.83815037910307,85.15606496898361,209823600
2010-09-15,85.59506225585938,85.69346270526887,84.76242663197236,85.01978431889556,168608400
2010-09-16,85.5723648071289,85.6253505590987,85.04250151241706,85.33014340169356,199962900
2010-09-17,85.60431671142578,86.10657614421851,85.36841014471248,86.02286623875305,195836900
2010-09-20,86.91324615478516,87.10349492208114,85.6271626299662,85.90112131934694,214555200
2010-09-21,86.73821258544922,87.3926629434708,86.38054400678544,86.98173075301781,268389100
2010-09-22,86.31204986572266,87.0882680022876,86.06853170258935,86.601231676021,191322400
2010-09-23,85.6119384765625,86.50230124329528,85.36842030602197,85.60432690081497,202354300
2010-09-24,87.37745666503906,87.43833766612497,86.48709379640196,86.56319214479343,209671800
2010-09-27,86.95890808105469,87.50682548552386,86.87520396097425,87.40789821202378,128761800
2010-09-28,87.2633056640625,87.54487593777925,86.12942460449052,87.07305689137242,209207500
2010-09-29,87.11109924316406,87.44593890361514,86.76864800699425,87.04260667355766,179665800
2010-09-30,86.85232543945312,88.11557946347695,86.44138759329823,87.55244499545533,287106700
2010-10-01,87.21763610839844,87.60574517824725,86.70015928391035,87.50681211393285,174638700
2010-10-04,86.56317138671875,87.40026463015148,86.12940451838075,87.0349903230934,166153200
2010-10-05,88.30587768554688,88.5189553980737,87.26331224247518,87.36224532752851,229634100
2010-10-06,88.29825592041016,88.5265567608799,87.94058731310898,88.29064434414609,148626600
2010-10-07,88.19168853759766,88.67872475412533,87.65899449012355,88.6558958386521,164860000
2010-10-08,88.68635559082031,88.92987375197688,87.97863002778232,88.3134696765967,177760100
2010-10-11,88.77007293701172,89.01359111856155,88.46567375859158,88.8233423577904,103098300
2010-10-12,89.04403686523438,89.30277240828589,88.00908308116476,88.48089631988971,182210000
2010-10-13,89.73651885986328,90.21594937144887,89.32558090961724,89.53866436250553,194347200
2010-10-14,89.38648986816406,89.80503952418826,88.82335508127608,89.65283701021026,217764300
2010-10-15,89.56909942626953,90.0637472836036,88.85376815218055,90.01047787164028,243705000
2010-10-18,90.01049041748047,90.30727801206166,89.27232431600832,89.59955240823005,141204800
2010-10-19,88.83096313476562,89.6832739555045,88.29065148899177,89.18102019413081,280604700
2010-10-20,89.6984634399414,90.13223026437164,88.93746860368276,88.99073800998367,200051800
2010-10-21,89.89634704589844,90.62690162871421,89.19623296310812,90.10181896958733,221585500
2010-10-22,90.0637435913086,90.20072290301728,89.79739654241122,90.03330309915886,108212400
2010-10-25,90.33008575439453,91.136744237906,90.26159900520965,90.66492534400042,151145700
2010-10-26,90.3453140258789,90.43662969663706,89.69846953231098,89.8734951052176,158982900
2010-10-27,90.08660888671875,90.185541977638,89.23429798607636,89.7137228676877,190024000
2010-10-28,90.10179138183594,90.6420970285083,89.66802454966628,90.6040449636445,168576000
2010-10-29,90.17029571533203,90.34532711953601,89.85067920949633,90.01048746241419,144305500
2010-11-01,90.20073699951172,91.12915183441466,89.68326016395588,90.61167499885882,174074800
2010-11-02,90.91607666015625,91.12915433842862,90.63450641047845,90.8780245864942,158345900
2010-11-03,91.28134155273438,91.3346109667769,90.13984913245376,91.07587547169337,226702800
2010-11-04,93.03926849365234,93.08492634467011,91.29658890664356,92.29349069341292,215039400
2010-11-05,93.3893051147461,93.54150178876517,92.97836712777745,93.10012330580652,180654100
2010-11-08,93.21427154541016,93.36647402181879,92.79572779863075,93.10012113958639,156107100
2010-11-09,92.54460906982422,93.56433965631128,92.17172311866882,93.4654123893321,186621600
2010-11-10,92.91749572753906,92.96315937920335,91.82166678843276,92.52178085068181,221387400
2010-11-11,92.56739044189453,92.70436971361823,91.83683626134425,92.1184063770898,158017600
2010-11-12,91.47158813476562,92.34673346421887,91.0530444074136,91.94340708083595,239068800
2010-11-15,91.34223937988281,92.11845762008244,91.3041931090851,91.76078900017984,163940800
2010-11-16,89.91917419433594,90.93129315667554,89.4854014599931,90.77909647531159,299566200
2010-11-17,89.96481323242188,90.33769908797194,89.69085461848672,89.95720165816533,172308900
2010-11-18,91.28897094726562,91.61619907052416,90.82476347459813,90.83237505121302,197723700
2010-11-19,91.54008483886719,91.57813110347652,90.74864938026471,91.24329726763261,156852900
2010-11-22,91.46397399902344,91.5020202584312,90.38335688628865,91.0834765693657,181361000
2010-11-23,90.13983154296875,90.57359834579484,89.78977463243626,90.38334964620569,222309000
2010-11-24,91.47158813476562,91.49442285961513,90.69537586186858,90.7105932058377,140046100
2010-11-26,90.40620422363281,91.17480495851643,90.40620422363281,90.68016287568686,76007800
2010-11-29,90.68016815185547,90.9236863227468,89.59955082546466,90.1779086585558,223642300
2010-11-30,90.17029571533203,90.68777254636981,89.65281888429426,89.78219244650201,233930700
2010-12-01,92.08800506591797,92.26303066172709,91.46398940838567,91.4715951779906,221037200
2010-12-02,93.26754760742188,93.33604017816963,92.17932449875343,92.23259391781002,191213600
2010-12-03,93.5186767578125,93.62521559524313,92.92510157614726,92.9479304976065,151288900
2010-12-06,93.41972351074219,93.6328011263342,93.22186323657978,93.3207904706962,103050500
2010-12-07,93.47303009033203,94.37100454598665,93.41976066524794,94.31773512090255,206581000
2010-12-08,93.81546783447266,93.89156617747474,93.15340586382995,93.5871728054664,138019200
2010-12-09,94.18074035644531,94.3785948709876,93.71653295414133,94.34054860554374,123705100
2010-12-10,94.72865295410156,94.81996863136459,94.15790674748509,94.46991165468482,117571700
2010-12-13,94.78953552246094,95.27657185891314,94.75909502569128,95.16242725344084,133812700
2010-12-14,94.87322235107422,95.29938339621813,94.58404641102595,94.93410332979902,147249600
2010-12-15,94.43946838378906,95.07109556063163,94.27966014734645,94.69820967559887,160823100
2010-12-16,94.98739624023438,95.05588880973134,94.1731318175642,94.50035990177359,185035200
2010-12-17,95.08912658691406,95.21152306828736,94.72192546986665,94.92082631811998,141075300
2010-12-20,95.31864166259766,95.54814313722349,94.84434717518616,95.3492422483121,119085500
2010-12-21,95.92296600341797,95.98416715947367,95.52517016198289,95.61696605960296,94965500
2010-12-22,96.22132873535156,96.25192931795631,95.93828356007022,95.99183312051245,78878100
2010-12-23,96.08363342285156,96.2213331326336,95.84648619240762,96.11423400685476,70053700
2010-12-27,96.12190246582031,96.2136983974606,95.65525369176338,95.72410064049359,58126000
2010-12-28,96.25956726074219,96.35136315906362,96.00711686743115,96.3131168135842,55309100
2010-12-29,96.32843780517578,96.5426360690674,96.31314043052564,96.37434160205609,58033100
2010-12-30,96.17544555664062,96.48909136271712,96.0300942260515,96.23664673125344,76616900
2010-12-31,96.19837188720703,96.29017362751068,95.87707455084005,96.03007161488227,91218900
2011-01-03,97.19287872314453,97.61362360390036,96.16012802387029,96.93277668800903,138725200
2011-01-04,97.13932800292969,97.43767638559206,96.53497963289293,97.40707580320817,137409700
2011-01-05,97.64423370361328,97.70543487507658,96.74153685215698,96.83333860935193,133975300
2011-01-06,97.45297241210938,97.78957297721706,97.16227563817543,97.6824738585854,122519000
2011-01-07,97.2617416381836,97.7436877636269,96.50439605921117,97.58303905514579,156034600
2011-01-10,97.13932800292969,97.27702770542496,96.54262540114067,96.83332801555528,122401700
2011-01-11,97.48359680175781,97.72074407429263,97.11639556501024,97.49124840823283,110287000
2011-01-12,98.36336517333984,98.47046434033261,97.50656600093087,98.08031987620191,107929200
2011-01-13,98.2026596069336,98.44746424608071,97.95786664071416,98.40156629447254,129048400
2011-01-14,98.91413116455078,98.93708014459806,97.99613694387025,98.06498388401208,117677900
2011-01-18,99.0824203491211,99.17421625901007,98.70756759552694,98.82231248288815,114401300
2011-01-19,98.11087799072266,99.09771911278604,97.85078177844913,98.99827742746344,151958400
2011-01-20,97.9808578491211,98.22565092085347,97.25410689544591,97.88905606987169,175745700
2011-01-21,98.2026596069336,98.8146595318737,98.09556049553866,98.59281554145835,151462900
2011-01-24,98.76113891601562,98.87588382187852,98.11853242439217,98.14148140556475,113715500
2011-01-25,98.81466674804688,98.89881688978299,98.00377174927797,98.50101515858236,167552200
2011-01-26,99.19717407226562,99.4878767100458,98.8605734754527,99.05948019516737,141281500
2011-01-27,99.44197845458984,99.61027875249464,99.04417668927587,99.22012275602013,123302700
2011-01-28,97.70542907714844,99.71737515524272,97.54478038893903,99.55672063056872,295637300
2011-01-31,98.4398193359375,98.51632371364114,97.72837764959614,97.97318231990445,149249200
2011-02-01,100.01570129394531,100.19164731672281,98.9753050182115,99.0365061724225,167194300
2011-02-02,99.824462890625,100.09220483729307,99.70206056892813,99.75560428909058,118323600
2011-02-03,100.04631805419922,100.19931513693717,99.12067811623055,99.64851630073716,145886700
2011-02-04,100.3293685913086,100.3676207822653,99.62557263483835,100.08457558045929,134634800
2011-02-07,100.95665740966797,101.28560052443626,100.54355248306577,100.55120992392055,112439100
2011-02-08,101.41564178466797,101.46918549624088,100.77303553531105,101.04843487848517,99072800
2011-02-09,101.18618774414062,101.4615872162084,100.68128676652779,101.14028977761791,146436700
2011-02-10,101.22441101074219,101.33915589425503,100.4441107840704,100.67361222402424,162708500
2011-02-11,101.82877349853516,101.9588216163424,100.80368009492713,100.8266290761325,137710300
2011-02-14,102.07353973388672,102.15768986719861,101.6528007402546,101.76754561616748,101690700
2011-02-15,101.75226593017578,101.91292046651921,101.2244277060304,101.7599233722917,119575400
2011-02-16,102.3948745727539,102.5172652469718,101.88997364546532,102.09652614716161,130183500
2011-02-17,102.70088195800781,102.83857586153643,102.00473165123947,102.09653925985701,109810500
2011-02-18,102.91506958007812,103.03747193024887,102.55551997203318,102.79266722990738,130002400
2011-02-22,100.84954833984375,102.93798672464216,100.57414897360124,101.83638925967206,233116400
2011-02-23,100.22992706298828,101.0331763826475,99.6102812564577,100.788371698476,227584000
2011-02-24,100.16107177734375,100.55122779658686,99.22012854627722,100.12283125798518,260431400
2011-02-25,101.23209381103516,101.29329499560646,100.52064025420967,100.58184143878096,141686900
2011-02-28,101.85935974121094,101.98941952108518,101.27032037556623,101.60692096903718,141585500
2011-03-01,100.16107177734375,102.27247139320939,100.13047702727086,102.18067547006052,258565500
2011-03-02,100.37528228759766,100.84193102112884,99.71738426447057,100.02337845865189,200277400
2011-03-03,102.10414123535156,102.218886105742,101.27794314976002,101.28558891681045,176480100
2011-03-04,101.33917999267578,102.22657954595888,100.6736361641789,102.02767280333249,277202300
2011-03-07,100.5435791015625,101.8670326977256,100.01574082460489,101.63753119695683,216790400
2011-03-08,101.42334747314453,101.74464495118579,100.26820570640571,100.70424811484283,174615000
2011-03-09,101.2779312133789,101.59158271938226,100.67358884567098,101.22438750448283,153806000
2011-03-10,99.4037094116211,100.35229819579202,99.30425606892155,100.21460434244884,301291800
2011-03-11,100.09223175048828,100.45178137157006,99.05949252491956,99.08244150729234,225621800
2011-03-14,99.48786163330078,99.81680473847265,98.73051040524341,99.44196368122357,234974100
2011-03-15,98.34803009033203,98.93708115439384,96.77213785537573,96.84098479622024,359585400
2011-03-16,96.52734375,98.35569236732529,95.83884512538496,98.0343832817295,468670300
2011-03-17,97.80486297607422,98.21796204670736,97.23111523960551,97.91961369066073,254303700
2011-03-18,98.16062927246094,99.02115034754786,97.96854914638244,98.99041096213662,230435400
2011-03-21,99.68189239501953,99.8893304609143,99.2669928159523,99.3822479095327,153992600
2011-03-22,99.33613586425781,99.79713277750156,99.24394117106446,99.66651972093149,129538600
2011-03-23,99.62040710449219,99.88163317759154,98.59086077618059,99.05952487716881,148603100
2011-03-24,100.57313537597656,100.71911812733123,99.62810456936336,100.18897517710172,159129800
2011-03-25,100.8804931640625,101.31842979257486,100.56547891675619,100.83439580565503,155642800
2011-03-28,100.63460540771484,101.35682847886217,100.60387774929207,101.0956023495312,109762400
2011-03-29,101.31071472167969,101.341442375126,100.21970130795737,100.55007340796377,129798800
2011-03-30,102.00992584228516,102.30957039705169,101.69491159342655,101.84089437819719,135835000
2011-03-31,101.87158966064453,102.15587615459395,101.76402528347492,101.87928036706668,132537100
2011-04-01,102.30184173583984,102.77820828683679,102.0559853397835,102.50161251400016,153850100
2011-04-04,102.38636016845703,102.7013743088558,102.09440642307739,102.51697321416536,100768900
2011-04-05,102.37101745605469,102.82432369228349,102.14051898425791,102.18661633388942,120791500
2011-04-06,102.6937026977539,102.95492880792169,102.27880313582777,102.86273411577739,120411600
2011-04-07,102.43244934082031,102.93953173636977,101.9253552216356,102.50927432262587,170731500
2011-04-08,102.07901000976562,102.9472154833001,101.6564316056721,102.88574846782882,147945400
2011-04-11,101.77173614501953,102.5323659186281,101.52586796357502,102.18662404665692,121385400
2011-04-12,101.01109313964844,101.40293235888016,100.642302596628,101.20317325716908,161187400
2011-04-13,101.00337982177734,101.55655958644779,100.61921971732208,101.47973459973835,162059000
2011-04-14,101.0802230834961,101.23388480833259,100.08909499320829,100.41946711542485,161220400
2011-04-15,101.44904327392578,101.70259046978632,100.96500928513892,101.26465383958471,170006700
2011-04-18,100.31189727783203,101.44132906556841,99.50515861178641,100.33494594912155,210759300
2011-04-19,100.8881607055664,100.9189000901123,100.21972563719544,100.4655820953617,124258800
2011-04-20,102.263427734375,102.48623544361607,102.02523861421447,102.09439634517017,156133800
2011-04-21,102.7859115600586,102.83200891248578,102.26345926769727,102.7935905442498,135935400
2011-04-25,102.67837524414062,102.84740673169445,102.34031226903298,102.70910291294896,65757100
2011-04-26,103.56187438964844,103.76932412584591,102.88576058709151,102.99332494592801,146600000
2011-04-27,104.2380142211914,104.39167593724085,103.33908087248288,103.76165938434693,143031000
2011-04-28,104.57608795166016,104.71437999345538,104.03826602750317,104.05362399416575,124791100
2011-04-29,104.82194519042969,104.92952129973324,104.47620335962421,104.61450712612965,115094100
2011-05-02,104.66059875488281,105.39817972381307,104.4531489782795,105.31367574021563,126278700
2011-05-03,104.28412628173828,104.63755882980723,103.75398332145438,104.4608484175923,138375000
2011-05-04,103.5926284790039,104.28411206637863,103.13163160499576,104.2380147237053,182678500
2011-05-05,102.65525817871094,103.68480439079315,102.20195209298397,103.01636959578438,226900000
2011-05-06,103.10855865478516,104.20726253221756,102.70902890629748,103.67711976903165,222787200
2011-05-09,103.50811004638672,103.80775448949818,102.93954881325642,103.10090123199515,114104500
2011-05-10,104.39169311523438,104.57609423901997,103.72325809242557,103.85387115874227,114806900
2011-05-11,103.2929916381836,104.25339209342758,102.81663676394685,104.23802240352492,193564200
2011-05-12,103.78472900390625,103.99985779452541,102.48626555247206,103.01640854494067,171550700
2011-05-13,102.98564147949219,103.9844601523996,102.61685104093627,103.83847742865296,157444900
2011-05-16,102.33256530761719,103.42357854206936,102.16353393234364,102.61684001892479,141675400
2011-05-17,102.31720733642578,102.45551107913717,101.51046872091354,101.94841689525668,192686200
2011-05-18,103.23152160644531,103.3390859853656,102.14818711069512,102.37100657508302,135217900
2011-05-19,103.47738647460938,103.74630330570207,102.90883687827703,103.56959289524518,119489500
2011-05-20,102.65525817871094,103.47735466268735,102.46317813659252,103.2084496379028,182594900
2011-05-23,101.46440887451172,101.9715032457745,101.10329728197377,101.40294182433067,168700000
2011-05-24,101.3798599243164,101.97914881264637,101.1877798518097,101.75634108693897,147199600
2011-05-25,101.7179183959961,102.14049688224257,100.94191915662473,100.97264680851687,151050100
2011-05-26,102.18659973144531,102.3710008236506,101.24924802910046,101.44132810378363,164850000
2011-05-27,102.57844543457031,102.85504122877859,102.15587862210718,102.47088105480256,120921900
2011-05-31,103.64640808105469,103.66177777031088,102.83199040504475,103.54653440998413,164731200
2011-06-01,101.31841278076172,103.66179247002283,101.23389706332478,103.34677827560881,233094300
2011-06-02,101.2108383178711,101.6026892068362,100.61924007831395,101.38756044269937,200466800
2011-06-03,100.20435333251953,100.97267379517369,99.94312718889068,99.99690352498374,234690200
2011-06-06,99.14405822753906,100.1582467723488,99.01344516773274,99.95079698388521,179951200
2011-06-07,99.08259582519531,99.93543186827344,98.99808011917358,99.65114537148875,161660500
2011-06-08,98.66771697998047,99.25932704626159,98.48331583988701,98.92894313571588,198696400
2011-06-09,99.42068481445312,99.82789381038764,98.69847327024418,98.93665078971804,160964400
2011-06-10,98.03766632080078,99.05952783577095,97.7764402398994,98.9980725303188,238629400
2011-06-13,98.11453247070312,98.52943213539669,97.6151287997052,98.26051525184933,207599800
2011-06-14,99.35918426513672,99.7049260465074,98.97502412502772,99.01343076012895,160570400
2011-06-15,97.59207153320312,99.34384727256517,97.33084536562819,98.52942938327807,300958000
2011-06-16,97.80720520019531,98.32197854522929,97.05424850631752,97.62280405364132,308032800
2011-06-17,98.09908294677734,98.78627792395602,97.7670669326778,98.7785549773354,233284900
2011-06-20,98.60093688964844,98.80941515797328,97.736155601429,97.76704148899123,159479000
2011-06-21,99.95218658447266,100.1452190080741,98.6395684603357,99.11056804519377,193157300
2011-06-22,99.34988403320312,100.2301110384976,99.28811227015942,99.64329696222099,176703000
2011-06-23,99.064208984375,99.32673016496399,97.43501540332183,98.18398189870116,334286500
2011-06-24,97.91372680664062,99.1182467791341,97.76702622722141,99.0410409086017,226129300
2011-06-27,98.7862319946289,99.16456783990326,97.78246147239925,97.97549381199114,168904700
2011-06-28,100.07569885253906,100.09114474048859,99.04104821336965,99.180025859634,165556300
2011-06-29,100.93280792236328,101.09494858180952,100.09118927195763,100.53129712936311,244295500
2011-06-30,101.89791870117188,102.06005927872408,100.92503989057934,101.25704988007371,223322700
2011-07-01,103.40359497070312,103.54258442569356,101.75123809234057,101.99059638407454,202385700
2011-07-05,103.31865692138672,103.5271352062883,102.9943639125189,103.29549397659348,165936000
2011-07-06,103.44219207763672,103.57345268138873,102.77816022339856,103.07157320929213,143331600
2011-07-07,104.5154800415039,104.77800132036592,104.14486107241845,104.36105645286536,170464200
2011-07-08,103.77422332763672,104.51547299761523,102.99437659942328,103.33411554058995,194100500
2011-07-11,101.89791870117188,102.83218868509395,101.65856047027877,102.50017869559959,195918600
2011-07-12,101.45780181884766,102.52334419641986,101.42692182579572,101.6817259500743,214675700
2011-07-13,101.79755401611328,102.86309653357944,101.55047869397946,101.99058639787097,204062600
2011-07-14,101.09491729736328,102.52336169128958,100.90188490800904,102.05236218999471,226111800
2011-07-15,101.68174743652344,101.82072510726466,100.97138962862239,101.6585844913999,220012800
2011-07-18,100.84783172607422,101.36515706320633,100.09114813552765,101.2107335237545,196872100
2011-07-19,102.48473358154297,102.60827711511628,101.38831123003946,101.41147416986448,166554900
2011-07-20,102.42295837402344,102.80902306715095,102.24537191407742,102.74726308419885,137145400
2011-07-21,103.84368896484375,104.09849308486896,102.43840777835798,103.00205895078719,245246300
2011-07-22,103.91317749023438,104.02127513644577,103.28002571831061,103.86685161068088,126019400
2011-07-25,103.3341064453125,103.84371481220771,102.8167810238023,102.92487869722589,136653800
2011-07-26,102.94800567626953,103.43445092760945,102.71636451935726,103.26458153132435,131278200
2011-07-27,100.84011840820312,102.4075403661359,100.70884602395738,102.37664858804469,249020100
2011-07-28,100.54669189453125,101.7434948266441,100.38453953577647,100.8401048381067,207939900
2011-07-29,99.8595199584961,100.80151898829074,98.80942325881168,99.5352269488268,307038400
2011-08-01,99.4348373413086,101.11808579938833,98.469675453944,101.02542224660363,325790900
2011-08-02,96.89452362060547,99.21863492869291,96.89452362060547,98.68586371986962,346653800
2011-08-03,97.41959381103516,97.5276914877513,95.38117206312842,97.025811941947,370830800
2011-08-04,92.85629272460938,96.22277772180456,92.7018632943965,96.06834829159169,520721800
2011-08-05,92.7173080444336,94.25384403818278,90.2310502118977,94.0144857878923,655619200
2011-08-08,86.67924499511719,92.74818233345485,86.49392970430777,90.26964775495506,702263900
2011-08-09,90.70980072021484,90.83333841028022,85.14274033957089,88.07683558737133,717828700
2011-08-10,86.70240783691406,89.78320237990462,86.43988078733373,88.99563301292284,662607400
2011-08-11,90.59393310546875,91.82161587735018,86.72556362362504,87.45136705809831,487979700
2011-08-12,91.20391845703125,92.04553659797153,90.55532675745076,91.42011372659833,313731600
2011-08-15,93.13426971435547,93.2269214914577,91.88341770554598,92.03012420713257,258810600
2011-08-16,92.33895111083984,93.18829815427623,91.35062643216452,92.24629935401389,294095200
2011-08-17,92.40069580078125,93.58205248118992,91.66717545007252,92.8485321304812,238201100
2011-08-18,88.41653442382812,92.43160472861321,87.55174742225125,89.95307019662464,512956300
2011-08-19,86.97267150878906,89.47436958604156,86.86457384372069,87.21975272764263,428281300
2011-08-22,87.04217529296875,88.97249935712604,86.79509404839187,88.92616757378683,275090600
2011-08-23,89.90676879882812,90.00714352196859,86.926348194553,87.36646181275522,331136600
2011-08-24,91.17305755615234,91.29659521937442,89.50525492104768,89.7137331958762,246869700
2011-08-25,89.78323364257812,92.19228024132761,89.46666355327467,91.67495479607463,312365400
2011-08-26,91.088134765625,91.50508547901097,87.90695852139226,89.3276801252498,314495900
2011-08-29,93.70562744140625,93.75967626549345,91.15759798385577,92.31579212076417,190977200
2011-08-30,93.9527359008789,94.53183313747435,92.08418356460925,93.29642687758043,241315700
2011-08-31,94.36966705322266,95.36571480056998,93.65930933741666,94.55497648106758,301828400
2011-09-01,93.3813705444336,95.28080895528862,93.25782696118337,94.42374449185763,254585900
2011-09-02,90.99543762207031,93.32727142734143,90.67114472704715,91.43555109128148,255517200
2011-09-06,90.3314208984375,90.46268737937969,88.31616260299428,88.32388554678619,285130500
2011-09-07,92.87947082519531,92.91807377088857,91.38926045298763,91.69811347294058,209803200
2011-09-08,91.914306640625,93.38135403246108,91.70582835347457,92.32353437873648,250568200
2011-09-09,89.5052261352539,91.92971164141684,89.01106385953146,90.86417533893014,380195100
2011-09-12,90.08432006835938,90.1538147655702,88.06134516119872,88.38563803917242,305793500
2011-09-13,90.91053771972656,91.25027662979956,89.73690331629102,90.37777229997188,272514700
2011-09-14,92.16910552978516,93.27325101024712,90.12296106574125,91.37380715335321,319389500
2011-09-15,93.7596664428711,93.79055232352519,92.19224481767162,93.15740649731458,326777200
2011-09-16,94.31460571289062,94.66386513916815,93.38325908553215,94.13610047130302,284528300
2011-09-19,93.37550354003906,93.85670269084204,92.14146886553041,92.77012759244177,241517000
2011-09-20,93.26685333251953,94.67939928565967,93.14267652679119,93.77133529893209,218932200
2011-09-21,90.51936340332031,93.60057742776736,90.37190383169857,93.31341526315393,316251300
2011-09-22,87.5933609008789,88.6411271858321,86.38260927572023,87.89604880716857,513911300
2011-09-23,88.12116241455078,88.60236165964918,86.94145004636087,87.01130431934956,307242500
2011-09-26,90.21670532226562,90.34088807777395,87.68654385306027,88.95162458766295,260673700
2011-09-27,91.22563934326172,92.79340762469477,90.68234884946622,91.99400064466876,311753900
2011-09-28,89.3629379272461,91.96295275516145,89.23099823730571,91.41190529597729,286696800
2011-09-29,90.06919860839844,91.29547011039898,88.42381348637406,90.84532266044373,298108900
2011-09-30,87.81842803955078,89.60350961061827,87.75633670107297,88.82738564371347,288392300
2011-10-03,85.31932067871094,88.4393368868886,85.22618365706502,87.30619643630241,365136800
2011-10-04,87.1897964477539,87.37607053336431,83.3790294136865,84.09306231111853,459177500
2011-10-05,88.80411529541016,89.03695488659717,86.59992576329537,87.40709551235842,284108000
2011-10-06,90.41069793701172,90.54264353889265,88.09785135346898,88.75755567744498,257800800
2011-10-07,89.8053207397461,91.00055258878855,89.30083888014236,90.93846123839118,312657900
2011-10-10,92.80894470214844,92.84774736411887,91.32654445508996,91.33430735602742,230666300
2011-10-11,92.90206146240234,93.16594676124528,92.1647458640331,92.25788289680546,209088000
2011-10-12,93.71700286865234,94.79581509877332,93.39103210588732,93.60058304727681,281544900
2011-10-13,93.5307388305664,93.81014404564203,92.45192655288602,93.16595947080889,212538800
2011-10-14,95.12956237792969,95.15284516126565,94.0895585798637,94.61732338046166,211397600
2011-10-17,93.31340026855469,95.11400788812998,93.08056067719781,94.67937437902091,202311600
2011-10-18,95.1373062133789,95.85133905892683,92.51400261788669,93.24356126345307,318857900
2011-10-19,94.01189422607422,95.52533951832177,93.68592358024465,94.98204918724984,226601300
2011-10-20,94.42328643798828,94.76477710801323,92.99521462785968,94.24477524121274,262075600
2011-10-21,96.21611785888672,96.3325376729616,95.24596261052554,95.5331247743715,278999400
2011-10-24,97.39582061767578,97.63642313734937,96.28596281564347,96.37133694821192,203215600
2011-10-25,95.50211334228516,96.97674502007045,95.29255643052612,96.93017944917267,268596800
2011-10-26,96.47222900390625,96.8370023607678,94.85012653889625,96.51103165649644,289053800
2011-10-27,99.8328628540039,100.44599578097481,98.26508860350287,99.0567327076259,393220200
2011-10-28,99.80956268310547,100.00359370555108,99.18866104273678,99.34388349215051,225906500
2011-10-31,97.4035873413086,99.8250910616387,97.26388474810818,98.69195635875212,228146700
2011-11-01,94.6871566772461,95.85910593016602,94.31461443902006,94.7104394568806,416565800
2011-11-02,96.23164367675781,96.54985746011172,95.30029694939262,96.10746687640955,244717600
2011-11-03,97.98568725585938,98.17971831973236,95.92895679453406,97.22508288007967,291174800
2011-11-04,97.38806915283203,97.55881150627776,96.247165608788,97.19403809898394,249401600
2011-11-07,97.9934310913086,98.0943250932042,96.39461140952956,97.31820098871087,196617200
2011-11-08,99.25077819824219,99.35944105319747,97.56658980613753,98.50569954442665,224426300
2011-11-09,95.58746337890625,97.63643088032563,95.35462374046215,96.93015498604105,337982000
2011-11-10,96.48777770996094,96.96897693244021,95.47881369943818,96.85255709717084,231866500
2011-11-11,98.30390930175781,98.5600258273553,97.62867901106215,97.65972469445306,189924400
2011-11-14,97.37252044677734,98.91700561410525,96.95341275849287,97.93909359613129,159258300
2011-11-15,97.85376739501953,98.37376933051218,96.79823771981575,97.1474913370608,184709400
2011-11-16,96.30149841308594,98.0555349556545,96.16179581115624,96.86806579993109,235782500
2011-11-17,94.77250671386719,96.3635633596379,94.08951969240394,96.12296088143708,331219600
2011-11-18,94.671630859375,95.26924387748612,94.2758058663438,95.07521283089245,215580400
2011-11-21,92.87103271484375,93.40655443303089,92.08714554648974,93.29013460860473,229611600
2011-11-22,92.50624084472656,93.21251075365997,91.98623315549895,92.66922620832658,216494900
2011-11-23,90.46502685546875,92.50623711059117,90.46502685546875,91.63697595178917,224329100
2011-11-25,90.29426574707031,91.34979488917729,90.18560885785546,90.32531141846833,99557000
2011-11-28,92.90982055664062,93.27459985169446,92.21907054227127,92.77788087330205,210686000
2011-11-29,93.17372131347656,93.911037004056,92.83222473862716,93.17372131347656,199241500
2011-11-30,97.00776672363281,97.18627790353847,93.13490843902366,95.84358036814503,324439500
2011-12-01,96.99223327636719,97.5122350212845,96.57312553645622,96.89909624926791,176954800
2011-12-02,96.90687561035156,98.17971892347691,96.84478424840442,97.8847938362653,221109700
2011-12-05,97.96240234375,98.70748090224487,97.35702638505781,98.44359558201405,225263900
2011-12-06,97.9934310913086,98.65313539585652,97.60536903906193,97.95462251754113,178842100
2011-12-07,98.35823059082031,98.76957550335939,96.99225022807916,97.66747454814964,237802500
2011-12-08,96.2005844116211,97.93134384251054,95.96775072333783,97.71403003156992,240862800
2011-12-09,97.83047485351562,98.07883440400909,96.54986851573175,96.63524266634126,209111400
2011-12-12,96.40238952636719,96.99224559687512,95.5874626408213,96.97671979637448,215826100
2011-12-13,95.50211334228516,97.45794429766576,95.0364339478693,96.90689666372377,245159800
2011-12-14,94.48538208007812,95.48658325903368,94.27583109906845,95.12180384638795,238618800
2011-12-15,94.82684326171875,95.61848724238618,94.6793777871274,95.48654756583444,199109200
2011-12-16,94.96743774414062,96.02966142360057,94.74093951092657,95.46731296880856,220481400
2011-12-19,93.95207214355469,95.53759538166457,93.74899841111903,95.33452164922892,183903000
2011-12-20,96.79508209228516,96.95910112376083,94.0145587719925,95.4282508710766,225418100
2011-12-21,96.98253631591797,97.13093704834549,95.87345178649001,96.79508683631741,194230900
2011-12-22,97.84170532226562,97.9432451943456,97.02942209910188,97.34183597312823,119465400
2011-12-23,98.71647644042969,98.74771901859505,97.95105413157212,98.15412195127821,92187200
2011-12-27,98.79456329345703,99.05231005079513,98.45871308329538,98.54462866907474,86075700
2011-12-28,97.49801635742188,98.82579275601238,97.41991291495961,98.81017445108421,119107100
2011-12-29,98.50557708740234,98.60711097725996,97.52145692519353,97.81825242094672,123507200
2011-12-30,98.02135467529297,98.66962482559539,98.02135467529297,98.42749631178678,95599000
2012-01-03,99.58345794677734,100.27078288199709,99.52878491410429,99.7865317648117,193697900
2012-01-04,99.73965454101562,99.82557014898713,98.96642002818524,99.3491312171136,127186500
2012-01-05,100.00520324707031,100.15360401063337,98.7477236802981,99.20073214671277,173895000
2012-01-06,99.74744415283203,100.1457795217629,99.41940606496506,100.13015525534351,148050000
2012-01-09,99.98958587646484,100.11454427092785,99.51314698896385,99.97396160797261,99530200
2012-01-10,100.85655975341797,101.26269543873846,100.71596515632525,101.05962759607822,115282000
2012-01-11,100.91118621826172,101.04396266786237,100.38008041985907,100.54409347967456,111540700
2012-01-12,101.1533203125,101.30172104318422,100.39570431108692,101.20019310994468,118983700
2012-01-13,100.6300048828125,100.79402985364887,99.75523681920804,100.47379800257185,179836200
2012-01-17,101.0205307006836,101.78596469430096,100.67686840441806,101.59850928238667,132209200
2012-01-18,102.13743591308594,102.1921029610609,100.81746565681486,100.99710298276355,163395200
2012-01-19,102.67635345458984,102.76226902565216,102.16086002821596,102.48889804923,126328900
2012-01-20,103.0590591430664,103.0590591430664,102.25458238999394,102.50452293198434,138230200
2012-01-23,102.79354095458984,103.29341028948569,102.30147779508337,102.71543152939596,129295800
2012-01-24,102.67635345458984,102.70759006323937,102.00465314932654,102.16086002821596,103083300
2012-01-25,103.53551483154297,103.77763732261603,102.12182267309218,102.52015206958436,198613200
2012-01-26,103.0044174194336,104.19159953226665,102.59826989776758,103.9963379050189,184880500
2012-01-27,102.95755004882812,103.13718739758717,102.43423843309077,102.50454167201663,135259100
2012-01-30,102.60604858398438,102.66072754552057,101.58287983816788,101.93434828948962,147311800
2012-01-31,102.56703186035156,103.23872040766769,102.0671506604114,103.1137620255064,157212000
2012-02-01,103.4652328491211,103.98853258430354,103.19967989416118,103.3246382790797,166234500
2012-02-02,103.62924194335938,103.89480680589271,103.2621610596862,103.66829665118695,113090400
2012-02-03,105.08202362060547,105.14450879022117,104.48062620898084,104.6602636229838,160598500
2012-02-06,105.01168060302734,105.05854147772439,104.52743567406246,104.64458786080505,107694500
2012-02-07,105.2772445678711,105.45689383018362,104.37904592760007,104.79299958801954,135528100
2012-02-08,105.58967590332031,105.61310634437548,104.90235118483912,105.33192913388986,139361400
2012-02-09,105.72246551513672,105.9021028914941,105.09762586775123,105.7615202276905,148602900
2012-02-10,104.94139862060547,105.02731420446209,104.53525114075396,104.78519171845419,167907500
2012-02-13,105.72246551513672,105.8474358281788,105.23822044937985,105.6912288957887,115841900
2012-02-14,105.58967590332031,105.65216105207529,104.85549030272877,105.44127516475518,165329500
2012-02-15,105.09761810302734,106.08955052304832,104.88673220507741,105.93334360219893,195195100
2012-02-16,106.26134490966797,106.35506664615397,104.9179444035419,105.1053997943339,186567800
2012-02-17,106.54254913330078,106.71438030577264,106.1910806142713,106.62846471953671,129869400
2012-02-21,106.58940887451172,107.04241724093119,106.26137079906788,106.79247665897992,134042300
2012-02-22,106.24573516845703,106.65188261177201,106.05827975204512,106.42537249387992,124455300
2012-02-23,106.71441650390625,106.79251402472447,105.83182990208823,106.19111663489865,137704300
2012-02-24,106.94869995117188,107.1595858597787,106.71439551696953,106.94869995117188,105539100
2012-02-27,107.1283187866211,107.41730211853468,106.06609528818305,106.2379264362996,145728900
2012-02-28,107.44072723388672,107.56569750229482,106.94866425066776,107.15955008887885,129355900
2012-02-29,107.01900482177734,107.93282788249516,106.6440938857201,107.596971658672,185934700
2012-03-01,107.57352447509766,107.77660417998312,106.94868493006008,107.24548639546312,145023500
2012-03-02,107.24551391601562,107.64385533608083,107.00339136066485,107.50326074140308,120638300
2012-03-05,106.80810546875,107.15957399897646,106.44101267203116,107.08147650216135,140765000
2012-03-06,105.24600982666016,105.77711569558284,104.94140218587849,105.71464246685802,202129900
2012-03-07,105.98019409179688,106.15202526322469,105.38659116583791,105.48813101745151,143692200
2012-03-08,107.03459167480469,107.25329562765124,106.40976409920451,106.62845613422898,116968900
2012-03-09,107.4485855102539,107.72975084259733,107.10492310251165,107.23769959317111,122836800
2012-03-12,107.45636749267578,107.59695012719625,107.07365045788809,107.43293705358904,104003500
2012-03-13,109.39335632324219,109.44803529152001,107.85469396960733,108.03434322152971,184090500
2012-03-14,109.27625274658203,109.69801274424034,108.94039644959683,109.4246535347038,145163600
2012-03-15,109.90888214111328,109.95574303181134,109.15907213646709,109.4402493984812,165118500
2012-03-16,110.06103515625,110.2022338717605,109.82569199368201,110.1081013947535,152893500
2012-03-19,110.49250030517578,110.82981634210279,109.91198874226417,109.99044045645934,125291100
2012-03-20,110.1708984375,110.3042568160236,109.5433204438178,109.86495581146244,121729700
2012-03-21,109.99052429199219,110.33568097539911,109.7630213294525,110.23370803328211,122388400
2012-03-22,109.19811248779297,109.47268150144981,108.83726335161288,109.18241975185678,135216700
2012-03-23,109.55113220214844,109.67665016209598,108.68822316012502,109.29226786857745,120521000
2012-03-26,111.08869171142578,111.08869171142578,110.29638207286534,110.33559595958594,120164000
2012-03-27,110.7435531616211,111.26130588238124,110.6729537824413,111.19070650320143,119868500
2012-03-28,110.19442749023438,110.8612313282506,109.54331639324495,110.68864708711827,148562100
2012-03-29,110.0061264038086,110.21009608230122,109.11183188210305,109.54329239039335,164963700
2012-03-30,110.46109771728516,110.64937462015243,109.86490547994582,110.54738980150985,135486800
2012-04-02,111.26914978027344,111.55941163171,110.10813828469067,110.32778878466432,151741100
2012-04-03,110.81411743164062,111.30049648646197,110.1630065442583,111.11221956491336,155806700
2012-04-04,109.71591186523438,110.09245389804248,109.30798434715993,109.9983213823543,146896000
2012-04-05,109.66095733642578,109.98259261976344,109.2451895682289,109.33933402313961,137439400
2012-04-09,108.42935943603516,109.70019601029959,108.13125723908803,108.28030833756159,127555900
2012-04-10,106.60936737060547,108.52347427526944,106.49954215329119,108.21753174346173,235360300
2012-04-11,107.47229766845703,107.89590583769962,107.27618033694525,107.69978850618783,154133000
2012-04-12,108.87650299072266,108.96279510370829,107.49584115300554,107.57429288119361,154321500
2012-04-13,107.58214569091797,108.90006066235762,107.48016082650561,108.6254915520418,169246700
2012-04-16,107.51152801513672,108.2881450194977,107.1428264589048,108.13125354175172,147825300
2012-04-17,109.10400390625,109.3236543772592,108.02143232052401,108.13125755602861,147877600
2012-04-18,108.73527526855469,109.10397674669244,108.55485070586491,108.6176096776809,123884200
2012-04-19,108.037109375,109.1588946912174,107.52720913491048,108.75097928716626,198666700
2012-04-20,108.21752166748047,108.90785838063734,108.15476269627986,108.5156237881709,143199600
2012-04-23,107.30758666992188,107.40173115748287,106.64079472083284,107.11146927841529,171844900
2012-04-24,107.71549224853516,107.99006132872242,107.31541716059817,107.40170927408103,137484200
2012-04-25,109.1902847290039,109.23735097220376,108.67253211370206,108.76666460010178,150252200
2012-04-26,109.95124053955078,110.07675852385542,108.89220199831796,108.95496099047027,136291600
2012-04-27,110.13162231445312,110.44540518308494,109.66878839370398,110.28067336657044,130725000
2012-04-30,109.7237319946289,109.99046068992836,109.42564175996381,109.91200896130148,115092200
2012-05-01,110.4062271118164,111.12793751979251,109.53546560337891,109.66097160950946,138832200
2012-05-02,110.07676696777344,110.18659221995115,109.40212271295181,109.76297198294085,121081000
2012-05-03,109.23741149902344,110.17877279476997,109.03345367546349,110.09248064440646,143759700
2012-05-04,107.47229766845703,109.27657951237583,107.40953868596702,108.66469439566322,193927300
2012-05-07,107.55076599121094,107.9116152336662,107.04870602384212,107.08791992015617,127765900
2012-05-08,107.11924743652344,107.29183157910967,105.84055909919289,106.90743744879536,213377700
2012-05-09,106.4838638305664,107.16634827025148,105.50327723559303,105.98180397274209,220752500
2012-05-10,106.70352935791016,107.35464038544445,106.46034576317926,107.22127005602471,150600000
2012-05-11,106.38186645507812,107.3702933170873,105.98963186332134,106.03669809912418,153032400
2012-05-14,105.2051773071289,106.38188124600363,105.04828584262256,105.36206877163524,163910000
2012-05-15,104.60111999511719,105.75429067385406,104.4363881667548,105.13456527421691,207629300
2012-05-16,104.2010498046875,105.55033784497952,104.17751668526792,105.07181113336374,207265500
2012-05-17,102.65567016601562,104.35012700890628,102.6007515602485,104.22460902719877,247992900
2012-05-18,101.77704620361328,103.23615950747755,101.62799512885576,103.05572295906003,319615900
2012-05-21,103.52640533447266,103.56563119001828,101.94177413682324,102.10651794209468,177861100
2012-05-22,103.70684051513672,104.51484294782321,103.03219642890751,103.79313261814458,197531200
2012-05-23,103.76176452636719,103.91081561843505,101.97317536165767,102.96160243582271,204958400
2012-05-24,103.96573638916016,104.20892000611401,103.0949748113245,104.04418812304063,167357600
2012-05-25,103.62841033935547,104.21676237692928,103.37737439103195,103.92650056542361,135465600
2012-05-29,104.883544921875,105.06396951253915,102.89883851441415,104.45993675900013,152883500
2012-05-30,103.36166381835938,104.87569569158833,103.1498657398132,103.9892416108369,162370400
2012-05-31,103.13420104980469,103.90297777037604,102.24774672798871,103.32247802976369,196186000
2012-06-01,100.53759002685547,103.15771465946209,100.53759002685547,101.51817666810511,253240900
2012-06-04,100.49050903320312,100.99256884102812,99.73741333644064,100.71799983375898,202545800
2012-06-05,101.25144958496094,101.40048868429432,100.23947757180203,100.29439017867631,164149400
2012-06-06,103.52640533447266,103.5734715731072,101.92608140059488,101.9574668730516,184202800
2012-06-07,103.58919525146484,104.75020670809681,103.3773851442911,104.70314045540356,184772700
2012-06-08,104.412841796875,104.43637491222579,102.99294267376958,103.32243022877755,143915400
2012-06-11,103.08714294433594,105.31503351801177,102.98515807587482,105.25227451973225,169756100
2012-06-12,104.27165985107422,104.3422592165696,102.89099816671805,103.38520569523745,181931800
2012-06-13,103.6048812866211,104.61684156418987,103.25186047416253,103.96573051394971,172223900
2012-06-14,104.703125,105.11889279749037,103.53426136042101,103.8166708049477,230615500
2012-06-15,105.77394104003906,105.86856126151092,104.9538710457795,105.17465958392911,169444500
2012-06-18,105.97898864746094,106.23920636989568,105.09583421888972,105.33239687856464,131360900
2012-06-19,107.00408935546875,107.43778557521532,105.95533741756418,106.51520199797832,137382600
2012-06-20,106.8305892944336,107.31948858527389,105.87646983574108,107.01196078829638,206451800
2012-06-21,104.4334487915039,107.06714956232071,104.34670956697643,106.95675527947432,205272200
2012-06-22,105.23775482177734,105.43488832531337,104.57537710551996,104.97753715326091,130029200
2012-06-25,103.55029296875,104.16534853992468,103.17968101790447,104.12591943262902,146375700
2012-06-26,104.07073211669922,104.38615299100073,103.24276886576237,103.8499435207262,141634000
2012-06-27,105.0090560913086,105.2140705699987,104.0628178350949,104.41765567716601,108088000
2012-06-28,104.70943450927734,104.86715094991355,103.51875238775473,104.31516747183706,169242100
2012-06-29,107.31947326660156,107.45352259157823,106.3338058487675,106.60978550651726,212250900
2012-07-02,107.64279174804688,107.75318604700809,106.86215064541983,107.61913668627491,129524500
2012-07-03,108.35247802734375,108.43132422134293,107.50874073022818,107.61913502748783,80450000
2012-07-05,107.86357116699219,108.6599982857944,107.46930412824263,107.9503103968001,126177500
2012-07-06,106.83847045898438,107.05925900498507,106.3338092064009,106.82269641082051,151192100
2012-07-09,106.7044448852539,106.90157841893307,106.21554553991788,106.75175500820474,103780500
2012-07-10,105.77394104003906,107.42197406839615,105.41121013760875,107.24849564098247,167884800
2012-07-11,105.78971862792969,106.13667549436809,105.17466310363373,105.82914773222011,141733400
2012-07-12,105.27716064453125,105.84490603659881,104.55960391273086,105.17465941545858,143583200
2012-07-13,107.04347229003906,107.15386654997612,105.53736971855561,105.55314376485288,129642600
2012-07-16,106.79116821289062,107.10658907457352,106.37324609922695,106.79906125447995,97525200
2012-07-17,107.52449798583984,107.74528654587054,106.09725335418638,107.21697020350608,138860300
2012-07-18,108.32091522216797,108.53382277801315,107.2090913906973,107.27216352450574,113349700
2012-07-19,108.60478973388672,108.95962764473232,108.19476069703492,108.54170556696924,129847300
2012-07-20,107.61122131347656,108.15531162464264,107.49294604238496,107.98971421304205,142904500
2012-07-23,106.52306365966797,107.5402793386774,105.5373960811336,106.0341763909789,145210900
2012-07-24,105.60834503173828,106.64921561013057,104.89866929706942,106.60190549876239,173301200
2012-07-25,105.63203430175781,106.10514754686439,105.07216979149473,105.82916782857112,129122300
2012-07-26,107.37467956542969,107.60336117665794,106.6571106961026,107.15389099518669,156526500
2012-07-27,109.35388946533203,109.66142927646257,107.35101839723339,107.9424188978863,236768900
2012-07-30,109.35388946533203,109.87432479360434,109.03059966935133,109.22773316956896,106782000
2012-07-31,108.58899688720703,109.50368696763864,108.58899688720703,109.20405229994171,120575900
2012-08-01,108.49440002441406,109.3933283847606,108.34457662567712,109.36967332517845,138293800
2012-08-02,107.74528503417969,108.47862790919376,106.90944092120854,107.6743198620385,199556600
2012-08-03,109.8822250366211,110.11089461774966,107.7768285280686,109.25927639713933,157825000
2012-08-06,110.09514617919922,110.52884241541136,110.047836050172,110.17400441562964,86326200
2012-08-07,110.64713287353516,111.12024620915501,110.41845120071933,110.53672652660482,109545100
2012-08-08,110.78111267089844,110.90726892857705,110.24490345550052,110.27645154397294,89754700
2012-08-09,110.87574768066406,111.09653620117793,110.5130168072073,110.62341106746422,90291700
2012-08-10,111.05709075927734,111.09651985329681,110.24490195717111,110.42626135117644,99792700
2012-08-13,111.00191497802734,111.05710609161802,110.42627659642595,110.86786566551069,79426900
2012-08-14,111.01771545410156,111.48295973763302,110.686532561604,111.41198252118096,102379400
2012-08-15,111.14385223388672,111.33310470387678,110.82844348264254,110.89940864686159,71085900
2012-08-16,111.96397399902344,112.09802336750937,111.02561638754494,111.30159613487122,112014200
2012-08-17,112.11375427246094,112.20838653083405,111.86142965830422,112.15318337744361,90813700
2012-08-20,112.1216812133789,112.14533627710605,111.6485558746816,111.95608373521169,78255700
2012-08-21,111.78256225585938,112.83131379537151,111.53811866997168,112.39761774037439,105581100
2012-08-22,111.82992553710938,112.01128503334566,111.2385248896599,111.49873058630993,133243500
2012-08-23,110.91522979736328,111.5618216216293,110.7417513008846,111.55394061072671,111466400
2012-08-24,111.58545684814453,111.83779353709816,110.5682531469797,110.63921832871956,99481200
2012-08-27,111.60906982421875,112.03488481824677,111.4513654691262,111.88506146968399,68785900
2012-08-28,111.49871063232422,111.84566754186827,111.15964676386288,111.3252321775522,75689600
2012-08-29,111.58545684814453,111.88510365825807,111.27792902852953,111.59334988972157,65421300
2012-08-30,110.78111267089844,111.13595045775584,110.54455013563673,111.10440236928342,96589900
2012-08-31,111.30950927734375,111.82994482455791,110.6786794048489,111.41201055876783,151970400
2012-09-04,111.20692443847656,111.54600024009052,110.49724880841394,111.21480544518523,120226200
2012-09-05,111.11233520507812,111.55391234529097,110.89154663497172,111.25426555782883,100660300
2012-09-06,113.36753845214844,113.37541946073412,111.77469637642776,111.78257738501343,158272500
2012-09-07,113.80912780761719,113.85643792836488,113.45428986993407,113.55679112086223,107272100
2012-09-10,113.16254425048828,113.89588734907022,113.1231271642202,113.69875378941926,86458500
2012-09-11,113.47791290283203,113.84063174757587,113.20192123359783,113.23346932657594,88760000
2012-09-12,113.85643005371094,113.98259838836223,113.47004404086933,113.85643005371094,87640900
2012-09-13,115.59122467041016,115.94606265147787,113.54104298419836,113.84067779626066,225470200
2012-09-14,116.10376739501953,116.7897882246332,115.72526235681997,115.81989463240772,169777000
2012-09-17,115.70950317382812,116.06434112777156,115.41773736238821,115.86720759423898,119427800
2012-09-18,115.6148452758789,115.76466865329525,115.32309156116713,115.51234404296775,98326600
2012-09-19,115.6779556274414,116.04856763483306,115.44928602155612,115.74892081215656,128318300
2012-09-20,115.68585205078125,115.74892419543201,114.83423371307889,115.14964256463838,154009800
2012-09-21,115.63749694824219,116.2716942030094,115.58993427098828,116.24791286438246,108737500
2012-09-24,115.46309661865234,115.72470344941185,114.97952255506182,115.06672483198165,95682000
2012-09-25,114.23433685302734,115.93080736508799,114.20262034085508,115.70884016510286,133165200
2012-09-26,113.59217071533203,114.24222596220804,113.32264092354023,114.21052155576848,146502200
2012-09-27,114.66239929199219,114.92400605277173,113.76659542292622,114.06784177103061,111830300
2012-09-28,114.13123321533203,114.5989487745808,113.72693856016286,114.22635852330112,150696100
2012-10-01,114.43252563476562,115.49479898982318,114.1629836596495,114.56729057417094,135911200
2012-10-02,114.55140686035156,115.06668516687701,114.02027030085989,114.8843575948253,113422200
2012-10-03,115.0191421508789,115.2886720158294,114.25811522674752,114.86059588304362,121283100
2012-10-04,115.8436050415039,116.01007439325456,115.29661012171287,115.45515639357711,124311600
2012-10-05,115.85148620605469,116.6600876252052,115.50267727637012,116.46190183300267,124842100
2012-10-08,115.45513916015625,115.83565257509412,115.19353240729167,115.42343474903784,78415400
2012-10-09,114.3136215209961,115.46309728976085,114.27398192283722,115.36797193122521,148872900
2012-10-10,113.58428192138672,114.40874189328426,113.43365872865706,114.29774619648958,124247500
2012-10-11,113.64768981933594,114.54349369677354,113.62390848597953,114.37701226697483,123601500
2012-10-12,113.27507781982422,114.1153836946329,113.02932935790487,113.72694725984485,124181900
2012-10-15,114.21847534179688,114.33738201829117,113.17998337939738,113.54463858484974,107689100
2012-10-16,115.37590026855469,115.45517946848416,114.67829411366719,114.75756121728908,108815500
2012-10-17,115.89905548095703,115.99419289213306,115.28071674166958,115.45512121647388,128834100
2012-10-18,115.59784698486328,116.15276493883688,115.20939836892967,115.59784698486328,148108500
2012-10-19,113.67147827148438,115.39173003771903,113.40194841236291,115.38380695820531,185645200
2012-10-22,113.68736267089844,113.89347165239418,112.79155853135686,113.4812415930953,125578600
2012-10-23,112.10975646972656,112.61711169984434,111.64204082402327,112.45856545848932,192056300
2012-10-24,111.79267120361328,112.64883547776212,111.6182666979735,112.51405846279205,120179400
2012-10-25,112.1176986694336,112.79153543049188,111.43595092496722,112.58542649120936,134457400
2012-10-26,112.05430603027344,112.4427426295212,111.29326689718694,112.01466643337088,146023500
2012-10-31,112.05430603027344,112.59336583996694,111.52315720513113,112.4506778066857,103438500
2012-11-01,113.2275161743164,113.37020414846056,112.18902448592843,112.29207287959866,100995600
2012-11-02,112.22077941894531,113.93310845744617,112.10187272028848,113.9013919402663,137702200
2012-11-05,112.45063018798828,112.70430172739212,111.72129578348607,112.05425857942477,98378500
2012-11-06,113.33060455322266,113.77453893265216,112.67262606360228,112.79153273798353,107068100
2012-11-07,110.76210021972656,112.31587038921181,110.23888671321885,112.3000242317807,264304500
2012-11-08,109.4302978515625,111.30910800781062,109.34309559033322,110.74625484963896,181517300
2012-11-09,109.52542877197266,110.54013933519,109.04185482416563,109.09734057093479,201055300
2012-11-12,109.61260986328125,110.04068588535928,109.36686139724556,109.86628140695296,97677500
2012-11-13,109.23208618164062,110.38949663933433,108.89121239321626,109.03390037079802,123018300
2012-11-14,107.75757598876953,109.73943396337032,107.51182753532721,109.56504159020247,191505000
2012-11-15,107.57530975341797,108.20158400425846,107.16307967279076,107.79727700537693,178128400
2012-11-16,108.10640716552734,108.32045125777806,106.78252721772398,107.73381682195533,239483900
2012-11-19,110.29438781738281,110.3102339752829,108.13812490520458,109.31930477285923,151495800
2012-11-20,110.3419418334961,110.52426940548354,109.46199628687455,110.11997467725848,119807400
2012-11-21,110.54806518554688,110.64320261944243,110.21511440767335,110.43708159292237,81710800
2012-11-23,112.05430603027344,112.09393353086934,111.01580181517568,111.08715792812295,65409200
2012-11-26,111.81644439697266,112.06219288349325,111.1346846780916,111.49933982057289,100124400
2012-11-27,111.24566650390625,112.08597244960303,111.17432251145333,111.70545906021823,128646200
2012-11-28,112.1414794921875,112.20488831537185,110.19132553092138,110.79380612160102,177086500
2012-11-29,112.66465759277344,112.97382695110265,112.07010020396334,112.56160920419774,151085900
2012-11-30,112.68846893310547,112.90251303704807,112.300032410596,112.68054585381287,136568300
2012-12-03,112.13352966308594,113.2988632017413,112.0463274222239,113.20373788309253,124656300
2012-12-04,111.97498321533203,112.46648015579686,111.6737369117945,112.12560636710079,127512200
2012-12-05,112.17317962646484,112.69639312006144,111.27737580527396,112.0701191241889,147300500
2012-12-06,112.5536880493164,112.601250710937,111.90364484666412,112.07011416233617,103220600
2012-12-07,112.89458465576172,113.11655182857243,112.3079502154456,112.9897099880224,108726400
2012-12-10,112.94214630126953,113.21167613777492,112.68846262246193,112.73603738446604,98840700
2012-12-11,113.7110824584961,114.2422189318596,113.35435045057145,113.40983618250154,152570400
2012-12-12,113.76660919189453,114.59106916134093,113.60806291971028,114.15505784060535,145880100
2012-12-13,113.06900024414062,114.02028994889274,112.7836121230845,113.69526223674175,135715000
2012-12-14,112.64884185791016,113.02935530253754,112.47443734239255,112.82324637342776,137701700
2012-12-17,113.97270202636719,114.03612293880649,112.91041686338689,112.94213336775763,143238200
2012-12-18,115.24110412597656,115.34416463873922,113.98856810308529,114.15504953937076,177762800
2012-12-19,114.38494873046875,115.40759456967218,114.34532123444039,115.36795497733856,150895400
2012-12-20,115.04296875,115.05882701191443,114.13924136183105,114.45634611857169,168487000
2012-12-21,113.99860382080078,115.0364814020834,113.32000045841306,113.50362111151907,245883800
2012-12-24,113.64736938476562,113.81501937029182,113.51962794106358,113.75114864844079,53874600
2012-12-26,113.1683578491211,113.93479441584053,112.84901638587729,113.87890295962009,106947700
2012-12-27,113.0167007446289,113.43185451871908,111.70738085597495,113.20032153270546,167920600
2012-12-28,111.795166015625,112.90489403020769,111.66742455933306,112.2821696584042,148806700
2012-12-31,113.69527435302734,113.81502434792611,111.4039562665051,111.49976844451922,243935200
2013-01-02,116.6093521118164,116.68120213803356,115.54752372335159,115.850906743513,192059000
2013-01-03,116.34590148925781,116.85685536371231,116.03453916235745,116.55348449525893,144761800
2013-01-04,116.8568115234375,117.04842372276025,116.29795783636709,116.53747003999634,116817700
2013-01-07,116.5374755859375,116.64924632867067,116.10635116246858,116.44167557276542,110002500
2013-01-08,116.2021484375,116.48956062221008,115.74707406916917,116.32988989339242,121265100
2013-01-09,116.49755096435547,116.81690463443105,116.27400948635099,116.4576302328339,90745600
2013-01-10,117.42361450195312,117.43159377244014,116.53742819420088,117.14418166770719,130735400
2013-01-11,117.41568756103516,117.47954611757629,117.04843385938587,117.39172537471002,113917300
2013-01-14,117.33585357666016,117.41569505057605,116.90472910887202,117.27198283394715,89567200
2013-01-15,117.41568756103516,117.52745830812881,116.72110089214812,116.79295090483022,93172600
2013-01-16,117.39966583251953,117.5832865125306,117.04838301365142,117.17612443543845,104849500
2013-01-17,118.15812683105469,118.4934389723726,117.4795110946603,117.91861467808643,133833500
2013-01-18,118.42160034179688,118.54934179324728,117.70306381395982,118.1341881670811,169906000
2013-01-22,119.0602798461914,119.06027984619142,118.14215198882206,118.42158485456355,111797300
2013-01-23,119.25186157226562,119.35565299487838,118.84469951616391,119.06026163155511,104596100
2013-01-24,119.28385925292969,119.8666629841707,118.96450556436794,119.07627630984015,146426400
2013-01-25,119.95451354980469,119.95451354980469,119.25194744238888,119.65912197377787,147211600
2013-01-28,119.81080627441406,120.0183770745116,119.36371102619644,119.98643560858898,113357700
2013-01-29,120.28179931640625,120.43349077380266,119.49141275622824,119.5712542123619,105694400
2013-01-30,119.81080627441406,120.50538088198267,119.69902332578474,120.26586861596249,137447700
2013-01-31,119.51537322998047,120.05826837865317,119.43554394894709,119.66706470066985,108975800
2013-02-01,120.74486541748047,120.88856543483018,120.06624951662566,120.27382026905205,131173000
2013-02-04,119.3875961303711,120.76877750130807,119.29977541997678,120.01033255631728,159073600
2013-02-05,120.5931396484375,120.93643104698535,119.98637392881824,120.03428610307263,113912400
2013-02-06,120.68098449707031,120.76081377260586,120.08221011112148,120.17003084167783,138762800
2013-02-07,120.52132415771484,120.8326863779764,119.64311677641447,120.72091563691065,162490000
2013-02-08,121.19194793701172,121.2637979454234,120.72889424597467,120.72889424597467,103133700
2013-02-11,121.16796112060547,121.27174037385949,120.8645782678014,121.14401112507814,73775000
2013-02-12,121.3675537109375,121.59109512608183,121.04022085944281,121.17594156277376,65392700
2013-02-13,121.47138977050781,121.83864351404215,121.12809821603147,121.61510199436009,82322600
2013-02-14,121.58309936523438,121.72681151678903,120.96836658641344,121.10408728493597,80834300
2013-02-15,121.43940734863281,121.82261947438606,120.99232450490507,121.69487803843704,215226500
2013-02-19,122.34957122802734,122.37352122988273,121.47935534169105,121.6470053546787,95105400
2013-02-20,120.8246841430664,122.30166583018739,120.76081341357023,122.26174510149028,160574800
2013-02-21,120.09016418457031,120.88852986497466,119.70695206896241,120.52128847396102,183257000
2013-02-22,121.26374053955078,121.26374053955078,120.14603366416445,120.6729456585087,106356600
2013-02-25,118.95650482177734,122.03819731316895,118.95650482177734,121.85457658919587,245824800
2013-02-26,119.7708511352539,119.91455114433589,118.74095234178075,119.53133893802087,186596200
2013-02-27,121.27970886230469,121.61502091828808,119.56321568794574,119.66700710363979,150781900
2013-02-28,121.04020690917969,122.04614316139178,120.8805362284925,121.27172756886229,126866000
2013-03-01,121.43940734863281,121.6230280490009,120.08218809243247,120.62507092207508,170634800
2013-03-04,122.08612823486328,122.08612823486327,120.96842069876072,121.16002074375061,99010200
2013-03-05,123.17984771728516,123.50718060250021,122.66091484626203,122.67688557244428,121431900
2013-03-06,123.34757232666016,123.68288465365723,123.07613075462933,123.619013898691,94469900
2013-03-07,123.57105255126953,123.73072326839215,123.36348183721961,123.5071818280015,86101400
2013-03-08,124.09798431396484,124.26563431325106,123.47525995242486,124.11395504126205,123477800
2013-03-11,124.56902313232422,124.57700240530366,123.85049873709754,124.00219019838,83746800
2013-03-12,124.2895736694336,124.6248980034812,123.91435297579847,124.48118583430444,105755800
2013-03-13,124.4651870727539,124.64082847213221,123.9302836044988,124.35341638061242,92550900
2013-03-14,125.12785339355469,125.18374484024717,124.47319985087654,124.79254125968141,126329900
2013-03-15,124.96269989013672,125.13109557050686,124.54569971637316,124.97874165274138,138601100
2013-03-18,124.27302551269531,124.81030820539026,123.6555462596614,123.76781410236964,126704300
2013-03-19,123.98432922363281,124.70604928779733,123.16637084431021,124.53765364975466,167567300
2013-03-20,124.85041046142578,125.05890439415855,124.50557992451974,124.71408609353003,113759300
2013-03-21,123.78385925292969,124.81031162474822,123.57536532112444,124.10462103051893,128605000
2013-03-22,124.77827453613281,124.77827453613281,124.08059851245278,124.176836861125,111163600
2013-03-25,124.2569808959961,125.31551673399815,123.77583825385804,125.1070105764225,151322300
2013-03-26,125.25138092041016,125.2834522069034,124.63390158797638,124.77022596906043,86856600
2013-03-27,125.25138092041016,125.29147920573574,124.29709801654306,124.50559196944596,99950600
2013-03-28,125.63626861572266,125.78061996240648,124.89850683343845,125.17115553283733,102932800
2013-04-01,125.13911437988281,125.82876329139138,124.8343820917366,125.5721440516306,99194100
2013-04-02,125.75653839111328,126.0692853043017,125.39566621443372,125.58813055957792,101504300
2013-04-03,124.48151397705078,125.92496634587908,124.15273746115159,125.82874026671607,154167400
2013-04-04,124.9867172241211,125.23530940328442,124.36923803839953,124.64188673578668,131885000
2013-04-05,124.42542266845703,124.57778882933631,123.31075872488985,123.45509788596695,159666000
2013-04-08,125.26737213134766,125.27538689066702,124.09656874821182,124.51356872201998,86571200
2013-04-09,125.7004165649414,126.15751486222602,125.0829374082899,125.49993743166398,101922200
2013-04-10,127.24010467529297,127.40048554705663,126.00515850280894,126.0372297826512,135711100
2013-04-11,127.65716552734375,128.07416578154567,127.13591215052084,127.26422180354943,110142500
2013-04-12,127.34435272216797,127.5368048661781,126.638662230729,127.24811441388722,116359900
2013-04-15,124.393310546875,126.8070875666696,124.37728102351579,126.70283448344787,217259000
2013-04-16,126.22972106933594,126.29387587896764,125.02684592036863,125.33156597077078,147507800
2013-04-17,124.38526153564453,125.35558582790175,123.71966941118734,125.33151707693553,226834800
2013-04-18,123.60745239257812,124.62589013273765,123.13432442750491,124.59380660911427,167583200
2013-04-19,124.68201446533203,124.73815451196681,123.59140718187247,123.89613946639577,149687600
2013-04-22,125.23529815673828,125.53200334570413,124.09657819672708,124.92255121163855,106553500
2013-04-23,126.52639770507812,126.6466802982252,125.23531151477015,125.86080547168696,166141300
2013-04-24,126.60658264160156,126.94338610778694,126.33392172835873,126.5664843688063,96781200
2013-04-25,127.1198501586914,127.72128773785744,126.78304658271189,126.97549877682654,131060600
2013-04-26,126.89532470703125,127.18401525783678,126.4863392888935,126.96749428566267,95918800
2013-04-29,127.7453384399414,128.02600195565992,127.03964779694023,127.24012698085843,88572800
2013-04-30,128.050048828125,128.08213234744974,127.1920043484877,127.72127229084943,116010700
2013-05-01,126.9273910522461,127.83356095847464,126.78305190060581,127.7694061456525,138874200
2013-05-02,128.10618591308594,128.21845375557746,127.12784661296959,127.24812921696869,96407600
2013-05-03,129.4053192138672,129.8143046418891,128.13027434877813,129.22088176303623,144202300
2013-05-06,129.73410034179688,129.91853778165273,129.4454098011932,129.50154985122032,66882100
2013-05-07,130.3916473388672,130.4317333808559,129.6458585192183,130.01474554847155,90359200
2013-05-08,130.98504638671875,131.02514466148804,130.17511507599085,130.24728462881032,97419200
2013-05-09,130.61618041992188,131.2737456725637,130.2873916754628,130.92892740613806,106738600
2013-05-10,131.04122924804688,131.15349711232918,130.3194967751354,130.7044256552,103203000
2013-05-13,131.14544677734375,131.36196770431803,130.5680780325412,130.87279804635529,81843200
2013-05-14,132.50071716308594,132.59695550536688,131.24972883995372,131.24972883995372,119000900
2013-05-15,133.21432495117188,133.47895878483885,132.244013130664,132.28411139084463,120718500
2013-05-16,132.58889770507812,133.40685612491313,132.38841853996112,132.94174299348842,109913600
2013-05-17,133.87197875976562,133.95216308973832,132.90165414775504,133.07807680448425,129801000
2013-05-20,133.8639678955078,134.3852211664063,133.607360877878,133.74368526791253,85071200
2013-05-21,134.056396484375,134.56160785772235,133.5191138310058,133.98422692711858,95804200
2013-05-22,133.0620574951172,135.58008815942446,132.45260509212594,134.19276319413157,244031800
2013-05-23,132.67715454101562,133.04604171533666,131.4662643733825,131.64268707810803,211064400
2013-05-24,132.56483459472656,132.6209746315818,131.49828402096617,131.89122757012314,151573900
2013-05-28,133.35877990722656,134.54561346628003,132.96583623003457,133.95219056861302,143679800
2013-05-29,132.49269104003906,132.95780423963245,131.78700035978991,132.65307194838326,160363400
2013-05-30,132.98187255859375,133.5913249588672,132.4927027911769,132.59695589717262,107793800
2013-05-31,131.07330322265625,133.3667858425201,130.81669620030073,132.61298206562867,176850100
2013-06-03,131.79501342773438,131.88322475344137,130.43977225836227,131.37801332109427,168390700
2013-06-04,131.16151428222656,132.396473048273,130.49592184738225,131.86720500568168,157631500
2013-06-05,129.32508850097656,131.04920422971213,129.21282067077436,130.78457029360501,211737800
2013-06-06,130.49594116210938,130.50396816278743,128.50719056271112,129.2690092139545,200225500
2013-06-07,132.15582275390625,132.27610531720043,130.82463861750995,131.39400463507275,188337800
2013-06-10,132.15582275390625,132.636965243356,131.81099234534128,132.56479570537948,105667100
2013-06-11,130.79263305664062,131.9473829532334,130.50394252342264,130.95301396703303,159505400
2013-06-12,129.71002197265625,131.8270815018006,129.58973936611062,131.6907571356231,177361500
2013-06-13,131.68276977539062,131.91532027519528,129.34918883259945,129.63787938465896,163587800
2013-06-14,130.85670471191406,132.0515644838807,130.64019610655018,131.53833850700846,141197500
2013-06-17,131.86717224121094,132.49266623203064,130.88883297633365,131.74687740526767,136295600
2013-06-18,132.90963745117188,133.11011656461176,131.93129839868325,131.9393131581622,114695600
2013-06-19,131.07330322265625,133.0299822427711,131.01717540750462,132.79743174637767,206149500
2013-06-20,127.82550048828125,131.08930690691315,127.48869698636605,129.79822069810015,321255900
2013-06-21,128.23587036132812,128.79211039921742,126.9460095087441,128.69537514063228,271956800
2013-06-24,126.61546325683594,127.71989830789077,125.54326918712314,126.89762412292673,222329000
2013-06-25,127.83273315429688,129.06615635317684,126.90564223747243,127.76016944181863,162262200
2013-06-26,129.0984649658203,129.38868306473552,128.38098304086685,128.88079831637748,134848000
2013-06-27,129.85626220703125,130.45282507183518,129.75145746430223,129.8723888523033,129483700
2013-06-28,129.3241729736328,130.11420625145527,128.87272538630572,129.49347196939257,160402900
2013-07-01,130.08200073242188,130.98489615324,129.85627687721737,130.0013797979799,131954800
2013-07-02,129.96104431152344,130.83975565987933,129.3886653638186,129.88848057095242,154863700
2013-07-03,130.0175018310547,130.4125247141579,129.16297408081596,129.37257128148846,75216400
2013-07-05,131.42019653320312,131.4685641613178,130.03360045580172,130.9768061071112,122416900
2013-07-08,132.16990661621094,132.52461892285362,131.4685514741823,132.09735518104037,108092500
2013-07-09,133.1211395263672,133.28236898718316,132.42784177394105,133.00020820499068,119298000
2013-07-10,133.16957092285156,133.62101854978786,132.71812329591526,132.9922147406944,121410100
2013-07-11,134.98342895507812,135.12047467548985,133.16149952848977,134.71739468568182,135592200
2013-07-12,135.0398712158203,135.3784569749103,134.7335387486589,134.94313594208793,104212700
2013-07-15,135.55572509765625,135.74920782042878,135.1768291203634,135.41062228134086,69450600
2013-07-16,135.04786682128906,135.72503796907225,134.68509744219236,135.64441708437522,88702100
2013-07-17,135.39456176757812,135.82182555896935,135.21720559367708,135.56386077031084,92873900
2013-07-18,136.13621520996094,136.45868654307415,135.59608956564784,135.68476764462605,103620100
2013-07-19,136.3780975341797,136.42646517020424,135.68479938209924,135.85409840921167,103831700
2013-07-22,136.64410400390625,136.83758680962555,136.24908122178002,136.57155256464551,79428600
2013-07-23,136.35389709472656,136.91014944325516,136.2813456495337,136.8859656281909,80829700
2013-07-24,135.8540802001953,136.93433159670866,135.57997646441783,136.8778944948935,112914000
2013-07-25,136.1845703125,136.30550166418166,135.38647997610434,135.6122037380165,111088600
2013-07-26,136.32969665527344,136.37000710914,135.04790540907106,135.61221486013278,107814600
2013-07-29,135.9104766845703,136.2893727717383,135.52352342783234,135.983028113767,79695000
2013-07-30,135.9104766845703,136.46672891045617,135.58801768745903,136.32162605206278,85209600
2013-07-31,136.00726318359375,136.92628511973777,135.82990699407247,136.192676544993,142388700
2013-08-01,137.57919311523438,137.70011212852225,136.966503978526,137.0390676875174,110438400
2013-08-02,137.81300354003906,137.82913017894336,137.08746470262238,137.2728779964473,91116700
2013-08-05,137.61151123046875,137.82112070570022,137.32936260761755,137.50671879387855,54072700
2013-08-06,136.82955932617188,137.64378895337015,136.52322683272678,137.34550133205744,87495000
2013-08-07,136.3861083984375,136.58764834746063,135.87823609159437,136.39417786905267,84854700
2013-08-08,136.88595581054688,137.19228821306564,136.1845883209106,137.03105869052564,102181300
2013-08-09,136.4909210205078,137.12779418491232,136.01528966548668,136.70858762235696,91757700
2013-08-12,136.32969665527344,136.4909261697163,135.74120339209645,135.8056976580783,68593300
2013-08-13,136.73281860351562,136.96659962613427,135.76542891860126,136.57158903953444,80806000
2013-08-14,136.03143310546875,136.885960676227,135.99917981919984,136.66829404749768,79829200
2013-08-15,134.12890625,134.97536441873214,133.8951129587874,134.95925007528857,152931800
2013-08-16,133.68548583984375,134.3304161628655,133.4194516203089,133.8708991561173,130868200
2013-08-19,132.83091735839844,133.99178912104057,132.8228478899513,133.5322722562368,96437600
2013-08-20,133.48397827148438,133.98379355011642,132.90354207002906,133.04864496988003,89294400
2013-08-21,132.6616973876953,133.84675365892565,132.36342210208846,133.11314505273043,159530500
2013-08-22,133.8708953857422,134.06437816750625,132.92768988905945,132.93574705874954,101471400
2013-08-23,134.3223876953125,134.49168672343242,133.63715901250927,134.26596288662353,90888900
2013-08-26,133.82252502441406,134.8705352107133,133.73384695554975,134.45938584551422,89702100
2013-08-27,131.6701202392578,133.82256606061569,131.57338497120494,132.50046409278076,158619400
2013-08-28,132.1376495361328,132.60522367419586,131.44435164880096,131.6136383102417,108113000
2013-08-29,132.34725952148438,133.04861464630045,131.72651300009397,131.84744435676697,119200500
2013-08-30,131.92808532714844,132.63751009707195,131.54113195311106,132.62138345202115,134928900
2013-09-03,132.5246124267578,133.48394458151046,131.96836018233668,133.20178372386934,142375100
2013-09-04,133.62098693847656,133.84671069854423,132.31501199793897,132.55685009728123,97389400
2013-09-05,133.7903289794922,134.14502907305513,133.60490330894018,133.70165088084488,63090500
2013-09-06,133.8547821044922,134.61257436575357,132.59717465006847,134.23367823512288,159756500
2013-09-09,135.13661193847656,135.2172205621574,134.18533669124486,134.18533669124486,87559300
2013-09-10,136.13621520996094,136.16039902231648,135.64445719035893,135.95080188156058,105847200
2013-09-11,136.56350708007812,136.56350708007812,135.7170488713092,135.95082987255395,94545900
2013-09-12,136.20068359375,136.692441519901,136.01527030058458,136.51508539564844,83209000
2013-09-13,136.50709533691406,136.61190008941182,136.03146381577807,136.34586577224408,72727800
2013-09-16,137.29708862304688,138.04682371577923,137.0794220088957,137.9823294485854,106299200
2013-09-17,137.90977478027344,137.94201576260323,137.418016767836,137.418016767836,82523300
2013-09-18,139.50596618652344,139.8848623046785,137.51475034890788,137.86139318410073,203460600
2013-09-19,139.27224731445312,139.94943130704206,139.13520154123498,139.88493700769885,146616900
2013-09-20,138.29844665527344,139.60269092620578,138.18503464740897,139.60269092620578,132867100
2013-09-23,137.65846252441406,138.24172778263602,137.22101976123818,138.11212289490538,104616500
2013-09-24,137.33448791503906,138.1445775092343,137.07526567260942,137.6342171093757,106333100
2013-09-25,136.93743896484375,137.6989246017308,136.81593055937333,137.42349730867974,117306500
2013-09-26,137.46405029296875,137.8528896817455,136.94559365427267,137.1643212183889,77146900
2013-09-27,136.83221435546875,137.01853147114664,136.4757730134872,136.77550215970612,99141800
2013-09-30,136.10311889648438,136.53246529986575,135.40644150139664,135.673772493103,143937000
2013-10-01,137.1805877685547,137.31020508807728,136.07076882748873,136.20848259411102,127160000
2013-10-02,137.05088806152344,137.18050530312723,135.9572750330652,136.3785248877873,113350000
2013-10-03,135.7872314453125,136.85655578169545,135.15536246871815,136.73503491020404,176698000
2013-10-04,136.81602478027344,136.9537385216381,135.71430248837052,135.89252317978023,96878000
2013-10-07,135.6332550048828,136.4595496094622,135.48744485400667,135.6251585612728,96295000
2013-10-08,134.05361938476562,135.78721058050084,133.95641259129937,135.6089898851554,178015000
2013-10-09,134.1508026123047,134.6368488104539,133.28400106608214,134.31281801168777,168973000
2013-10-10,137.04281616210938,137.11572123820028,135.4712408189083,135.51984420296895,195955000
2013-10-11,137.9258270263672,137.9744427771998,136.71880164185075,136.83221367182512,105040000
2013-10-14,138.47666931152344,138.59008132104302,136.96990269305934,137.0752182593925,112106000
2013-10-15,137.47216796875,138.64679512023852,137.28585086882694,138.12833840146507,155485000
2013-10-16,139.39208984375,139.46499492355986,138.23365556695407,138.2984642026684,161676000
2013-10-17,140.32371520996094,140.4047291107235,138.8007428747224,138.82504457275402,129389000
2013-10-18,141.27149963378906,141.36870641292285,140.558616957517,140.84215321130267,138316000
2013-10-21,141.27960205078125,141.56313831655302,140.96366764425665,141.32010899746075,104104000
2013-10-22,142.09779357910156,142.51903119375027,141.3038970171429,141.69274885356577,126663000
2013-10-23,141.41734313964844,141.6765653761165,140.92318800411437,141.61175672675301,105484000
2013-10-24,141.88717651367188,142.06539719950058,141.3687197078934,141.70085938248195,70350000
2013-10-25,142.5352325439453,142.57573948758738,141.90336377827674,142.17879121746896,93625000
2013-10-28,142.7620086669922,142.95643451461115,142.33266240269077,142.48658132026668,84979000
2013-10-29,143.52357482910156,143.58028703511803,142.88360947555083,143.08613187820424,87401000
2013-10-30,142.81069946289062,143.7990098282521,142.30035138706353,143.69370657885227,140002000
2013-10-31,142.4056396484375,143.29674311718475,142.19502081081808,142.6972723872106,133795000
2013-11-01,142.7458953857422,143.0699262848228,141.94390222318597,142.59197638233366,142805000
2013-11-04,143.2480926513672,143.30479247475526,142.55951180077733,143.13468064360927,85677000
2013-11-05,142.79444885253906,143.18328826766478,142.22738879694276,142.6891332847204,85825000
2013-11-06,143.52357482910156,143.79090588392245,143.01321441889928,143.4101627780551,87348000
2013-11-07,141.7089080810547,143.90425541080745,141.5711943904032,143.79084340903674,157000000
2013-11-08,143.62075805664062,143.63696330726958,141.6441501143616,141.6603430040061,136713000
2013-11-11,143.64503479003906,143.81514661399785,143.31289522385882,143.48300704781758,62614000
2013-11-12,143.3533935546875,143.67742429771812,142.87543152139364,143.3371883092418,83990000
2013-11-13,144.50375366210938,144.544248244033,142.6486419814201,142.6486419814201,103844000
2013-11-14,145.2246856689453,145.346194097294,144.398391273236,144.6333116883699,103435000
2013-11-15,145.85658264160156,145.91328246555364,145.2733173499073,145.4596344300096,102818000
2013-11-18,145.3462677001953,146.22116591028987,145.02223681985768,146.09965742040967,104796000
2013-11-19,145.03024291992188,145.7107147613271,144.77911728994934,145.27327210927461,93891000
2013-11-20,144.57669067382812,145.75941455763777,144.17974232324204,145.3219716161844,124909000
2013-11-21,145.7431640625,145.8565760662733,144.89256785370955,144.98167816817298,92841000
2013-11-22,146.47225952148438,146.48846477023721,145.6297720010823,145.7998838495465,81296000
2013-11-25,146.32643127441406,146.76387404879267,146.11580014961788,146.7314759162756,79486000
2013-11-26,146.36697387695312,146.80442915585468,146.14825859848793,146.3993843810865,86994000
2013-11-27,146.72341918945312,146.82063834347363,146.34267610208633,146.5208967966404,58800000
2013-11-29,146.62620544433594,147.23377259396716,146.46419000996465,146.8854400281182,55870900
2013-12-02,146.2454376220703,146.97451313383309,146.01861358014486,146.69908570592122,99726000
2013-12-03,145.61355590820312,146.13201258083618,145.14370261722598,145.76747485743488,116563000
2013-12-04,145.59738159179688,146.2049487135331,144.47946649327181,145.08703361500804,123033000
2013-12-05,144.95736694335938,145.6054407912819,144.81965325933518,145.33810986547707,106934000
2013-12-06,146.5775604248047,146.71527412296138,145.9375829534498,146.35883285197613,127728000
2013-12-09,146.9501953125,147.16892288641594,146.75578178989193,147.0069074972486,70124000
2013-12-10,146.42364501953125,146.91780000062013,146.33453469963055,146.60996210260282,80976000
2013-12-11,144.77919006347656,146.50468457812812,144.60096939243348,146.48038288307535,130591000
2013-12-12,144.30125427246094,144.8926161778666,144.00151273603439,144.71439548950016,115565000
2013-12-13,144.28501892089844,144.73057054886704,144.0095915003298,144.6009532823702,107808000
2013-12-16,145.1842041015625,145.6621538178668,144.92496959449343,144.96547653134567,96195000
2013-12-17,144.7224884033203,145.33816435210207,144.3984575383716,145.31386265528016,89886000
2013-12-18,147.1932373046875,147.2175389971149,143.6450542394748,144.94118982587358,234906000
2013-12-19,147.0231475830078,147.1932594555995,146.39127876284047,146.7720094551597,136531200
2013-12-20,147.87832641601562,148.22856245129285,147.07199186547496,147.16972637388204,197087000
2013-12-23,148.6683807373047,148.7579748463851,148.2937235015801,148.60322025541973,85598000
2013-12-24,148.9942169189453,149.05937742103532,148.6684268365903,148.67656723881592,45368800
2013-12-26,149.7516632080078,149.8331169243284,149.31184545291643,149.32812625370678,63365000
2013-12-27,149.7434844970703,150.01225435036298,149.5887299325091,149.94710630768472,61814000
2013-12-30,149.7191162109375,149.88201124489805,149.5236347133282,149.7598306483568,56857000
2013-12-31,150.42770385742188,150.42770385742188,149.80868538083456,149.9227255659688,86119900
2014-01-02,148.98602294921875,149.92269084837943,148.62764653062445,149.8493775423284,119636900
2014-01-03,148.9615936279297,149.53988512520755,148.74983138722743,149.2385163491767,81390600
2014-01-06,148.52987670898438,149.50725880032581,148.30182130194098,149.45025116260874,108028200
2014-01-07,149.4421844482422,149.69467362095105,149.0105070055926,149.12453477481898,86144200
2014-01-08,149.47471618652344,149.72720526679024,148.96158519882624,149.41769610873922,96582300
2014-01-09,149.57252502441406,149.97162848298504,148.88835831951783,149.95533524865047,90683400
2014-01-10,149.9796600341797,150.04482049612966,149.05928559775668,149.82490549055947,102026400
2014-01-13,147.98423767089844,150.0123036166887,147.6991620711795,149.59691946072888,149892000
2014-01-14,149.59695434570312,149.6784080869296,148.19603450766078,148.47295734287715,105016100
2014-01-15,150.4031982421875,150.63125364712087,149.62943794487163,149.94708743232079,98525800
2014-01-16,150.20774841308594,150.40322984185116,149.72720388230607,150.09372068666207,72290600
2014-01-17,149.57252502441406,150.2322580918566,149.31189541554252,149.94719484553136,107848700
2014-01-21,150.0122833251953,150.49284033641243,149.091921014551,150.43582025294424,88621200
2014-01-22,150.1100311279297,150.32994620699998,149.79238153731325,150.26478572327207,61270900
2014-01-23,148.88014221191406,149.376980009136,148.09010088986386,149.35254638206698,132496900
2014-01-24,145.7036590576172,147.9597927681646,145.65479179923798,147.9109255097854,208677100
2014-01-27,144.98690795898438,146.21679197483624,144.26201461831548,145.84212227570643,180843100
2014-01-28,145.85028076171875,146.03760940450385,145.07650770394645,145.09280093360817,110463200
2014-01-29,144.4493408203125,145.42672318396913,144.06653076009925,144.636669436558,216597300
2014-01-30,145.9805908203125,146.4529950606325,145.190536952823,145.65480079227459,118938100
2014-01-31,145.1253662109375,146.0294477671914,144.0991165098217,144.1724173967388,194677900
2014-02-03,141.85928344726562,145.28012839083854,141.58236068573999,144.9543383688193,254837100
2014-02-04,142.8529815673828,143.21949850664004,141.81043841976046,142.49460503011989,165012400
2014-02-05,142.6737823486328,142.99143199535564,141.4846374878115,142.35613270191,164230500
2014-02-06,144.55528259277344,144.55528259277344,142.7145447493079,143.0077608368428,132877600
2014-02-07,146.34707641601562,146.50183099607554,144.75882861977746,145.23123275908503,170787200
2014-02-10,146.61582946777344,146.66470913705726,145.96424968104247,146.363340436202,92218800
2014-02-11,148.22039794921875,148.59506758208758,146.64029057127263,146.73803750007195,117814100
2014-02-12,148.2937469482422,148.91275298188336,148.00053094744518,148.44034873459412,94717700
2014-02-13,149.05935668945312,149.2141113068813,147.2837798598088,147.29192026090223,100542200
2014-02-14,149.88197326660156,150.15889599697502,148.78241031681873,148.92087168200544,96498400
2014-02-18,150.06117248535156,150.26479434815448,149.5806154437866,150.01229279868141,80460900
2014-02-19,149.06752014160156,150.63947520309236,148.94533954793346,149.6702329958919,126524300
2014-02-20,149.9470977783203,150.2891809093233,148.72536698412895,149.27107191416383,104998100
2014-02-21,149.776123046875,150.59061064024058,149.70282214621474,150.23223411066462,118116400
2014-02-24,150.60687255859375,151.6168290104019,150.02858101917795,150.0937415044707,114063900
2014-02-25,150.54986572265625,151.16073134443212,150.05302785315484,150.72905396595795,117085000
2014-02-26,150.5579376220703,151.16880291548728,150.13440087210375,150.76969978301048,98677200
2014-02-27,151.34805297851562,151.38876740559726,150.16703631895672,150.33808413944655,93880800
2014-02-28,151.7309112548828,152.43137118827264,150.72095444029486,151.32366739658863,150842000
2014-03-03,150.6638641357422,151.0466741784235,149.66204819098218,150.3950818231304,167748500
2014-03-04,152.78158569335938,153.10737576253524,152.10555949312968,152.13813352880948,167545900
2014-03-05,152.9200439453125,153.18068593776178,152.67569518441485,152.9119035435838,88376900
2014-03-06,153.27023315429688,153.6204691993335,152.9444431651343,153.29467921017093,82516500
2014-03-07,153.33541870117188,153.90556991753755,152.65939255647288,153.90556991753755,114513500
2014-03-10,153.25399780273438,153.31100547510258,152.37434965742167,153.09924316215688,74939200
2014-03-11,152.4964599609375,153.70191016266037,152.14623637303978,153.48199510276507,99009100
2014-03-12,152.53721618652344,152.59423627632802,151.413219472939,151.7553151555808,104824400
2014-03-13,150.8267822265625,153.11550243405972,150.4032576946083,152.9933218579214,155014300
2014-03-14,150.4031982421875,151.33171308458404,150.22401007715592,150.55795278726816,153919600
2014-03-17,151.763427734375,152.12180415289643,151.09554214929588,151.16070262794435,98359500
2014-03-18,152.8467254638672,153.0503473365107,151.91005739285134,152.0729648334404,101804600
2014-03-19,152.03228759765625,153.07483093163677,151.06304517901103,152.8630561609834,176267300
2014-03-20,152.9200439453125,153.03407170998548,151.42953017474053,151.6983125689185,117241000
2014-03-21,152.326904296875,154.63390211015724,152.18783181977514,153.56221641731312,163128000
2014-03-24,151.69696044921875,153.03862710017503,151.03431593396604,152.8504592261844,121411000
2014-03-25,152.41688537597656,152.9322811318041,151.5660854212697,152.46596830835193,103852000
2014-03-26,151.32064819335938,153.25949879065163,151.27974159145796,153.01407166218547,119843000
2014-03-27,151.0015869140625,151.62332478078565,150.44528462662262,151.1406593651871,142383000
2014-03-28,151.7460479736328,152.50685830850247,151.3451832646404,151.43517279184516,101642000
2014-03-31,152.9895477294922,153.22679855794277,151.7706132405654,152.71140277739622,99745000
2014-04-01,154.0039825439453,154.09397209016794,152.98137973820863,153.48858673531183,89193000
2014-04-02,154.51934814453125,154.72386866569548,153.91396290802606,154.20029663083275,78774000
2014-04-03,154.3148193359375,154.79748474405758,153.84033025436577,154.75657814543322,77435000
2014-04-04,152.4905548095703,155.19022923399805,152.24514007521518,155.15751143039964,169381000
2014-04-07,150.80528259277344,152.37599905256263,150.494419818706,152.12239554623994,140803000
2014-04-08,151.42703247070312,151.67244716421365,150.19172025962462,150.73983388003938,112660000
2014-04-09,153.05499267578125,153.10407560950767,151.39428684233843,151.8360582117633,100254000
2014-04-10,149.83990478515625,153.12040916973658,149.65173693408695,153.04678478433078,172959000
2014-04-11,148.49009704589844,150.0526370587238,148.32648310092503,149.00549283136132,167251000
2014-04-14,149.65997314453125,150.01174253040068,148.43284973400927,149.65178433270972,132382000
2014-04-15,150.69068908691406,150.79704373240943,148.4900466968119,149.97078547654274,157093000
2014-04-16,152.26962280273438,152.27779912974282,151.05885232661487,151.72968562956828,105197000
2014-04-17,152.48236083984375,152.90776713509186,151.80335102646833,152.06514335675806,105255000
2014-04-21,153.0140838623047,153.06317927826623,152.33508664496114,152.5232420491789,68329000
2014-04-22,153.70948791503906,154.12670540793323,153.08774984040244,153.16955058333204,85790000
2014-04-23,153.34951782226562,153.73401748481083,153.22681047589788,153.6522167482139,73869000
2014-04-24,153.660400390625,154.11852448279578,152.92411882854026,154.10215934151958,88170000
2014-04-25,152.4005584716797,153.25137112278097,152.05696537590865,153.1613815632019,100380000
2014-04-28,152.8832550048828,153.54589980404938,151.31253817053855,153.02232752593463,135121000
2014-04-29,153.59495544433594,153.83219382443036,153.04684178837354,153.37406972290628,84098000
2014-04-30,154.0530548095703,154.2084924225457,153.12861794268102,153.3413273006236,101508000
2014-05-01,154.06939697265625,154.48661433241642,153.5785427399276,153.97940744608738,93019000
2014-05-02,153.8485565185547,154.73208690727222,153.61949447143667,154.05307709512044,98122000
2014-05-05,154.14309692382812,154.24945163907427,152.67054598673752,153.09595236477432,75883000
2014-05-06,152.8013916015625,153.90580755956634,152.768673806211,153.79945287952256,85454000
2014-05-07,153.70126342773438,153.77488781818658,152.17144146722373,153.31676385589486,106500000
2014-05-08,153.5376434326172,154.65842440456157,153.04680165951672,153.56219738006737,93618000
2014-05-09,153.76675415039062,153.83218974920726,152.84231715955414,153.5622335759893,83679000
2014-05-12,155.26382446289062,155.33746135229939,153.79946273045263,154.4539310258945,86940000
2014-05-13,155.40293884277344,155.7792497578882,155.24750118885555,155.4683744500524,66454000
2014-05-14,154.66664123535156,155.33747472875618,154.44575551399325,155.2638378330064,72367000
2014-05-15,153.30862426757812,154.38849893935046,152.55599001889397,154.35576865556877,154956000
2014-05-16,153.84034729003906,153.90579535849724,152.75229655743937,153.39857594868204,97458000
2014-05-19,154.4048309326172,154.52753826309055,153.40676970162355,153.5458421704744,63839000
2014-05-20,153.43130493164062,154.3475529164499,153.03862900714273,154.33118777873756,111644000
2014-05-21,154.723876953125,154.79750134878157,153.8485230838437,153.87306454906255,89093000
2014-05-22,155.10023498535156,155.41928661332256,154.50303834488207,154.76481821460231,61549000
2014-05-23,155.72195434570312,155.828296545065,155.1002038743079,155.23927635266105,61092800
2014-05-27,156.67909240722656,156.72817533755978,156.21277960317602,156.30276913643442,72010000
2014-05-28,156.56454467773438,156.92450277230148,156.30275243334327,156.67907566392014,66723000
2014-05-29,157.3744659423828,157.39900740929863,156.52366596243212,156.92453072696338,64377000
2014-05-30,157.62802124023438,157.72619956083102,157.09627297567292,157.22716908117533,76316000
2014-06-02,157.80807495117188,157.8817118472048,157.0472643833785,157.84898156386893,64656000
2014-06-03,157.7262420654297,157.80804279120787,157.27629438334904,157.42354317951558,65047000
2014-06-04,158.0452880859375,158.13527761921011,157.29265402717664,157.4562679559607,55529000
2014-06-05,159.07606506347656,159.2396789901949,157.6444213595418,158.2252651547757,92103000
2014-06-06,159.83689880371094,159.8777929259675,159.34604450719908,159.41966890679285,78696000
2014-06-09,160.00048828125,160.3849878420499,159.665071646009,159.8123329056271,65119000
2014-06-10,160.01687622070312,160.04959401475773,159.46057385822954,159.80416686904712,57129000
2014-06-11,159.46060180664062,159.62421577147634,159.10064359423484,159.44423666527345,68772000
2014-06-12,158.33164978027344,159.36244151248002,157.9798803676889,159.27245195622302,106350000
2014-06-13,158.8143310546875,158.96976869890383,158.13532120429014,158.6425282681994,82017000
2014-06-16,158.94522094726562,159.28063772072338,158.42983753357933,158.61799298673634,87424000
2014-06-17,159.386962890625,159.50149390388216,158.55251551806896,158.72431827942683,84834000
2014-06-18,160.5568389892578,160.64682854790075,159.03520530498835,159.38698720984573,105267000
2014-06-19,160.73681640625,160.83499477651495,160.18052640084807,160.69590979221846,85929000
2014-06-20,161.06314086914062,161.19466425409928,160.86585579170264,161.13711806964474,100587000
2014-06-23,161.0137939453125,161.15353281330988,160.71787265344807,161.10421468845882,70611000
2014-06-24,160.0438232421875,161.5234296868014,159.86298175769258,160.7260865622805,96237000
2014-06-25,160.7671661376953,160.9315640429211,159.67390188094728,159.70677644488995,82782000
2014-06-26,160.6521453857422,160.80832784306483,159.57532428663652,160.79188428367277,84312000
2014-06-27,160.96449279785156,161.01381092790436,160.20002415375518,160.27400134883436,71445100
2014-06-30,160.8822784423828,161.252176939592,160.72609601088678,160.8658348857099,70201200
2014-07-01,161.9590606689453,162.45226690922894,161.21926385127557,161.2767974717471,90470000
2014-07-02,162.12351989746094,162.32902048485818,161.90158829385945,161.97556549505995,52475000
2014-07-03,162.9208526611328,162.99482985755705,162.4605333819248,162.5838287092985,52938800
2014-07-07,162.35362243652344,162.7399644083374,162.1152473578167,162.60845361116614,61696000
2014-07-08,161.30975341796875,162.1153122476412,160.91518324025236,162.0577660598555,108143000
2014-07-09,162.0331268310547,162.1810938015058,161.3673068209312,161.71254636163366,72992000
2014-07-10,161.39193725585938,161.8193819868319,160.33977525866578,160.4712986440051,99040000
2014-07-11,161.6138458251953,161.72892562634493,160.93158252453776,161.29326548322445,64243000
2014-07-14,162.4276580810547,162.641374161798,162.29613470393898,162.43587358858957,58658000
2014-07-15,162.12351989746094,162.83867047068046,161.40838186700188,162.5263055641533,111307000
2014-07-16,162.72354125976562,162.97013185559814,162.27965310175384,162.84683655768188,79986400
2014-07-17,160.87411499023438,162.83870046592253,160.64394275061161,162.2221985901698,145398000
2014-07-18,162.51809692382812,162.68249489214105,161.30975241544863,161.40017317943486,124330000
2014-07-21,162.2139129638672,162.34543632760978,161.4658879431843,162.00841241155376,67592000
2014-07-22,162.9208526611328,163.21677398958934,162.64959039815102,162.76467021795304,67678000
2014-07-23,163.28250122070312,163.45512718535645,162.83862559306985,163.16742142518657,65612000
2014-07-24,163.29078674316406,163.62781076838658,163.12638875661435,163.4387537109925,56888000
2014-07-25,162.5262451171875,162.97012070206418,162.20566482178884,162.83038185973717,76837000
2014-07-28,162.59202575683594,162.83040085855865,161.62205670966296,162.5591386473007,69259000
2014-07-29,161.8933563232422,163.12635981777223,161.8686972567724,162.89620016888077,80466000
2014-07-30,161.9180450439453,162.6825138727967,161.2440095323923,162.46878520056865,104222000
2014-07-31,158.72036743164062,160.93155487785543,158.62173120267371,160.79181603923385,183479000
2014-08-01,158.2353973388672,159.27111542423847,157.47094143977895,158.2847154558721,189261000
2014-08-04,159.37803649902344,159.7150604756602,157.86555517238696,158.53959058289993,91340000
2014-08-05,157.8326416015625,159.1396346626562,157.2572425566437,158.72863355303443,152690000
2014-08-06,157.88194274902344,158.55597792053405,157.06815618874543,157.09281524729116,94818000
2014-08-07,157.02706909179688,158.75327861709204,156.63251157332502,158.5970962023668,135733000
2014-08-08,158.8437042236328,158.95055597691146,156.9613122259156,157.3805413609767,117014000
2014-08-11,159.303955078125,160.01087714438532,159.22997792465355,159.44369388226627,74544000
2014-08-12,159.08209228515625,159.59172965957305,158.59711397448487,159.14785396939695,73632000
2014-08-13,160.15884399414062,160.33968541195716,159.43549086562783,159.7067404495993,69047000
2014-08-14,160.91514587402344,160.91514587402344,160.27398516257006,160.42195208054446,57371000
2014-08-15,160.8822784423828,161.64673450043125,159.7232522807364,161.49878011865104,139951000
2014-08-18,162.23036193847656,162.3043391295182,161.679621945013,161.77004269276125,75424000
2014-08-19,163.07705688476562,163.20035222860656,162.29615710732992,162.62495305274663,59135000
2014-08-20,163.5126953125,163.70998037905088,162.8222163937114,162.8550909667567,72763000
2014-08-21,163.98948669433594,164.20320281323004,163.52093928325502,163.65246268384917,67791000
2014-08-22,163.734619140625,164.14562023790344,163.36472066162602,163.8579144527053,76107000
2014-08-25,164.5648956298828,164.88547609857187,163.70179050871613,164.51557748743258,63855000
2014-08-26,164.67173767089844,165.07452335097676,164.63063504350092,164.67173767089844,47298000
2014-08-27,164.60597229003906,164.86901906528482,164.3511535657451,164.75392669404434,47874000
2014-08-28,164.51548767089844,164.62235194970688,163.89898614132184,164.06338404065778,58330000
2014-08-29,164.98406982421875,165.00050083770608,164.25248835576411,164.77034122129956,65907000
2014-09-02,164.90182495117188,165.22240523573996,164.28532343909822,165.19774617867745,72426000
2014-09-03,164.81141662597656,165.55944152715898,164.58125704757526,165.53478246824142,57462000
2014-09-04,164.5730743408203,165.69921339834346,164.12097059930264,165.09092722405072,85236000
2014-09-05,165.3128662109375,165.3786278933682,163.91546495187103,164.54018212082494,102177000
2014-09-08,164.8854522705078,165.39510226862186,164.4004738828161,165.15671455754574,64146000
2014-09-09,163.84149169921875,164.85255093752122,163.50446777219835,164.73747112619216,88591000
2014-09-10,164.4579620361328,164.56481377737404,163.3893568244262,163.93186866430256,67251000
2014-09-11,164.64707946777344,164.6717385357893,163.6771101356931,163.80041801853332,66774400
2014-09-12,163.68533325195312,164.49910755746382,163.21678588825617,164.48267654112257,117409300
2014-09-15,163.56201171875,163.84150202910655,163.0688178717128,163.7099786527928,76401000
2014-09-16,164.79498291015625,165.09090417758864,163.1674222106567,163.25784294633763,116201000
2014-09-17,165.01693725585938,165.7813932609792,164.194935077748,165.0333808113938,151266000
2014-09-18,165.89649963378906,165.92115869779673,165.30465701208695,165.51837308107312,94990000
2014-09-19,165.7470245361328,166.73803563054193,165.40842519344787,166.4242232215027,121649000
2014-09-22,164.46694946289062,165.48274740879654,164.1200962379674,165.4579730785441,125553000
2014-09-23,163.52549743652344,164.55780326686676,163.47594877288927,163.87235068335204,111393000
2014-09-24,164.80555725097656,164.91292108851607,163.12083970025273,163.55026984763194,107276000
2014-09-25,162.14630126953125,164.3843453423902,162.08849870897652,164.37607883274904,150300000
2014-09-26,163.4346466064453,163.83931501008547,162.21240008714568,162.4436355745432,103547000
2014-09-29,163.13735961914062,163.42641031023493,161.90685905745357,162.03073072427094,95112000
2014-09-30,162.7078857421875,163.764965686435,162.36928647530232,163.2612000410212,131302000
2014-10-01,160.5028839111328,162.50142609264682,160.1395103142417,162.4436109288746,177798000
2014-10-02,160.5276641845703,161.08923241774116,158.8512007924919,160.3624851970377,157285000
2014-10-03,162.2949676513672,162.64182083557588,161.10574953328745,161.6012486815625,121569000
2014-10-06,162.10508728027344,163.18695466711753,161.51874446744387,162.9722269316648,104778000
2014-10-07,159.6027374267578,161.63432087279543,159.56970918435422,161.27094719940743,147913000
2014-10-08,162.3941192626953,162.62535479615585,158.85950456392248,159.6936032666629,186461000
2014-10-09,159.1732940673828,162.36105475401183,159.04115590594805,162.13807318176424,210705000
2014-10-10,157.35643005371094,159.92480735377143,157.3151479033751,159.1320035667664,221909000
2014-10-13,154.77154541015625,157.8601962670056,154.6807019966378,157.2903740564506,230939000
2014-10-14,155.01107788085938,156.7618775550296,154.4660172482953,155.60568718885793,215847000
2014-10-15,153.96221923828125,155.00279161074766,150.2376642294073,152.91340555681958,380715000
2014-10-16,153.83006286621094,154.91191717539053,151.03870434532632,151.1790964021051,270391000
2014-10-17,155.64695739746094,156.70403764460713,154.94498433583533,155.60566264064934,214625000
2014-10-20,157.15823364257812,157.28210529497238,155.31660366911345,155.36615233007115,130011000
2014-10-21,160.27169799804688,160.37904924748315,158.13275050091508,158.297916931994,154949000
2014-10-22,159.1320037841797,160.96537987104355,159.0659347016075,160.55245755600916,151822000
2014-10-23,160.98187255859375,162.030698668582,160.42855822062504,160.7258627635592,154944000
2014-10-24,162.22067260742188,162.27023387588343,160.61854443276283,161.2461818846481,117927000
2014-10-27,161.99769592285156,162.23718533613447,161.06448739930096,161.6425761566992,82954000
2014-10-28,163.85589599609375,163.86414990891274,162.46846995749357,162.5428055784389,106736000
2014-10-29,163.60813903808594,164.4422378780891,162.52628419963435,163.9715128222912,142557000
2014-10-30,164.65689086914062,165.12761571122743,163.02170958259612,163.17036815473097,113330000
2014-10-31,166.53982543945312,166.6719636000872,165.80482424783548,166.6389227592344,146903000
2014-11-03,166.63064575195312,167.19221395472238,166.25075174313696,166.75451738450903,93600000
2014-11-04,166.05259704589844,166.49029372132298,165.21848584823326,166.18472261858878,93343000
2014-11-05,167.10142517089844,167.30788636022734,166.3664238409432,167.26659160208337,91709000
2014-11-06,167.7703094482422,167.86115284963347,166.52328875767748,167.14267214860337,107089000
2014-11-07,167.92724609375,168.14197376506527,167.32438303486543,167.78685401709959,89540000
2014-11-10,168.455810546875,168.505359216232,167.75385006199934,167.96031125191413,66319000
2014-11-11,168.62095642089844,168.72832025900985,168.18325975975273,168.52185909426603,54499400
2014-11-12,168.4392547607422,168.67049021948998,167.9024482589876,167.93548909674436,90120300
2014-11-13,168.62918090820312,169.15772085417396,167.81985687248854,168.60440658271904,85357900
2014-11-14,168.6705322265625,168.87699340910518,168.2410894384844,168.55491446839423,80417500
2014-11-17,168.77784729003906,168.9512801908063,168.1832382036769,168.34841719541248,80441000
2014-11-18,169.7523956298828,170.05795416348266,168.8357074276921,168.8357074276921,76068100
2014-11-19,169.47984313964844,169.7523733912334,168.7200675601038,169.55416613515627,82373000
2014-11-20,169.77713012695312,169.8844939547078,168.62094015508455,168.68700923359606,72840300
2014-11-21,170.68551635742188,171.64349889593606,170.1074277915549,171.47833253445773,142327300
2014-11-24,171.1645050048828,171.27186880882272,170.87546702706945,171.09018203356385,65880800
2014-11-25,171.04071044921875,171.60227884293772,170.78470058729445,171.3958176508838,79108300
2014-11-26,171.4783172607422,171.57741454852538,170.97455171220344,171.18926670286186,62167800
2014-11-28,171.114990234375,171.66830457715832,170.87550085669395,171.354492213444,57890100
2014-12-01,169.92575073242188,170.56990839999992,169.61193840808025,170.45429068021377,103968400
2014-12-02,171.02413940429688,171.2306005352407,169.9422850943732,169.96705942197548,74507200
2014-12-03,171.68482971191406,171.89954476681433,171.03241803650175,171.19758443268566,68952000
2014-12-04,171.49493408203125,171.9986999137629,170.70211752992887,171.3958241371487,91316600
2014-12-05,171.77565002441406,172.16379793402245,171.4040225326193,171.66828621070508,91025500
2014-12-08,170.62771606445312,171.8747366017464,170.06613530631617,171.37923751073993,108588200
2014-12-09,170.5121307373047,170.619494564706,168.39797063744825,168.77785208590373,125180100
2014-12-10,167.77867126464844,170.10754758472152,167.58871784386298,170.04974498812186,159856400
2014-12-11,168.62918090820312,170.28086981453527,168.23277909907156,168.37317114394344,159012800
2014-12-12,165.9039306640625,168.32366203296584,165.87090242278734,167.34915879659377,202330200
2014-12-15,164.7642822265625,167.25833691040506,164.1614190849252,166.80411977572317,189965800
2014-12-16,163.44293212890625,167.1509668697338,163.40163737248432,163.99624658106694,259543800
2014-12-17,166.647216796875,167.10143395756077,163.7567599942822,163.88064427522826,253910100
2014-12-18,170.7681884765625,175.8801698568926,168.40627182043136,169.08347061200215,257633900
2014-12-19,171.49476623535156,172.1673903835623,170.73909675017728,171.4200203637086,245084600
2014-12-22,172.28363037109375,172.28363037109375,171.44492829720957,171.68573947870206,148318900
2014-12-23,172.5161590576172,172.9147488014396,172.2255130473874,172.86492666732923,122167900
2014-12-24,172.5327606201172,173.00608353756385,172.4912379537948,172.74036128079035,42963400
2014-12-26,173.08912658691406,173.4295947069521,172.93134805953358,172.9811701900877,57326700
2014-12-29,173.32167053222656,173.52927122875604,172.8400353957652,172.90646913916754,79643900
2014-12-30,172.39163208007812,173.0310331342594,172.31688619567768,172.8981783117575,73540800
2014-12-31,170.68096923828125,172.88154404555357,170.55641389884352,172.71546603598998,130333800
2015-01-02,170.589599609375,171.79369351311453,169.5515963619706,171.37849221415277,121465900
2015-01-05,167.5088348388672,169.70939694100863,167.20158989240133,169.54331893402545,169632600
2015-01-06,165.9310760498047,168.33923884704024,165.13388387080252,167.8160810836032,209151400
2015-01-07,167.99874877929688,168.33921688794462,166.81127913768793,167.2596909686122,125346700
2015-01-08,170.97987365722656,171.19578642164635,169.39381447525952,169.41041340257112,147217800
2015-01-09,169.60972595214844,171.41169801947515,168.99522348508043,171.39508642011177,158567300
2015-01-12,168.28109741210938,169.90039276888027,167.67490700581124,169.7426142329127,144396100
2015-01-13,167.80775451660156,170.63111821399596,166.50401638682845,169.50177020085064,214553300
2015-01-14,166.794677734375,166.99397893304638,164.89306123027387,165.78988494694778,192991100
2015-01-15,165.2667694091797,167.74966568087137,165.15051352359154,167.43412123195563,176613900
2015-01-16,167.43408203125,167.5918605542384,164.8764404761802,165.05913006375218,211879600
2015-01-20,167.7911376953125,168.33920642087156,166.22167737825694,168.07347152207782,130991100
2015-01-21,168.63819885253906,169.11983398765003,166.8611374020666,167.3261609336383,122942700
2015-01-22,171.14596557617188,171.2788203503415,168.01534450713342,169.3938157405064,174356000
2015-01-23,170.2076416015625,171.14600070268122,170.07477412918576,170.88856522334896,117516800
2015-01-26,170.6062469482422,170.69759175998647,169.27761011580108,169.9917570064542,92009700
2015-01-27,168.3558349609375,169.50178198222102,167.52543232505212,168.5468240193283,134044600
2015-01-28,166.19676208496094,169.64292752101284,166.00577305065028,169.54328327197024,168514300
2015-01-29,167.7330780029297,167.99050086179525,164.98443389683524,166.39612889348476,173585400
2015-01-30,165.6238250732422,167.88252155491546,165.35810278354316,166.55388476453962,197729700
2015-02-02,167.67491149902344,167.7662563027714,164.30347856768063,166.12206250624723,163107000
2015-02-03,170.09963989257812,170.1079520267251,168.1980238005476,168.5717023800106,124212900
2015-02-04,169.45199584960938,170.5481336438909,168.99527176865874,169.3357399627257,134306700
2015-02-05,171.16256713867188,171.3120461844523,170.0415313145359,170.11626450195752,97953200
2015-02-06,170.68927001953125,172.0926525482205,170.1661122868168,171.52797214814254,125672000
2015-02-09,169.92526245117188,170.763964389075,169.5183606770352,170.0415182907915,87219000
2015-02-10,171.73553466796875,171.99295740912893,169.96677333286186,170.96326644448823,96164200
2015-02-11,171.835205078125,172.2670179808579,170.92176981461634,171.56948283324658,91087800
2015-02-12,173.4877166748047,173.54585094120173,171.86843407362545,172.6324029759526,97545900
2015-02-13,174.2018585205078,174.2516806497601,173.35484431040433,173.61227976310488,93670400
2015-02-17,174.47593688964844,174.65032705693534,173.63723460359972,173.88634531266464,76968200
2015-02-18,174.49252319335938,174.5672563952429,173.8364979654315,174.10223291115915,80652900
2015-02-19,174.367919921875,174.73329906288663,173.75343015829822,173.89459706806414,91462500
2015-02-20,175.41419982910156,175.48893300079305,173.3298817872968,173.9526835599283,140896400
2015-02-23,175.38934326171875,175.38934326171875,174.78314022494982,175.16513100605164,74411100
2015-02-24,175.88755798339844,176.08685915228472,175.0156327920594,175.31457820992028,72472300
2015-02-25,175.73809814453125,176.24464421388257,175.39763005329206,175.7630092077012,73061700
2015-02-26,175.530517578125,175.8045519752709,174.92431451583,175.64677344319244,72697900
2015-02-27,174.9326171875,175.69658606960184,174.88279505815788,175.43085115185949,108076000
2015-03-02,176.03707885742188,176.0952004594888,174.98246384507556,175.03228598140151,87491400
2015-03-03,175.31463623046875,176.08691742842038,174.45102288802198,175.60528228075037,110325800
2015-03-04,174.57559204101562,174.79150489690159,173.60402220235545,174.71675900858756,114497200
2015-03-05,174.76654052734375,175.0488743763866,174.2599944236194,174.89939531628613,76873000
2015-03-06,172.3085479736328,174.33473244462476,171.9763919856736,173.90291952352678,188128000
2015-03-09,173.02267456054688,173.37974157238781,172.35005052731177,172.50782903800885,89818900
2015-03-10,170.21592712402344,171.7355654536372,170.17440445843954,171.65253279340791,157121300
2015-03-11,169.81735229492188,170.64775499563052,169.73430695647514,170.47336485326827,110145700
2015-03-12,171.97640991210938,172.0428309798738,170.39863712749272,170.44845926378608,93993500
2015-03-13,170.92176818847656,172.6656060409141,169.88376494145254,171.70234865758871,162410900
2015-03-16,173.20541381835938,173.29675863123194,170.94671723727524,171.65256467046686,136099200
2015-03-17,172.6905517578125,173.07252990561386,171.87674798548153,172.46633948005277,94510400
2015-03-18,174.76654052734375,175.43916462044987,171.57778484489717,172.21719840850227,228808500
2015-03-19,173.96934509277344,174.77483663026706,173.57905485621723,174.35133586484864,117917300
2015-03-20,175.50497436523438,176.01378164444742,174.73759519006882,174.9211002892932,177715100
2015-03-23,175.16299438476562,176.0888564356137,175.16299438476562,175.51331884623505,71784500
2015-03-24,174.17872619628906,175.49660781161333,174.1119959188361,175.0378578363101,77805300
2015-03-25,171.6263427734375,174.62080514368165,171.58464748611448,174.3872555336764,159521700
2015-03-26,171.2176513671875,172.1351641310568,170.25841785757385,170.95907947257433,153067200
2015-03-27,171.60968017578125,171.7848360301773,170.90901857569716,171.10087291003566,118939000
2015-03-30,173.70327758789062,174.00355747241264,172.62728209272788,172.64395511645202,96180400
2015-03-31,172.18521118164062,173.57818519187686,172.12683013724472,172.87752356662315,126768700
2015-04-01,171.57627868652344,172.1768383944999,170.58368659340962,172.15181613395904,137303600
2015-04-02,172.1935577392578,172.64397124436766,171.32607677960146,171.50958187770183,86900900
2015-04-06,173.3529510498047,173.87009478388543,171.16758858385168,171.30103640950233,114368200
2015-04-07,172.89414978027344,174.1286278027466,172.86079101317785,173.37793463188362,81236300
2015-04-08,173.47808837890625,173.9201653909475,172.7273949279874,173.11942740696747,89351900
2015-04-09,174.24542236328125,174.4789719419565,172.81910263119292,173.31122404858024,85548900
2015-04-10,175.1963653564453,175.23807337970146,174.2955382371217,174.49571638474836,72722900
2015-04-13,174.40394592285156,175.68848163327957,174.3539013910817,175.0545502908604,74436600
2015-04-14,174.73756408691406,174.92106915347472,173.57815265409803,174.20373463714623,75099900
2015-04-15,175.5216827392578,176.03049012094056,175.12131368191,175.2047297356296,99529300
2015-04-16,175.47158813476562,175.98039537128213,174.98780316172542,175.1879939970349,68934900
2015-04-17,173.45306396484375,174.5207230819322,172.6689990165912,174.27883693263118,191113200
2015-04-20,175.03785705566406,175.3714957139419,174.29550022262177,174.37890352344175,92189500
2015-04-21,174.8292999267578,175.88027297602812,174.52902009446674,175.72179018572217,72559800
2015-04-22,175.6884307861328,175.87193583451312,174.2454126577334,175.17127441001705,78264600
2015-04-23,176.13055419921875,176.78115855084636,175.17132069694716,175.28809551063674,102585900
2015-04-24,176.5392608642578,176.80618199876233,176.0888473591567,176.5476101043987,61327400
2015-04-27,175.8052520751953,177.23157210514523,175.6133977381844,177.10646077883388,79358100
2015-04-28,176.36410522460938,176.41414975551587,174.60413376522976,175.78023115153326,86863500
2015-04-29,175.638427734375,176.23897481108523,174.82934057391154,175.4715956673724,125684900
2015-04-30,173.87844848632812,175.45491471931282,173.17778692805777,175.0628822890601,161304900
2015-05-01,175.7634735107422,175.80518151193894,174.56235435024817,174.66244337112434,103399700
2015-05-04,176.2640380859375,176.84791223163398,176.08053296478977,176.1889585527394,70927200
2015-05-05,174.24542236328125,176.38075279723677,174.1036253139068,176.02207919087996,113326200
2015-05-06,173.5281524658203,175.10461907239315,172.460493215205,174.79600259873936,135060200
2015-05-07,174.2204132080078,174.64581711562727,173.0943732391586,173.42801188307723,88244900
2015-05-08,176.51417541503906,176.71436619425856,175.81352677901435,175.89694278556306,155877300
2015-05-11,175.6718292236328,176.7394885290383,175.59676241172997,176.47258006643835,75708100
2015-05-12,175.14625549316406,175.68843413826767,174.0118664122129,174.83763914568004,119727600
2015-05-13,175.1796417236328,176.1805703551255,174.9460921338678,175.5549883695053,94667900
2015-05-14,177.00636291503906,177.0981154589378,175.92201814009934,176.19727577179555,95934000
2015-05-15,177.19818115234375,177.33997820558304,176.71439623261674,177.19818115234375,76510100
2015-05-18,177.74874877929688,177.9989714603012,176.9646837721458,177.03141406291414,74549700
2015-05-19,177.69032287597656,178.14074907535127,177.4067287371106,177.86549144851102,72114600
2015-05-20,177.56524658203125,178.31594009239424,177.24828087754378,177.79044699863908,76857500
2015-05-21,178.08236694335938,178.29089430511976,177.25659400888827,177.42342608029665,64764600
2015-05-22,177.65695190429688,178.11570185670502,177.59022163017426,177.69864718906243,57433500
2015-05-26,175.7468719482422,177.59025957317027,175.32981719149387,177.16485557568626,124308600
2015-05-27,177.41506958007812,177.64861919749248,175.79689528263626,176.20561347686115,93214000
2015-05-28,177.21490478515625,177.32333036228331,176.52259239311178,177.10646648052864,74974600
2015-05-29,176.11386108398438,177.18985662746263,175.8469526899237,177.148161338781,124919600
2015-06-01,176.4724884033203,177.1147433193381,175.68007448648655,176.78110473251058,93338800
2015-06-02,176.29730224609375,176.98961433566464,175.38812636951673,176.01370820289458,91531000
2015-06-03,176.76446533203125,177.39004739198074,176.2723438328042,176.8311956123925,87820900
2015-06-04,175.27142333984375,176.7144291290775,174.95445767506976,176.0554882616529,151882800
2015-06-05,174.97109985351562,175.64672630543546,174.31214642269472,175.12123340838804,121704700
2015-06-08,173.89512634277344,175.01284262577803,173.82005955042598,174.86269631358357,89063300
2015-06-09,173.87010192871094,174.41228067534843,173.23618336644952,173.87010192871094,105034700
2015-06-10,175.95533752441406,176.33903336595446,174.5790624015452,174.63744342868372,134551300
2015-06-11,176.52255249023438,176.90623563487662,176.16387887850604,176.39742846067895,73876400
2015-06-12,175.17132568359375,176.3974676259892,174.8960680304539,175.69681872390623,135382400
2015-06-15,174.42056274414062,174.70415679709237,173.31953257033447,174.02853043020923,124384200
2015-06-16,175.3715057373047,175.45492177039128,174.095319341578,174.27047519256027,85308200
2015-06-17,175.6551055908203,176.26401465162957,174.62915453353233,175.6551055908203,126708600
2015-06-18,177.4817657470703,177.948864892119,175.68843594500905,176.25562412756898,165867900
2015-06-19,176.69393920898438,177.31418723866855,176.31676671082127,177.238755296918,130478700
2015-06-22,177.59910583496094,178.18581984908673,177.38956420210127,177.61587274662347,70696000
2015-06-23,177.724853515625,178.06012785431992,177.33092695044698,177.8086752976508,68476800
2015-06-24,176.4340362548828,177.83377267999106,176.40889228474472,177.45660033851482,92307300
2015-06-25,175.89764404296875,177.0626951110581,175.8222121180597,176.93697523620966,97107400
2015-06-26,175.8641357421875,176.50113780323016,175.31094267397742,176.25806230837648,104174800
2015-06-29,172.17620849609375,175.87252685245653,172.1007765596968,174.38059109313988,202621300
2015-06-30,172.53668212890625,173.76878864251023,172.05892079981297,173.71848787938453,182925100
2015-07-01,173.9195556640625,174.36378290357,173.13167707643595,174.1123303856925,135979900
2015-07-02,173.76034545898438,174.5649911596692,173.3412620874507,174.39736036893765,104373700
2015-07-06,173.26580810546875,174.04529693843062,172.26838776181464,172.4695523587441,117975400
2015-07-07,174.35543823242188,174.48115812001242,171.07820340886838,173.4669835883587,173820200
2015-07-08,171.4302520751953,173.29936043084123,171.19556639777835,173.01438679246493,164020100
2015-07-09,171.74034118652344,173.7938597071695,171.6313882190003,173.53401730299444,144113100
2015-07-10,173.90283203125,174.32191540220694,171.78227119736073,173.74357830398085,129456900
2015-07-13,175.82225036621094,175.93120335164528,175.12657039876163,175.16848129596414,106069400
2015-07-14,176.58494567871094,176.8950760395133,175.72163504260712,175.78031284768613,81709600
2015-07-15,176.5262451171875,177.08781513122554,176.0484840785757,176.6268210034613,97914100
2015-07-16,177.9428253173828,177.9428253173828,177.33934416051895,177.58240692036716,106683300
2015-07-17,178.0936279296875,178.15230572808014,177.52368080510837,177.93437423622956,89030000
2015-07-20,178.18582153320312,178.6803367219683,177.86732694504246,178.31993124895834,70446800
2015-07-21,177.48175048828125,178.31153989994488,177.18001004671316,178.05169755046245,77965000
2015-07-22,177.1632843017578,177.498558642185,176.76096788265355,176.79448892199207,88667900
2015-07-23,176.16583251953125,177.39793832348076,175.8054270559001,177.29736243398483,90509100
2015-07-24,174.3386688232422,176.32511975520399,174.00340726819167,176.26645473830396,117755000
2015-07-27,173.32444763183594,173.96146236706775,172.88022040300638,173.4501802824556,132361100
2015-07-28,175.4534149169922,175.59590170345467,173.33285445417943,174.16263119824956,123544800
2015-07-29,176.660400390625,176.88669619310878,175.43667137123683,175.57915817667777,105791300
2015-07-30,176.7023162841797,176.86994707241797,175.52887518769293,176.1491231725249,91304400
2015-07-31,176.4340362548828,177.23029181786708,176.14906273371454,177.205147847729,103266900
2015-08-03,175.8389892578125,176.45923723020135,174.88347971567288,176.40057221072908,113965700
2015-08-04,175.49534606933594,176.2245469987891,175.00920785323092,175.7635527602922,81820800
2015-08-05,176.07369995117188,177.11301856333702,175.78871352871082,176.39219462776606,85786800
2015-08-06,174.63204956054688,176.3670481032417,174.04532259702313,176.25808233183133,116030800
2015-08-07,174.2967529296875,174.6236374127741,173.39153140973815,174.47277355415326,117858000
2015-08-10,176.49273681640625,176.57654579787817,175.4114948033438,175.4114948033438,80270700
2015-08-11,174.90025329589844,175.5707892503611,174.13751848782954,175.15170587749813,126081400
2015-08-12,175.1097869873047,175.29418468609808,172.1259155550612,173.59270729311194,172123700
2015-08-13,174.89186096191406,175.63782878889944,174.3470449511172,174.95052597849957,89383300
2015-08-14,175.5288848876953,175.60431682815963,174.55660835701062,174.69909517435767,72786500
2015-08-17,176.5095672607422,176.5095672607422,174.47282779966767,174.93382216001748,79072600
2015-08-18,175.99827575683594,176.5849900078712,175.76359005642183,176.23296145725004,71692700
2015-08-19,174.60691833496094,176.02340951971362,173.79389549522705,175.25229757892274,172946000
2015-08-20,170.9608612060547,174.58173466533384,170.9021833986931,173.08979897658986,194327900
2015-08-21,165.8145294189453,170.93572876473573,165.55469977317125,169.08337462289253,346588500
2015-08-24,158.83255004882812,165.5211150661568,152.8815628468037,157.14784000605826,507244300
2015-08-25,156.96348571777344,163.81968336952568,156.67012224910826,163.80291645403958,369833100
2015-08-26,162.98992919921875,163.26651300150877,157.88548342787928,160.99508802905365,339257000
2015-08-27,167.02146911621094,167.14718899583232,163.61851462077476,165.1355941854429,274143900
2015-08-28,167.02984619140625,167.49921746123985,165.88993905492126,166.37607723850832,160414400
2015-08-31,165.68043518066406,166.90416437558954,165.127242005311,166.04923063089944,163298800
2015-09-01,160.73519897460938,163.24969856359996,159.86349862169178,161.8667161160114,256000400
2015-09-02,163.7861785888672,163.8280894870388,161.28005523536754,163.1240196502233,160269300
2015-09-03,163.90354919433594,165.99896656376131,163.40903376461057,164.49864056518166,152087800
2015-09-04,161.42254638671875,162.48702183965443,160.6011464760509,161.6404779472914,207081000
2015-09-08,165.479248046875,165.63012470574253,163.58499587924496,164.23038782943848,116025700
2015-09-09,163.26646423339844,167.18909052015616,162.89768167736435,167.06337064757716,149347700
2015-09-10,164.15493774414062,165.30322192163933,162.81386603554935,163.0736956416046,158611100
2015-09-11,164.90097045898438,164.96802534975936,163.04861587088698,163.76106289463505,119691200
2015-09-14,164.28904724121094,165.1272139257954,163.80290902942292,165.0769259710257,79452000
2015-09-15,166.34259033203125,166.78681771708906,164.24717331216968,164.7919766215695,113806200
2015-09-16,167.78416442871094,167.9769519327698,166.30061892679893,166.64427026248035,99581600
2015-09-17,167.40704345703125,170.05565348909056,167.02987097277068,167.6501189795926,276046600
2015-09-18,164.67135620117188,167.39270583167965,164.25852756121427,164.890420726112,223657500
2015-09-21,165.5222930908203,166.55016068246064,164.4691379483344,165.50543900888917,105726200
2015-09-22,163.3738555908203,163.83724642912367,162.23644288370278,163.34858089563085,153890900
2015-09-23,163.11265563964844,164.01414965722748,162.53131200810208,163.54233826231925,92790600
2015-09-24,162.5228729248047,162.9862636916134,160.551369868814,161.8909799307644,159378800
2015-09-25,162.4807891845703,164.2922109838275,161.60455686002012,163.98890177239065,155054800
2015-09-28,158.4029998779297,161.68885258680916,158.0912699794399,161.57932030640941,178515900
2015-09-29,158.49563598632812,159.8605338255233,157.49303020984766,158.62202231997662,159045600
2015-09-30,161.452880859375,161.62138309093592,159.60775121242682,160.3912923743384,163452000
2015-10-01,161.8741455078125,162.17745467193026,159.92791706134693,161.83201673526074,131079000
2015-10-02,164.29217529296875,164.31744998377295,159.33813020101724,159.8857784988645,211003300
2015-10-05,167.2157745361328,167.4432596637084,165.412773310527,165.5223055674891,126320800
2015-10-06,166.6428680419922,167.64547397022048,165.97727953193726,167.08098425766755,110274500
2015-10-07,168.00775146484375,168.36161008120195,166.38167309644905,167.5780559010597,124307300
2015-10-08,169.52426147460938,169.81071655219876,167.31683982944807,167.6201489868651,153055200
2015-10-09,169.6254119873047,170.10564413377404,168.99351878791342,169.66754077177745,107069200
2015-10-12,169.7854461669922,169.98764370646816,169.27150599433,169.70118862161289,56395600
2015-10-13,168.71543884277344,170.3246628429936,168.54693660611977,169.05244331608077,88038700
2015-10-14,167.90663146972656,169.23782116366917,167.61175573204258,168.65647744574315,99106200
2015-10-15,170.4847412109375,170.49316182304554,168.20149545181854,168.57220807891355,134142200
2015-10-16,171.25990295410156,171.27674418236762,170.12249010707063,170.88919023785743,114580100
2015-10-19,171.34413146972656,171.34413146972656,170.29940975639073,170.6111395765444,76523900
2015-10-20,171.12510681152344,171.740145935504,170.65329527225617,170.90605512712085,78448500
2015-10-21,170.0635223388672,171.6980085592884,169.89500720678905,171.5463603674976,102038000
2015-10-22,172.9365234375,173.14715450062192,170.06352550700083,171.01556917030004,174911700
2015-10-23,174.83218383789062,175.20289652528615,173.8127368034514,174.6131321843835,144442300
2015-10-26,174.4024658203125,174.71419558252975,174.0317532080023,174.65522558833268,69033000
2015-10-27,174.06546020507812,174.4024646562585,173.38300497920991,173.72844289800202,77905800
2015-10-28,176.0454559326172,176.07073063400924,173.73694749946822,174.4025360626277,135906700
2015-10-29,175.94435119628906,176.31506394541137,175.42199024392613,175.53994313174684,90525500
2015-10-30,175.18605041503906,176.45827018248963,175.02598161628677,176.13810687318698,131076900
2015-11-02,177.2586212158203,177.45239813329442,175.38821693509936,175.5146032467618,86270800
2015-11-03,177.7725830078125,178.32865199268358,176.67729911952327,176.90478422349733,95246100
2015-11-04,177.2333984375,178.19387555034388,176.6941834417964,178.06750205756163,96224500
2015-11-05,177.05645751953125,177.75575415626423,176.16338391422624,177.29236326976658,78408700
2015-11-06,176.96376037597656,177.1996789568263,175.63258358056132,176.71101342488367,110471500
2015-11-09,175.31243896484375,176.50040118504046,174.36038249471315,176.34874014234128,131008700
2015-11-10,175.71681213378906,175.7505202947695,174.5625583101937,174.83215931855398,75874600
2015-11-11,175.02597045898438,176.0369968615076,174.9585669846964,175.98644746976618,67846000
2015-11-12,172.58265686035156,174.4530616433617,172.5658156323239,173.98125014060224,121315200
2015-11-13,170.6448516845703,172.43943240622295,170.56060697521025,172.16983133801148,153577100
2015-11-16,173.23977661132812,173.2987594607436,170.34149206389392,170.45945776272492,117645200
2015-11-17,173.1134490966797,174.4362054109166,172.61636290210208,173.55156528208832,121123700
2015-11-18,175.86004638671875,176.00327393660766,173.55153865146576,173.59365457045294,121342500
2015-11-19,175.70840454101562,176.12966659320895,175.41351596212124,175.74209984859615,88220500
2015-11-20,176.3487548828125,177.03119749225422,175.9696215282227,176.4667077677049,94011500
2015-11-23,176.1465606689453,176.91324800753102,175.68316973514044,176.4077411436625,64931200
2015-11-24,176.3824005126953,176.78680842380527,174.747901933094,175.13545576493811,98874400
2015-11-25,176.357177734375,176.71103636774527,176.0959844245046,176.50882592471962,51980100
2015-11-27,176.55935668945312,176.76156711113978,175.96959236273963,176.44982443738556,37317800
2015-11-30,175.8263702392578,176.8373966671618,175.7168379838029,176.7194437981713,112822700
2015-12-01,177.5029754638672,177.62094118235112,176.18021928028742,176.458253782647,97858400
2015-12-02,175.69154357910156,177.77257906391392,175.43878378650427,177.45241580289755,108441300
2015-12-03,173.2313690185547,176.2138984745777,172.50679782724225,175.944297465848,166224200
2015-12-04,176.6099090576172,176.90479765389327,173.2313918280088,173.2313918280088,192913900
2015-12-07,175.53994750976562,176.7026223313096,174.57103682659456,176.2813601706007,102027100
2015-12-08,174.36036682128906,175.4893460745346,173.37461512800172,173.97281291926055,103372400
2015-12-09,173.00390625,175.81793383167454,172.02657514846928,173.7200569214092,162401500
2015-12-10,173.45046997070312,174.76480579481006,172.83543084396598,173.07133661465696,116128900
2015-12-11,170.08877563476562,171.9928755421941,169.7770329643682,171.32728713547687,211173300
2015-12-14,170.9481201171875,171.07450643490935,168.46267680608162,170.24883648722493,182385200
2015-12-15,172.7427520751953,173.65267984017308,170.9228965452398,172.4647175201271,154069600
2015-12-16,175.27027893066406,175.57358810608002,172.54892982028295,173.87168590758517,197017000
2015-12-17,172.5995330810547,175.64946701213313,172.58267899496616,175.5820635236799,173092500
2015-12-18,169.524658203125,171.99098546495205,169.36362381531808,171.85538913053546,251393500
2015-12-21,170.92303466796875,171.1010233879605,169.5839227019014,170.70267938206166,99094300
2015-12-22,172.4740753173828,172.77071894912382,170.82137791925118,171.81299635813016,111026200
2015-12-23,174.60986328125,174.65224278736596,173.38940592660356,173.48263566709488,110987200
2015-12-24,174.32168579101562,174.8725934911412,174.10133047041091,174.35559456797586,48539600
2015-12-28,173.9233856201172,173.9657522002466,172.8470080771526,173.62674196474214,65899900
2015-12-29,175.7794647216797,176.11000419116687,174.9912601915219,175.02515603836744,92640700
2015-12-30,174.53359985351562,175.61846104846506,174.3895198581298,175.53370202416215,63317700
2015-12-31,172.78768920898438,174.4997207918084,172.78768920898438,173.85559611533392,114877900
2016-01-04,170.37216186523438,170.38063259302376,168.31263696043297,169.92296757662837,222353500
2016-01-05,170.6603240966797,171.1179891192369,169.55005091810494,170.69421994070248,110845800
2016-01-06,168.50762939453125,169.55856897389745,167.4736312757007,168.10080155824824,152112600
2016-01-07,164.46481323242188,167.3379676138101,164.07493991579202,165.54966124512012,213436100
2016-01-08,162.6595458984375,165.99037807910338,162.37138598568188,165.43099970793693,209817200
2016-01-11,162.8206024169922,163.92240492263298,160.87974517273418,163.583381803446,187941300
2016-01-12,164.1343231201172,164.88863193264896,161.99852229548307,164.26993239555065,172330500
2016-01-13,160.0406494140625,165.15130403063185,159.6592597877707,164.80381024410508,221168900
2016-01-14,162.6680145263672,163.79524198132555,159.04903541205675,160.65088223070123,240795600
2016-01-15,159.1761474609375,159.98130616540774,157.2352906709026,158.29471342215467,324846400
2016-01-19,159.3880615234375,161.12551774367915,157.8116396603883,160.99839216295302,195244400
2016-01-20,157.3455047607422,158.91345603323416,153.42141061380045,156.82003507116355,286547800
2016-01-21,158.2269287109375,160.07455601390174,156.48947259392077,157.82011394437433,195772900
2016-01-22,161.47300720214844,161.67640812580294,160.0830448500717,160.84582417859346,168319600
2016-01-25,159.03213500976562,161.1594521414183,158.8372047618833,160.96452189353602,130371700
2016-01-26,161.2018585205078,161.48154784403425,159.35423035786036,159.69324066566645,141036800
2016-01-27,159.44741821289062,162.35446898867258,158.54054583268825,160.67634642111452,185681700
2016-01-28,160.2779998779297,161.2018137024103,158.62530245514085,160.99841274724287,143798800
2016-01-29,164.18515014648438,164.32075940274018,160.9306055908077,161.0492604569289,210529300
2016-02-01,164.1258544921875,164.9140721619875,162.59181160400766,163.17661534202395,136061600
2016-02-02,161.16795349121094,162.70199638522024,160.64247073187624,162.69352565435213,182564900
2016-02-03,162.1340789794922,162.5408937414218,158.57442071468972,162.22730870956022,205054900
2016-02-04,162.3883514404297,163.36301536040764,160.99838907735733,161.6340428336235,139531800
2016-02-05,159.29486083984375,162.44770514097527,158.65920695546097,161.87138516002568,180788300
2016-02-08,157.15057373046875,157.74384804344555,154.9300271880085,157.4472173531622,191526700
2016-02-09,157.1590118408203,158.43880287791833,155.26900516017471,155.40461438425527,184513100
2016-02-10,157.02345275878906,159.6253890838238,156.89631423143294,157.98964607760746,148214100
2016-02-11,154.98094177246094,156.03189451495322,153.48079451132313,154.5402179859428,219058900
2016-02-12,158.17605590820312,158.19299736060302,155.913130501803,156.76066868842807,127632400
2016-02-16,160.84584045410156,160.87126557213108,159.0236380224671,159.98983130481827,120250700
2016-02-17,163.47320556640625,163.84612451981164,161.88830001443336,162.01543852986296,136009500
2016-02-18,162.80368041992188,163.80378265499522,162.49009528814037,163.7444487476786,102343000
2016-02-19,162.72735595703125,162.87990664568497,161.4136689865215,162.023897605953,114793000
2016-02-22,165.08355712890625,165.22763712998835,164.24448931181553,164.31229394745625,103640300
2016-02-23,162.99859619140625,164.69367304231983,162.87992839672864,164.42245453861685,111455300
2016-02-24,163.7444305419922,164.02411979021895,160.45599005788205,161.56626338930866,150812200
2016-02-25,165.72764587402344,165.7361295343985,163.43082415156576,164.1936035055933,110728300
2016-02-26,165.3462371826172,166.69381992155488,165.1852028429188,166.60060312742172,129833700
2016-02-29,164.04957580566406,166.31250240486898,163.85464554106497,165.36326327386823,125918100
2016-03-01,167.90582275390625,167.9905817617275,164.8038292943359,165.27844870035366,141799700
2016-03-02,168.66017150878906,168.7110217526209,167.17697904577207,167.59227759108515,102415000
2016-03-03,169.32119750976562,169.33815189653654,167.90581012597994,168.48212995211202,95172200
2016-03-04,169.87213134765625,170.65187812981827,168.68558264855903,169.51616673792708,129293600
2016-03-07,170.00772094726562,170.41454868197394,168.87202261912603,168.94829796973033,100219000
2016-03-08,168.151611328125,169.43987330142576,167.99058989732075,168.931358027098,123974900
2016-03-09,168.98219299316406,169.32967387288193,168.1770212498452,168.96523860582883,94801200
2016-03-10,169.11781311035156,170.4145588097372,167.2871399250045,169.47379063247948,156838700
2016-03-11,171.84690856933594,171.8892880825358,169.10089199478227,170.57560076780948,137964500
2016-03-14,171.6265411376953,172.08420622380174,171.0078416721999,171.33838116005754,73612000
2016-03-15,171.34683227539062,171.65194660867266,170.3975934306951,170.6603282586084,93169100
2016-03-16,172.3384552001953,172.74528294364353,170.82136715403325,170.863746660527,129303200
2016-03-17,173.43179321289062,173.94030851186565,171.85537121448877,172.25371531151146,134278500
2016-03-18,174.11331176757812,174.45407045404377,173.61920257282546,173.93440500776174,138372400
2016-03-21,174.3603515625,174.59037081442185,173.61919430521965,173.8492135571415,72926700
2016-03-22,174.26663208007812,174.83740997309445,173.42324986461207,173.58510177528976,97471900
2016-03-23,173.11660766601562,174.07074254561834,172.94621529541845,173.8833213372517,81052500
2016-03-24,173.03988647460938,173.0739701406084,171.8642599798402,172.08575181239442,84360900
2016-03-28,173.14215087890625,173.67033079045362,172.69063972888446,173.45735334236363,62408200
2016-03-29,174.7437286376953,174.85448106800217,172.42653301308934,172.73322105161398,92922900
2016-03-30,175.51043701171875,176.2345524447843,175.14410908748897,175.7489706836827,86365300
2016-03-31,175.08448791503906,175.84268703990244,174.92262298965633,175.4167321832576,94584100
2016-04-01,176.27713012695312,176.46455127596312,173.77251386209994,174.08772924858516,114423500
2016-04-04,175.7063751220703,176.40494731364376,175.39968711098373,176.20048430654924,63497000
2016-04-05,173.95147705078125,175.71492370810827,173.69590149199263,174.3603901453753,99662200
2016-04-06,175.85118103027344,175.91082094284897,173.7725194914488,173.9514262300663,91839800
2016-04-07,173.74696350097656,175.11853850205043,173.01432071159965,174.76073802339323,113859000
2016-04-08,174.21554565429688,175.36562902818736,173.6788383465998,174.93114673181876,95040600
2016-04-11,173.80661010742188,175.5530274864749,173.71289952613287,174.85445533520982,83757500
2016-04-12,175.42523193359375,175.7063636753675,173.5339914882865,173.9769881419096,115350600
2016-04-13,177.1972198486328,177.2824160193581,176.2090014643058,176.34531013782208,96336400
2016-04-14,177.20574951171875,177.70838616366478,176.85647637956114,177.25687501801877,65212900
2016-04-15,177.00982666015625,177.3420709799407,176.68609675914638,177.20576228487204,75761600
2016-04-18,178.25360107421875,178.28767174466802,176.3453185512785,177.00980711748485,82531000
2016-04-19,178.8157958984375,179.0713713440399,177.99797007143843,178.6795002600091,88316100
2016-04-20,178.98626708984375,179.68482641669232,178.3814053686061,178.85847281115883,81100300
2016-04-21,178.02359008789062,179.11403358058067,177.75097271516222,179.0032811480208,85695000
2016-04-22,178.02359008789062,178.29619446150724,177.1205677891734,177.66578953551843,99251700
2016-04-25,177.7169189453125,177.75951703874168,176.80536914255757,177.41874529042127,66166500
2016-04-26,177.98098754882812,178.49213861035878,177.50392015759232,178.08321256148966,75864200
2016-04-27,178.3472900390625,178.7391611977084,177.23980489665044,177.5976053889787,77329400
2016-04-28,176.72865295410156,178.6965621508387,176.31122554819342,177.58909001351464,97216200
2016-04-29,175.7745361328125,176.45606651656496,174.66705088410362,176.1067804075141,142424100
2016-05-02,177.17169189453125,177.35058568287192,175.8427146132642,176.27718395548993,62188000
2016-05-03,175.62965393066406,176.17487545435017,174.8799694609307,175.93634185018166,106422100
2016-05-04,174.64996337890625,175.36557724422477,174.14733988947998,174.63293454812086,92243800
2016-05-05,174.61595153808594,175.47637575045397,174.18999664103234,175.11857519682238,67619200
2016-05-06,175.25486755371094,175.29746563926946,173.68735679839853,173.8406943074764,89315000
2016-05-09,175.3997039794922,175.83417328735254,174.94819283629073,175.12709960959302,74374900
2016-05-10,177.58058166503906,177.59762349949054,176.03862712451112,176.106781463206,77472200
2016-05-11,175.91940307617188,177.65729363876696,175.91940307617188,177.12059921454232,81727000
2016-05-12,175.970458984375,176.76274173534193,174.95668439935457,176.5923494024132,89586300
2016-05-13,174.43702697753906,176.22604256241553,174.1133101281779,175.672306452345,96474600
2016-05-16,176.1579132080078,176.63498063186802,174.54780415292345,174.60744408046216,77486800
2016-05-17,174.51368713378906,176.1749082575288,173.9854943412626,175.88526211269397,114924900
2016-05-18,174.56483459472656,175.7489886584826,173.47439112590567,174.16443596174108,120062100
2016-05-19,173.95993041992188,174.24957655198068,172.7502203985806,173.84066360089128,115430500
2016-05-20,175.05892944335938,175.57859488183973,174.52222217107837,174.5733346733698,104990400
2016-05-23,174.82041931152344,175.35711365697637,174.63299811180585,175.07598185739997,58682600
2016-05-24,177.0865020751953,177.40171756926543,175.6127016268804,175.63825788327622,93537800
2016-05-25,178.2876739501953,178.70511441325252,177.0864780659969,177.76800847541446,76621400
2016-05-26,178.33877563476562,178.65399106697245,178.0235732016694,178.42397180544003,55280700
2016-05-27,179.1055450439453,179.11405946340653,178.449570770249,178.50068328524364,64211200
2016-05-31,178.76475524902344,179.48888380271666,178.2024916425637,179.37813136532273,109879400
2016-06-01,179.1310577392578,179.30995149823454,177.95541818382588,178.15135377669438,69936200
2016-06-02,179.67625427246094,179.6932831048577,178.2535668208089,178.73063411009238,63044700
2016-06-03,179.13958740234375,179.4888735317431,177.9298770752863,179.1140311488864,101757100
2016-06-06,180.05120849609375,180.40900918547587,179.33559411821275,179.49745912036303,64887000
2016-06-07,180.3321990966797,180.89446249387444,180.17886162423068,180.20441786963883,60974800
2016-06-08,180.92007446289062,181.0478687283998,180.340782056406,180.46856332280362,66170900
2016-06-09,180.67300415039062,180.79227098407895,179.91480506499127,180.18740939951746,73786900
2016-06-10,178.9606475830078,179.63365041607935,178.41541298523768,179.2928917915813,113829200
2016-06-13,177.58058166503906,179.21624679638361,177.49539849100367,178.35582264369364,117751200
2016-06-14,177.23133850097656,177.82768585928733,176.27720352626193,177.19726782292852,125059300
2016-06-15,176.9842529296875,178.35582816549694,176.7968317422518,177.2313010408829,109124500
2016-06-16,177.51239013671875,177.6827824473135,175.14408260946362,176.984210371378,149533100
2016-06-17,176.85134887695312,177.43365383264984,176.1919633868866,177.40796467676395,117055700
2016-06-20,177.990234375,179.49738773353502,177.90459516748987,178.82088503435577,82789600
2016-06-21,178.4955291748047,178.90656875638794,177.93034158343227,178.37564208572988,72461700
2016-06-22,178.204345703125,179.4032163854606,178.0587564154674,178.67532221401441,95560500
2016-06-23,180.52505493164062,180.5764332471206,179.20629692303993,179.66871482907283,102731400
2016-06-24,174.04254150390625,180.55928924684218,173.59724105750848,174.37651357202682,333444400
2016-06-27,170.92547607421875,172.63815614283132,170.11194258825824,172.62958437979262,230775800
2016-06-28,174.00823974609375,174.03392889401883,172.22705144527566,172.5353342870847,159382400
2016-06-29,176.97125244140625,177.20245486591145,175.30995051693523,175.41270715004865,137328600
2016-06-30,179.3860626220703,179.43744092082238,176.88555190470308,177.44218063017078,165021900
2016-07-01,179.76290893554688,180.2510290556398,179.22341050106792,179.38611720776555,106055300
2016-07-05,178.4698486328125,179.04359494870334,177.87041315850217,178.93226655107665,109803700
2016-07-06,179.5402374267578,179.66012449733896,177.3137483254387,177.97313374699033,96021500
2016-07-07,179.42889404296875,180.38799052739222,178.65819337751554,179.72004646621022,85593800
2016-07-08,182.1007080078125,182.3490539418561,180.4993562815728,180.7305717557863,133971000
2016-07-11,182.74293518066406,183.31669443041378,182.3575848268866,182.56311111336606,73633900
2016-07-12,184.0703125,184.3700367789752,182.7686718142335,183.71065120525802,101275600
2016-07-13,184.04457092285156,184.4984300274317,183.55646397140364,184.48987133239228,87324100
2016-07-14,185.07220458984375,185.5431942234719,184.6782954902362,185.31197875483406,91230900
2016-07-15,184.82386779785156,185.83434274786217,184.37856732946315,185.63738820224702,107155400
2016-07-18,185.32054138183594,185.48324807149643,184.68684508176648,184.94374969350878,58725900
2016-07-19,185.1321258544922,185.16637370128464,184.65257759913803,184.90091042183573,54345700
2016-07-20,185.90283203125,186.1426061660082,185.13213132191436,185.13213132191436,58159500
2016-07-21,185.20066833496094,186.01418877817954,184.75536784532173,185.7915450667161,67777300
2016-07-22,186.03125,186.08262829377608,185.0550232181322,185.32048644711355,62787500
2016-07-25,185.52606201171875,185.8771645595355,184.94375706415994,185.82578624848168,55873100
2016-07-26,185.6116943359375,185.97135556664537,184.7639130349545,185.4232984912746,70080500
2016-07-27,185.4147491455078,186.057004175598,184.6440352693724,185.98849540438292,84083900
2016-07-28,185.62879943847656,185.91995186165403,184.75532910223458,185.21774688806295,65035700
2016-07-29,185.92857360839844,186.28823491194626,185.08080520243362,185.3633990266599,79519400
2016-08-01,185.7743682861328,186.38236225944954,185.32050921307925,185.9884532476377,73311400
2016-08-02,184.58409118652344,185.68020535052852,183.74488163805017,185.5260573545248,92295500
2016-08-03,185.12359619140625,185.18354627031363,184.22444954149876,184.52416073589694,53993600
2016-08-04,185.32054138183594,185.637382998515,183.4708438573451,185.23490215568475,46585500
2016-08-05,186.83627319335938,186.87909281088778,185.3205606532134,185.3205606532134,71892200
2016-08-08,186.72494506835938,187.12742592545445,186.4594817512779,187.02465623708832,39906500
2016-08-09,186.83627319335938,187.33295200992077,186.51087284691155,186.79346664254368,51251700
2016-08-10,186.37384033203125,187.0246540393805,186.0227377898891,186.94758657404537,57941100
2016-08-11,187.2387237548828,187.48706965630043,186.6392884067015,186.90475169898818,72504300
2016-08-12,187.07601928710938,187.2901042609464,186.67353849095895,186.93043000619554,61313500
2016-08-15,187.6155242919922,187.96662682206687,187.43570021239086,187.44425890823004,49813500
2016-08-16,186.64791870117188,187.2644716335717,186.64791870117188,187.19597591519425,53213600
2016-08-17,186.99896240234375,187.13597993892873,185.84291123752573,186.68212078236357,75134300
2016-08-18,187.41854858398438,187.4527964301838,186.86193288295257,186.9732481831331,52989300
2016-08-19,187.1445770263672,187.32441421336625,186.45951533632964,186.9476224438171,75443000
2016-08-22,187.13600158691406,187.36721707330938,186.53656612840118,186.90478610051875,61368800
2016-08-23,187.5127410888672,188.05223938460165,187.4527910263592,187.75251520548042,53399200
2016-08-24,186.55369567871094,187.4614140924167,186.13408432644323,187.3672161589163,71728900
2016-08-25,186.42520141601562,186.84481268858622,186.01416190549799,186.16829682192568,69224800
2016-08-26,186.07411193847656,187.6412156987997,185.18352409219543,186.6136103171795,122506300
2016-08-29,186.99041748046875,187.2558808104621,186.1683252671132,186.20258618713893,70502200
2016-08-30,186.6821746826172,187.18741229459977,186.12555874625878,186.9048184438175,58114500
2016-08-31,186.1511688232422,186.46801040009504,185.37189639003745,186.34812333857965,85269500
2016-09-01,186.15975952148438,186.45091199711624,184.99513655224501,186.14262906212016,97844200
2016-09-02,186.99896240234375,187.42713240413818,186.42521616794463,187.01609286109473,79293900
2016-09-06,187.56417846679688,187.64124594283007,186.56226207822485,187.28158465462832,56702100
2016-09-07,187.5470428466797,187.72688001919062,186.93904868574583,187.401466595939,76554900
2016-09-08,187.1188201904297,187.48705312902328,186.81053731472485,187.2130180987481,74102900
2016-09-09,182.6401824951172,185.851457290113,182.61449334209408,185.80007898406674,221589100
2016-09-12,185.2605743408203,185.66305514678442,181.80952552375706,181.87803428506055,168110900
2016-09-13,182.597412109375,184.24158367964563,181.97228743943944,183.97612031570236,182828800
2016-09-14,182.52883911132812,183.85616853078741,181.97222341931754,182.64872617114776,134185500
2016-09-15,184.3529052734375,184.73825572514238,182.1863657530625,182.36620293277204,134427900
2016-09-16,183.6401824951172,183.91560174226592,182.9516606426704,183.7348562197355,155236400
2016-09-19,183.67469787597656,184.93987769630706,183.3476406582067,184.2943783240045,80250500
2016-09-20,183.68328857421875,184.69026595750765,183.6488677215302,184.53535242133285,69665300
2016-09-21,185.7488555908203,185.92958801200876,183.7004672659193,184.38900237059076,110284400
2016-09-22,186.91932678222656,187.22056495998302,186.51482607976442,186.76441329609807,76678700
2016-09-23,185.8951873779297,186.66117931782145,185.80051362658503,186.5234696553717,73630900
2016-09-26,184.38905334472656,185.24110411702154,184.19109074698343,185.06037164586982,89827300
2016-09-27,185.53372192382812,185.6283825488649,183.85541320612575,184.22550630742447,78494800
2016-09-28,186.45460510253906,186.6095317478963,184.79352670876403,185.7574680302204,87411000
2016-09-29,184.76771545410156,186.65257553302212,184.21688990373949,186.24806158308405,128070600
2016-09-30,186.16200256347656,186.8677416426851,185.35297466501245,185.60256195171965,117202900
2016-10-03,185.7144012451172,185.93816954819073,185.07750404492012,185.7488352195675,83512100
2016-10-04,184.76771545410156,186.05011213930064,184.17386712275135,185.82634377383752,119948100
2016-10-05,185.58529663085938,186.01562935920975,185.32709436730661,185.3959491797682,72816000
2016-10-06,185.7144012451172,185.93816954819073,184.81931490010962,185.36152523692502,62927400
2016-10-07,185.07752990722656,186.16197699782222,184.34597200684834,185.98984649965766,89788300
2016-10-10,186.04148864746094,186.50624231654774,185.89517706399442,186.04148864746094,51855000
2016-10-11,183.6918487548828,185.67999727961765,182.96029089024037,185.61114245717226,130367400
2016-10-12,183.93287658691406,184.45788320081567,183.33040007743736,183.82958777038615,73866100
2016-10-13,183.33041381835938,183.8296015487231,181.7812259142098,182.59885578200377,101357000
2016-10-14,183.42506408691406,184.77631549766696,183.3476073281707,184.31154867977494,93346200
2016-10-17,182.78819274902344,183.6574604123934,182.60744716652792,183.39925806570704,58275700
2016-10-18,183.93287658691406,184.44926813868696,183.55418156931728,184.3890283673693,76869700
2016-10-19,184.42344665527344,184.73328683511878,183.8382002781858,184.1996782992193,66519200
2016-10-20,184.07916259765625,184.63858998416669,183.41644640897425,184.07054753672497,73639800
2016-10-21,184.16526794433594,184.25133977916985,183.11525459640927,184.07920924222017,89089100
2016-10-24,184.94842529296875,185.31851832004375,184.59554925459165,185.04309903173544,60146600
2016-10-25,184.32876586914062,185.0259029640143,184.16523728980658,184.7677006352088,66542300
2016-10-26,183.95867919921875,184.5439255325537,183.26152899714793,183.50252745920315,75705500
2016-10-27,183.4680938720703,184.71605643011975,183.39063711591282,184.68163558273272,77220200
2016-10-28,182.92587280273438,184.12219753962472,182.21153186482982,183.4422774495756,140623200
2016-10-31,182.93450927734375,183.48533483651642,182.77098068227858,183.26155333475683,61272500
2016-11-01,181.60902404785156,183.3131512086123,180.39549566288449,183.2615002466722,122781800
2016-11-02,180.51602172851562,181.68652756097123,180.07707383339738,181.2992175046396,103330800
2016-11-03,179.6897430419922,180.94632045739735,179.41433690946644,180.7311540811968,88939300
2016-11-04,179.4918212890625,180.64511009121594,179.3455097066444,179.80166144380533,109122100
2016-11-07,183.4508819580078,183.48531593906313,179.4918277631779,179.4918277631779,109794900
2016-11-08,184.27713012695312,184.84517263024625,182.78818217079038,183.05498643159638,106772100
2016-11-09,186.23085021972656,186.85053058050391,182.75375340284077,182.77957232348012,258429000
2016-11-10,186.69561767578125,187.89194257348507,185.23248849000728,187.0226748715924,172113300
2016-11-11,186.26527404785156,186.5062593994829,185.31854963293324,185.9726508541159,100552700
2016-11-14,186.4115447998047,186.99680419175564,185.6627699879237,186.79023973588227,94580000
2016-11-15,187.86610412597656,187.86610412597656,186.59232259303374,186.79887395189596,91652600
2016-11-16,187.5132293701172,187.74561278319638,187.125932436796,187.24642510788962,65617700
2016-11-17,188.4771728515625,188.53741261722908,187.5562543149149,187.66814505035836,69797200
2016-11-18,188.0554656982422,188.71818200051806,187.8747201129971,188.54605147768095,86265800
2016-11-21,189.47555541992188,189.50137434123363,188.4857950823933,188.63210668073216,72402600
2016-11-22,189.84559631347656,190.02632871296478,189.11402539021756,189.78534342517167,67429000
2016-11-23,189.9489288330078,190.0005666768912,189.1312989951807,189.32924844097278,56620200
2016-11-25,190.65467834472656,190.68909919592076,190.2157304125195,190.29320030996112,37872300
2016-11-28,189.75958251953125,190.62024827695456,189.65630683110996,190.34484206359207,76572500
2016-11-29,190.12965393066406,190.58580567943466,189.49275661506186,189.79399484887597,69886700
2016-11-30,189.67349243164062,190.91285301844545,189.61323953488883,190.74932445036495,113291800
2016-12-01,188.9763641357422,189.97472631448642,188.61487300392184,189.97472631448642,79040500
2016-12-02,189.0710906982422,189.5616765963175,188.7096125730542,189.06248876647115,74840300
2016-12-05,190.2071075439453,190.5513685488572,189.70791989392222,189.90586931511078,67837800
2016-12-06,190.80958557128906,190.84401955406278,189.91449900992004,190.39646970702,59877400
2016-12-07,193.3054962158203,193.36573597793688,190.53415197330642,190.6546446302542,110738100
2016-12-08,193.77886962890625,194.25223837219423,193.01287771075508,193.27969509894712,99714400
2016-12-09,194.94943237304688,194.96664936856968,193.96827375176193,194.00270774280756,88005800
2016-12-12,194.7256317138672,195.33671019288985,194.30390075607875,194.85472632710983,102016100
2016-12-13,196.0252227783203,196.52441047978874,195.3711215484911,195.3883385403257,110477500
2016-12-14,194.40716552734375,196.42972196998025,193.96821763119038,195.72398295037203,142501800
2016-12-15,195.2075958251953,196.06826157153114,194.41578491449238,194.64816834316386,124972600
2016-12-16,194.82582092285156,195.72619652086163,194.50550184804672,195.66558847421018,156420200
2016-12-19,195.24998474121094,195.6742013225138,194.86040509436378,195.0075790405007,90341100
2016-12-20,196.00315856933594,196.15034571480192,195.5529841353753,195.78672398027524,89838800
2016-12-21,195.45779418945312,196.04649005674287,195.45779418945312,195.87334499048833,67909000
2016-12-22,195.1201629638672,195.4318293772006,194.72191740956032,195.31062650591105,56219100
2016-12-23,195.40582275390625,195.41447538238174,194.97295354797507,195.16340384527456,36697800
2016-12-27,195.8906707763672,196.2889031226138,195.65691766262628,195.67423613293508,42672500
2016-12-28,194.27174377441406,196.16771349248134,194.15920673511602,196.15040823112668,64095000
2016-12-29,194.22842407226562,194.69591701686926,193.78688901390194,194.34096108645304,48696100
2016-12-30,193.51852416992188,194.64398685218566,192.8259307339041,194.55740771888804,108998300
2017-01-03,194.9989776611328,195.50976029257782,193.82157257247454,194.82581936358508,91366500
2017-01-04,196.15902709960938,196.30620105653207,195.3192597141345,195.32791234332257,78744400
2017-01-05,196.00315856933594,196.15899834272153,195.20668086680678,195.89062156590526,78379000
2017-01-06,196.70443725585938,197.1719302021734,195.5703088001274,196.11572824592733,71559900
2017-01-09,196.0551300048828,196.58323097379537,196.0204930701331,196.44470965503663,46939700
2017-01-10,196.0551300048828,196.91220259319724,195.66553714460895,196.07243526213762,63771900
2017-01-11,196.6092529296875,196.6092529296875,195.30197911217496,195.96860157229153,74650000
2017-01-12,196.11575317382812,196.30621671212265,194.7565505161322,196.0897820740718,72113200
2017-01-13,196.56593322753906,196.86893378287968,196.2542668325375,196.28889056081704,62717900
2017-01-17,195.8733673095703,196.33220773198286,195.48378756357593,195.92530951435313,61240800
2017-01-18,196.3061981201172,196.34948768565184,195.5703151363904,196.12438722891997,54793300
2017-01-19,195.5790252685547,196.52267724436444,195.1461559354173,196.38415588733082,66608800
2017-01-20,196.29759216308594,196.7910563391697,195.63096968369322,196.26295521837463,129168600
2017-01-23,195.78677368164062,196.35816431223958,195.024932717631,196.29756948118217,75061600
2017-01-24,197.04208374023438,197.45763451266137,195.8906499742346,196.00318699398554,95555300
2017-01-25,198.7476043701172,198.7476043701172,197.82991041474384,197.99440285212322,84437700
2017-01-26,198.53981018066406,198.86879503523576,198.26276752205186,198.6004050059098,59970700
2017-01-27,198.22813415527344,198.7648877675818,198.04632326813524,198.61771381614628,59711100
2017-01-30,196.9988250732422,197.56154989062253,196.01188357760145,197.53557878890484,79737300
2017-01-31,196.9814910888672,197.0420991281839,195.93395484175775,196.50533224467114,75880800
2017-02-01,197.05938720703125,197.89915458354585,196.47069138562182,196.9814739148072,79117700
2017-02-02,197.18930053710938,197.4749958833842,196.36685144274935,197.05943181055332,69657600
2017-02-03,198.54844665527344,198.73025753646,197.78660582631838,198.09827218683816,80563200
2017-02-06,198.1934814453125,198.5397847241752,197.85584400474593,198.14153925601292,57790100
2017-02-07,198.20216369628906,198.8254964397394,198.01170017967254,198.5830907295221,57931200
2017-02-08,198.46192932128906,198.5917848324101,197.65678552196894,198.20220508892376,51566200
2017-02-09,199.63926696777344,199.9422674614303,198.46186229413942,198.46186229413942,65955200
2017-02-10,200.42713928222656,200.6522397735495,199.65663245374103,199.98561735021443,66015900
2017-02-13,201.5179443359375,201.77766851506317,200.8946115900841,200.92058268698463,55182100
2017-02-14,202.32308959960938,202.33175543929215,200.98985809048764,201.33614821464042,71109000
2017-02-15,203.37925720214844,203.56972070120736,202.05467854695107,202.10662073576364,86785800
2017-02-16,203.20616149902344,203.58708858961378,202.45297315816137,203.4052776745148,84722400
2017-02-17,203.52647399902344,203.52647399902344,202.5222141034397,202.5395325733972,77204100
2017-02-21,204.73854064941406,204.91168573955034,203.89010725053618,203.89877309162333,88946100
2017-02-22,204.55670166015625,204.78178892544693,204.16712195825545,204.33161439486557,62115200
2017-02-23,204.69520568847656,205.09343798647993,203.9333516086501,205.0761327283898,74615900
2017-02-24,204.9549560546875,204.99823241556211,203.80352215880401,203.846811729801,82381600
2017-02-27,205.2752685546875,205.4484136230307,204.6173120109346,204.86837037851393,56515400
2017-02-28,204.7212371826172,205.1367880714272,204.331657398725,204.89438228544432,96961900
2017-03-01,207.58677673339844,208.05428292165232,206.36608227643924,206.38340074529486,149158200
2017-03-02,206.27952575683594,207.40498850158158,206.22758355802213,207.3963226616981,70246000
2017-03-03,206.4093780517578,206.57387048553088,205.8120163544226,206.19294341997673,81974300
2017-03-06,205.79469299316406,206.14963571837134,205.18866550938688,205.61288210600682,55391500
2017-03-07,205.17999267578125,205.84661491621947,204.97221071236544,205.49165901584544,65103700
2017-03-08,204.799072265625,205.73407131587817,204.6605509522276,205.4743471557879,78168800
2017-03-09,205.05882263183594,205.38780749066854,204.08919973437727,204.9203013007358,90683900
2017-03-10,205.7773895263672,206.06308482122967,204.8250718768257,206.01979525350114,81991700
2017-03-13,205.8813018798828,205.9245914534901,205.3878377291044,205.71680942624894,57256800
2017-03-14,205.09347534179688,205.3878365145119,204.47880831462683,205.3358811004165,59880800
2017-03-15,206.86822509765625,207.29244174529617,205.43109592577116,205.66484903448065,96081800
2017-03-16,206.46128845214844,207.08462115248665,206.13231684538962,207.00670786747426,78344000
2017-03-17,206.09869384765625,206.91603037208424,206.09869384765625,206.7247382805122,89002100
2017-03-20,205.87269592285156,206.38570067207806,205.48142133899393,206.09876243922434,52537000
2017-03-21,203.2293701171875,206.60305326782938,203.0989496933602,206.4813231163934,131809300
2017-03-22,203.70758056640625,203.99451873840943,202.63809339264185,203.2641379010869,97569200
2017-03-23,203.49020385742188,204.6292530034348,203.11632316815843,203.70758005376297,100410300
2017-03-24,203.34242248535156,204.3684319293869,202.5598733591413,203.7945687617091,112504900
2017-03-27,203.13375854492188,203.39461270446392,201.38605823089944,201.66429293817558,87454500
2017-03-28,204.61184692382812,205.03789572422602,202.71631982915798,202.82935968277627,93483900
2017-03-29,204.80319213867188,205.03796219245166,204.09889524492522,204.32497502545124,61950400
2017-03-30,205.455322265625,205.6553179601674,204.568436754322,204.7423350937387,56737900
2017-03-31,204.97711181640625,205.64662110831728,204.9249303720504,205.11622253190876,73733100
2017-04-03,204.62057495117188,205.22922568375552,203.38587967433335,205.02924328610464,85546500
2017-04-04,204.75099182128906,204.83794761054727,203.95104897695813,204.33363322154915,56466200
2017-04-05,204.14234924316406,206.4117574503944,203.93366330117362,205.42921271646054,108800600
2017-04-06,204.7162322998047,205.23792727038372,203.83802387447042,204.281479857193,69135800
2017-04-07,204.50755310058594,205.20315968524076,204.02063247160518,204.4640752013715,74412300
2017-04-10,204.62928771972656,205.42923066586496,204.09888917996614,204.64668153331002,67615300
2017-04-11,204.38577270507812,204.49010902347314,202.89022355933523,204.2466487688256,88045300
2017-04-12,203.49020385742188,204.2988502069576,203.26413738955958,204.10755809277023,81864400
2017-04-13,202.1686248779297,203.89025451883265,202.1686248779297,203.15116988098688,92880400
2017-04-17,203.95977783203125,203.95977783203125,202.49031237727522,202.69029479628222,68405400
2017-04-18,203.3511199951172,203.89022209028013,202.66421691700648,203.22069955863816,83225800
2017-04-19,202.97720336914062,204.29015084555806,202.75112362906492,203.9162701486488,68699900
2017-04-20,204.62928771972656,205.0727437267544,203.27286214724873,203.59457472678474,92572200
2017-04-21,203.97715759277344,204.6032022014737,203.5771927562991,204.55103402868073,110389800
2017-04-24,206.2205352783203,206.42922129110502,203.9511263012201,206.22922555350462,119209900
2017-04-25,207.42041015625,207.7682068320303,206.7769717117044,206.86392751444583,76698300
2017-04-26,207.2899932861328,208.27253821301403,207.24652864882506,207.38563936987873,84702500
2017-04-27,207.4639129638672,207.76823177481054,206.9248108038174,207.61172723219872,57410300
2017-04-28,207.01168823242188,207.75075929423164,206.88125456203946,207.724675213673,63532800
2017-05-01,207.5334014892578,207.95946362209395,207.11604289577147,207.5334014892578,66882500
2017-05-02,207.6116943359375,207.7942829400533,207.20302596041245,207.67255278144538,57375700
2017-05-03,207.3594970703125,207.70730694429366,206.68128440053687,207.6116608873976,73137700
2017-05-04,207.60296630859375,207.7420902641909,206.75085529884487,207.663838014514,61462700
2017-05-05,208.42031860351562,208.43771241616818,207.53341990451747,207.97687588781238,62001300
2017-05-08,208.3855438232422,208.61161031690062,207.95948165346383,208.4637960786326,48385700
2017-05-09,208.1942596435547,208.84638833191315,207.84644971587488,208.64640591574235,51363200
2017-05-10,208.56814575195312,208.56814575195312,207.9421011336263,208.1507870955994,54293800
2017-05-11,208.14212036132812,208.30732844145783,207.0552390632054,208.1160362715807,62358300
2017-05-12,207.7943115234375,208.18558613938586,207.52476708284183,207.88995760889992,53912700
2017-05-15,208.94200134277344,209.06373148130203,208.20291697254197,208.22031078307177,61918900
2017-05-16,208.75071716308594,209.26372181869624,208.35944265063046,209.23763773570525,51241800
2017-05-17,205.04666137695312,208.75074764606234,204.98578966269162,208.75074764606234,172174100
2017-05-18,205.87269592285156,206.72480708043372,204.70754917707174,204.96840332217448,107047700
2017-05-19,207.21165466308594,207.88117697028602,206.30737564892038,206.35954380602382,115011400
2017-05-22,208.2637939453125,208.42900198055088,207.65514323726882,207.7246919459678,61010600
2017-05-23,208.72463989257812,208.88984793530696,208.25509984823398,208.63768410137635,48341700
2017-05-24,209.2115478515625,209.3158841806334,208.62027769578378,208.9593973004445,46927700
2017-05-25,210.2115020751953,210.48975001458788,209.5159087618979,209.7245814488503,64071700
2017-05-26,210.1680450439453,210.33323983789248,209.9419652681153,210.02021752855225,46629900
2017-05-30,209.98548889160156,210.23763954155552,209.68986033162923,209.84636488658091,35201900
2017-05-31,209.9332733154297,210.31585760907262,209.23766671495093,210.2810699818729,91796000
2017-06-01,211.6027069091797,211.62010072160516,210.10715746278314,210.39409566364205,68962000
2017-06-02,212.30697631835938,212.46349407479352,211.35921931122894,211.6548477463282,88666100
2017-06-05,212.15052795410156,212.42007237903493,211.95053225310502,212.1331341393207,44698800
2017-06-06,211.47235107421875,212.14186047978396,211.3940855281954,211.58537772052705,50375400
2017-06-07,211.8636016845703,212.08966821912088,211.1419109077127,211.81143350487358,54144300
2017-06-08,211.9679412841797,212.44617171803355,211.4375426698316,211.95925100996206,65950700
2017-06-09,211.6461944580078,213.03739436088486,210.37671144488533,212.23745143152235,132256400
2017-06-12,211.6027069091797,211.65487507886468,210.75059584661142,211.40272450285673,86108100
2017-06-13,212.63742065429688,212.6895888241833,211.7939998608889,212.14179650519276,60067000
2017-06-14,212.3678741455078,212.91565319144027,211.5418339052444,212.90696291907645,78602300
2017-06-15,211.959228515625,212.08095867972415,210.73322333374514,211.01145802271776,66464900
2017-06-16,212.00550842285156,212.17152212336774,211.12303068025076,212.11909955105568,84553100
2017-06-19,213.77052307128906,213.83167830800036,212.73949670970305,212.835609223645,65123800
2017-06-20,212.32884216308594,213.421023796366,212.3113768562061,213.41229114292608,56906400
2017-06-21,212.2763671875,212.8355635124365,211.8045507045785,212.72198571656747,55977600
2017-06-22,212.18031311035156,212.78319952227844,212.0055667105036,212.2851716160969,44148100
2017-06-23,212.4336700439453,212.76568414664246,211.85699502494913,212.24144503761326,66986800
2017-06-26,212.5734405517578,213.52583284795475,212.36375025939995,213.1064255986545,56700500
2017-06-27,210.86090087890625,212.65208095191173,210.84342224433726,212.35499749340605,82247700
2017-06-28,212.7482147216797,212.94917237630065,211.64728728268415,211.88320220993936,70042600
2017-06-29,210.87838745117188,212.94915909376837,209.66388228260166,212.89673652037996,106949700
2017-06-30,211.27162170410156,212.06673314754255,211.07939666651592,211.69101572597222,86820700
2017-07-03,211.62979125976562,212.6520713530927,211.62979125976562,212.2151988346303,39153800
2017-07-05,212.11911010742188,212.32880040710555,211.18419641368985,211.99678632184217,54427600
2017-07-06,210.1793975830078,211.47253666633034,209.99590523609857,211.35021287915515,65400800
2017-07-07,211.5424346923828,211.69096976512364,210.1881270697201,210.75606940556844,57972300
2017-07-10,211.76966857910156,212.14538603433488,211.23668335118694,211.54249957446297,36663300
2017-07-11,211.61233520507812,211.92688398522515,210.44151993042246,211.76960292900532,50354600
2017-07-12,213.20254516601562,213.36855887450096,212.5821935874882,212.5821935874882,59610400
2017-07-13,213.56077575683594,213.67436688617724,212.98410079104607,213.21128304972873,39471600
2017-07-14,214.55685424804688,214.9150929548679,213.46467282405064,213.56078532265403,60262700
2017-07-17,214.53065490722656,214.86268234494503,214.35590853611444,214.47823232912228,33531900
2017-07-18,214.6442413330078,214.69666390996053,213.77922881640785,214.11998889889392,42742500
2017-07-19,215.80633544921875,215.8150681017428,214.95005553928004,214.95880152409805,51034300
2017-07-20,215.90243530273438,216.18202682235125,215.35197158321972,216.05970303271388,47135200
2017-07-21,215.71023559570312,215.73644688710675,215.09860324349924,215.3257855453903,82340800
2017-07-24,215.65780639648438,215.79759550225006,215.18597650110547,215.6315817735906,46622300
2017-07-25,216.18202209472656,216.5140495160354,215.9548531567374,216.4091910327157,54915600
2017-07-26,216.1907196044922,216.50526833873536,215.9286067695318,216.47032440483753,47575400
2017-07-27,215.98977661132812,216.6887753272291,214.6616803843454,216.65383139096528,70766600
2017-07-28,215.73638916015625,215.8674455821062,215.0548691014343,215.50920691905483,50088400
2017-07-31,215.61407470703125,216.234426240792,215.4043710905575,216.138313749778,65838700
2017-08-01,216.09463500976562,216.25190272133574,215.57038263994878,216.21695878508402,55050400
2017-08-02,216.19947814941406,216.33928055770994,215.2645645427634,216.22568943443312,47211200
2017-08-03,215.7801055908203,216.1121196779846,215.5005007465843,216.08590839037407,40856000
2017-08-04,216.1732635498047,216.50527759905225,215.78881359903158,216.26937603749795,60191800
2017-08-07,216.5751953125,216.5751953125,216.1383227591881,216.2431812379417,31995000
2017-08-08,216.04222106933594,217.4839085667453,215.6665170541975,216.2606573569168,61719400
2017-08-09,216.033447265625,216.08586983149164,214.99368860163509,215.35192724477773,62632600
2017-08-10,212.9840545654297,215.32569785815755,212.93163200397052,215.1946281222203,120479500
2017-08-11,213.29861450195312,213.8927680051291,212.97533313439985,213.21124800568222,74869900
2017-08-14,215.41310119628906,215.63153746125874,214.54810211967575,214.5830460558626,73291900
2017-08-15,215.38687133789062,215.8150111799369,215.08106859267792,215.7975325472049,55242700
2017-08-16,215.7626190185547,216.3130827027136,215.33447911617642,215.9111540869817,56715500
2017-08-17,212.398681640625,215.46553530797297,212.398681640625,215.15098655573962,128490400
2017-08-18,212.06663513183594,213.3597738787633,211.62101669053294,212.23263546730337,136748000
2017-08-21,212.23272705078125,212.49485330602212,211.29782651691949,212.00555807346325,65469700
2017-08-22,214.4519805908203,214.60924829546983,212.80060303054543,212.81808166404795,63140100
2017-08-23,213.68312072753906,214.11126066865043,213.33362798577426,213.48216306763896,50203800
2017-08-24,213.18508911132812,214.224834665884,212.9753854706238,214.0675669345757,50741700
2017-08-25,213.68312072753906,214.60055584003857,213.53458564567435,213.9801908912685,64445900
2017-08-28,213.69186401367188,214.24231440838597,213.27245673009799,214.21610311969926,40565600
2017-08-29,213.93650817871094,214.1986210613908,212.25890573580116,212.37249687315784,51135700
2017-08-30,214.95001220703125,215.22088436819834,213.7355071363261,213.91899946069202,62030800
2017-08-31,216.2431640625,216.4878116063398,214.98496907572905,215.57037665079503,103803900
2017-09-01,216.5489959716797,216.97713589716864,216.4004608952349,216.61889718394073,62007000
2017-09-05,214.9936981201172,216.2693717192757,214.02384061177415,216.04218948074157,91398800
2017-09-06,215.72767639160156,216.0597038213834,215.14226872960788,215.67525381475036,57916900
2017-09-07,215.70144653320312,216.0509525692771,215.29078527349876,216.03347393440038,58034700
2017-09-08,215.44802856445312,215.91111231533782,215.2033810482231,215.41307130082615,63832800
2017-09-11,217.74609375,217.82472763507502,216.70633460635258,216.72379991483822,71364800
2017-09-12,218.4799346923828,218.51487862533938,217.92947108921194,218.11296340103235,56896000
2017-09-13,218.58482360839844,218.61978088064765,218.07804981912886,218.1916409554993,59228000
2017-09-14,218.51492309570312,218.71589408104694,218.08679650147727,218.26154286640372,95446300
2017-09-15,218.80911254882812,218.89691265229644,218.26470635256308,218.37007183610876,95432400
2017-09-18,219.27447509765625,219.6257022771578,218.88811716112968,219.1778856135246,46235200
2017-09-19,219.4940185546875,219.58183205804167,219.16913270950405,219.52035992600184,47108100
2017-09-20,219.57298278808594,219.6871376316229,218.57197075575138,219.58177217510004,59574100
2017-09-21,218.98468017578125,219.50274489238603,218.80906660725753,219.41494480735238,48211400
2017-09-22,219.02859497070312,219.19543255639465,218.6598024437067,218.68614381003096,51214000
2017-09-25,218.5807647705078,219.125184270504,217.83440372782604,218.77394372236827,57064400
2017-09-26,218.71249389648438,219.25690002016708,218.47540819165653,219.0110383257002,54082000
2017-09-27,219.56417846679688,219.95053628879919,218.52803581702213,219.41490628983308,81001400
2017-09-28,219.8275909423828,219.9066150193543,219.19537152970463,219.28317159352187,44778800
2017-09-29,220.600341796875,220.67937928973376,219.63446049111215,219.81885004471823,85578000
2017-10-02,221.55747985839844,221.55747985839844,220.65304379358867,220.82867077220482,59023000
2017-10-03,222.03167724609375,222.05801861786682,221.47848164193948,221.55751915571844,66810200
2017-10-04,222.29507446289062,222.54093616534342,221.76822030137302,221.88237516267534,55953600
2017-10-05,223.6121826171875,223.6297345959484,222.33017804941576,222.62872246983622,63522800
2017-10-06,223.35752868652344,223.64729711385874,222.9009360723498,223.16434973496655,80646000
2017-10-09,222.9886932373047,223.64725406399398,222.7252662269381,223.58579535403254,35803100
2017-10-10,223.5770721435547,223.95465409647824,223.01510060771596,223.55952016320163,43057400
2017-10-11,223.92825317382812,223.92825317382812,223.31359906348072,223.48042322321774,47674300
2017-10-12,223.59463500976562,223.9634275699101,223.35754929308055,223.6122003883796,47065100
2017-10-13,223.8668212890625,224.14781373197127,223.59461823403035,224.03365887723245,54800400
2017-10-16,224.16539001464844,224.35856899047826,223.75270409187593,224.0951552947636,38221700
2017-10-17,224.32342529296875,224.36733203658568,223.89316064305405,224.11268096268168,31561000
2017-10-18,224.54293823242188,224.7448931682736,224.34975928562233,224.70098642609977,40888300
2017-10-19,224.60443115234375,224.63956191081465,223.3400052150218,223.76148052746242,61903800
2017-10-20,225.76344299316406,225.78981115402678,224.5868308069434,225.40345328480035,89176400
2017-10-23,224.88539123535156,226.11472650575618,224.80636713315383,226.08838513835693,63915300
2017-10-24,225.280517578125,225.51758986265568,224.9205010592293,225.3156483303596,66935900
2017-10-25,224.16539001464844,225.06103677545406,223.03267092769963,224.94688190833867,103715300
2017-10-26,224.4551239013672,225.05221271761778,224.33219306281816,224.78002307346262,69798000
2017-10-27,226.2903289794922,226.4484039824023,224.4639316285266,225.20151672008473,85562500
2017-10-30,225.4473876953125,226.19376220578056,225.14884325050855,225.20152598800829,54285700
2017-10-31,225.79855346679688,226.05320449339862,225.50000910318855,225.82489482838264,60304800
2017-11-01,226.09713745117188,226.92253598804555,225.72835832434714,226.58009822742258,54202700
2017-11-02,226.18495178222656,226.32544800146528,224.95564336003008,226.0269035844257,56449500
2017-11-03,226.94012451171875,226.98401785830256,225.93030957114217,226.3430088573066,59589700
2017-11-06,227.29135131835938,227.42305815481896,226.73815580831425,226.8083905221211,49652600
2017-11-07,227.13331604003906,227.73040493057752,226.6240138475261,227.39672972794827,57502200
2017-11-08,227.51971435546875,227.61631726750042,226.676763508373,226.95775605637968,50469600
2017-11-09,226.69424438476562,226.88742332847352,225.10489269517504,226.30788649734987,95085500
2017-11-10,226.6239776611328,226.79960462297313,225.99175811418456,226.30788128611474,59984700
2017-11-13,226.83473205566406,227.06304177030458,225.903968014781,225.93909877016756,50228600
2017-11-14,226.30792236328125,226.4132878407455,225.2454246060438,226.02692989209862,61315200
2017-11-15,225.17515563964844,225.86005793591573,224.46391197802137,225.33320383180714,80811500
2017-11-16,227.08935546875,227.45816136308622,226.07956744896717,226.1234607901662,67777000
2017-11-17,226.4219970703125,227.06300596970544,226.3429729808384,226.7381202251195,75756800
2017-11-20,226.80838012695312,227.00155907721162,226.42202222643613,226.6679107057775,48075500
2017-11-21,228.29232788085938,228.47674423089117,226.77326451983026,227.5810842362003,69176800
2017-11-22,228.09039306640625,228.43283081799717,227.92355548589094,228.3011239904622,45033400
2017-11-24,228.6172332763672,228.72262554125498,228.44163309538325,228.58212931831912,27856500
2017-11-27,228.50308227539062,228.95967485640392,228.30111395077668,228.66113046148232,52274900
2017-11-28,230.8212127685547,230.84755413404903,228.87187133123342,228.96847420265473,98971700
2017-11-29,230.6807098388672,231.48855635203395,230.232906638498,230.95291287335644,77512100
2017-11-30,232.7002716064453,233.6134566202554,231.52364619499554,231.60267027521522,127894400
2017-12-01,232.2173614501953,232.9637358771509,228.96847688126124,232.48080190513375,164390900
2017-12-04,231.93643188476562,234.2721048076017,231.88372234804987,233.84185350027676,94040600
2017-12-05,231.10223388671875,232.82326583879023,230.97052704289732,231.10223388671875,77994500
2017-12-06,231.1461944580078,231.57647266884717,230.6808122765513,231.1988772108577,75898600
2017-12-07,231.8749237060547,232.19102009570022,230.88268759925626,231.8749237060547,77218600
2017-12-08,233.13934326171875,233.14810585164125,231.8397734651704,232.83200948856552,76563900
2017-12-11,233.84182739257812,233.90329951445207,233.11303170879162,233.84182739257812,83077500
2017-12-12,234.2545166015625,234.72868798333855,233.87694809242296,234.63208511070204,85195800
2017-12-13,234.22824096679688,234.93948484059936,234.1404274570971,234.50044408902147,102905400
2017-12-14,233.27113342285156,234.64093841273967,233.21845067684978,234.5267835307622,100666700
2017-12-15,235.21363830566406,235.68139912742686,234.2251646395908,234.27811666213847,144610300
2017-12-18,236.7052459716797,237.05826852703072,236.51107952615243,236.6169835993683,83653600
2017-12-19,235.79611206054688,236.99639368737877,235.7254914155071,236.95227598464223,82382900
2017-12-20,235.67257690429688,236.81990669688057,235.3725064498348,236.766954671616,76751500
2017-12-21,236.1580047607422,236.87291104622133,235.9108863050563,236.29921915454725,67032300
2017-12-22,236.09619140625,236.2109297583705,235.5578099695043,236.1756194345137,78720900
2017-12-26,235.81378173828125,236.03442414591586,235.5490216226748,235.6902090617398,45244400
2017-12-27,235.9285430908203,236.2903999066704,235.6549486334027,235.98149511910174,57751000
2017-12-28,236.4139404296875,236.458085074872,236.0432762399199,236.43160906131718,45116100
2017-12-29,235.5225067138672,237.01405146842524,235.32836726154218,236.9964097729101,96007400
2018-01-02,237.2082061767578,237.24351649993596,235.99909021328455,236.38742296658933,86655700
2018-01-03,238.7086181640625,238.85866685789412,237.3759293522173,237.3759293522173,90070400
2018-01-04,239.71475219726562,240.20018171063953,238.7704230529277,239.35292230864192,80636400
2018-01-05,241.3121795654297,241.43572529750236,240.01480124229727,240.50903803835863,83524000
2018-01-08,241.75343322753906,241.91228926285174,240.9238157979525,241.21505186269243,57319200
2018-01-09,242.3007049560547,242.9273219325383,241.894703481586,242.17713226367957,57254000
2018-01-10,241.92994689941406,242.1947339096007,240.87087966031842,241.54161416491388,69574300
2018-01-11,243.695068359375,243.695068359375,242.31826219392283,242.4859525414737,62361500
2018-01-12,245.2837371826172,245.4514006152057,243.65978553530948,243.95988287922933,90816100
2018-01-16,244.4453125,247.19892544746014,243.74807494795473,246.5458325374283,106555100
2018-01-17,246.7752227783203,247.16355547811466,244.44525351343543,245.38077494460876,113258800
2018-01-18,246.36041259765625,247.08409896938232,245.8661489999211,246.6604829340067,100728000
2018-01-19,247.48135375976562,247.48135375976562,246.36050002324106,246.94297227858362,140920100
2018-01-22,249.49356079101562,249.49356079101562,247.21651651959604,247.26949546594085,91322400
2018-01-23,250.02320861816406,250.31444480408723,249.21123254334435,249.53777906310137,97084700
2018-01-24,249.92604064941406,251.2675636135383,248.7434006752788,250.66739584511595,134816100
2018-01-25,250.0319061279297,250.88799954342272,249.23759903602138,250.79092983540207,84587300
2018-01-26,252.92677307128906,252.97091770969323,250.6144451296948,250.8703978440051,107743100
2018-01-29,251.24990844726562,252.79440525454027,251.09105238265022,252.3531204524618,90118300
2018-01-30,248.6727752685547,251.30281497513533,248.19618022710023,249.4141303697716,131796400
2018-01-31,248.79635620117188,250.03194821142603,247.71962024926057,249.52890402667362,108364800
2018-02-01,248.51388549804688,249.8200979361876,247.71957840661423,248.06379340876774,90102500
2018-02-02,243.10374450683594,247.3224250313871,243.06843419043827,247.19001807836568,173174800
2018-02-05,232.9365997314453,243.45684174130463,232.389410861459,241.33867998198522,294681800
2018-02-06,237.52597045898438,238.02904161566474,228.3207756191382,229.41515334899344,355026800
2018-02-07,236.23744201660156,240.37666910530928,236.15798704226063,236.96996301224567,167376100
2018-02-08,227.37643432617188,236.67872643225567,227.3411239969614,236.53751204930325,246449500
2018-02-09,230.79197692871094,232.65418607049958,223.21952727425176,230.17416736414123,283565300
2018-02-12,234.1810302734375,235.6549334560519,230.93318038986496,232.84834146844216,143736000
2018-02-13,234.7634735107422,235.3106622598799,232.38935953744553,232.9718586060418,81223600
2018-02-14,237.9319305419922,238.29378730292595,233.26312990853194,233.27196422320154,120735700
2018-02-15,240.96795654296875,240.97679085706943,237.2082017443558,239.67941257683572,111200300
2018-02-16,241.0384979248047,242.98899554569596,240.29714291617378,240.34128754320906,160420100
2018-02-20,239.52940368652344,241.53285408042603,238.73509636819446,240.0854268895204,86369700
2018-02-21,238.33795166015625,242.459564268578,238.24088191533505,239.97071109434194,98883700
2018-02-22,238.64678955078125,240.98559335995316,237.97605503981436,239.26459897986842,110511300
2018-02-23,242.4507598876953,242.4507598876953,239.39707569861548,239.87367096684244,92766400
2018-02-26,245.2660675048828,245.3631641590026,242.93609794650865,243.52740444984997,86491400
2018-02-27,242.20355224609375,246.166307793249,242.14176591420014,245.45140168712348,99099200
2018-02-28,239.74998474121094,243.7568575695783,239.43227266875252,243.30673853304685,121907800
2018-03-01,236.26388549804688,241.0915421403742,234.7635064501868,239.53821107283775,176855100
2018-03-02,237.4818572998047,238.0467148700246,233.72212846685747,234.58702958715608,139083200
2018-03-05,240.22657775878906,240.84438713964866,236.18439464515035,236.29032560229226,97307400
2018-03-06,240.83563232421875,241.28575150553647,239.33525300908687,241.20629652798218,79213200
2018-03-07,240.7473602294922,241.1003827205746,238.47034226820455,238.6645086783833,87063500
2018-03-08,241.9123077392578,242.03585346486528,240.4295974286648,241.42687834910672,66901200
2018-03-09,246.12216186523438,246.12216186523438,243.0066924846827,243.32443152283722,113625300
2018-03-12,245.81332397460938,247.0401088898172,245.42499111899627,246.4134918912155,71924800
2018-03-13,244.22467041015625,247.48135451715854,243.61569520745581,246.9782833612081,91968900
2018-03-14,242.97137451171875,245.37196464819485,242.4153783467525,245.1866325932061,105895100
2018-03-15,242.70668029785156,244.1276046615094,242.20360907819122,243.4833459842273,83433000
2018-03-16,242.96986389160156,244.02433040636177,242.91669978512317,243.23568442399355,100343700
2018-03-19,239.68234252929688,243.14701357394614,238.02533182136833,242.2166148792371,109208400
2018-03-20,240.08999633789062,240.72799258315302,239.40767864787827,240.08112664058862,59757300
2018-03-21,239.62918090820312,242.1457138914619,239.4165245281906,240.04565101356593,78709600
2018-03-22,233.63914489746094,238.24687127336625,233.36442767167804,237.39621867257364,148785900
2018-03-23,228.6592254638672,234.4100613041565,228.46428141772586,234.0822070087733,183534800
2018-03-26,234.91513061523438,235.1986905206336,229.86435162889532,232.27455674126682,141956100
2018-03-27,230.91880798339844,236.38605689177058,229.35925561348856,235.85441589453748,129941400
2018-03-28,230.23651123046875,232.7264896554091,229.128880649277,231.0517392366013,146452300
2018-03-29,233.17831420898438,235.04800812778402,230.24531147803106,231.3795237693808,111601600
2018-04-02,228.145263671875,233.16061700140258,225.66416905309742,232.64666138999462,186286300
2018-04-03,231.06936645507812,231.54787026154523,227.58698368089216,229.3857740003262,119956900
2018-04-04,233.54164123535156,234.25051384071205,227.3743630350943,227.50727326837983,123715300
2018-04-05,235.38478088378906,236.27088526529693,234.21511661017638,235.30500769270483,82652600
2018-04-06,230.13900756835938,234.91509563572035,228.61490710598252,233.41760426216345,179521200
2018-04-09,231.27320861816406,234.6758456838574,230.3339402790706,231.60106286308744,105442900
2018-04-10,234.95054626464844,235.73919206003762,233.02771510544727,234.1707701654905,103529000
2018-04-11,233.71890258789062,235.3847831679727,233.39104829023276,233.46192474306693,91140200
2018-04-12,235.64166259765625,236.58980049791174,234.87075633844447,235.04798797948817,68890500
2018-04-13,234.95054626464844,237.06834849039592,233.9404014392897,236.9531506064171,85079200
2018-04-16,236.88230895996094,237.6532426059024,235.765835655391,236.58990636732125,63405300
2018-04-17,239.41650390625,240.0190482922241,238.14051165256654,238.65444020724917,64682000
2018-04-18,239.59375,240.40008110058082,239.1329584662319,239.8595704681303,57303900
2018-04-19,238.2646484375,239.14188322607453,237.22789428956048,238.93806945907434,77655900
2018-04-20,236.24427795410156,238.41524452186007,235.35817356591602,238.19371842481368,99953100
2018-04-23,236.20880126953125,237.37846529456723,235.1277530721654,236.8202153261749,65558000
2018-04-24,233.02772521972656,237.45824684655548,231.52133704990155,237.23672076521405,112885500
2018-04-25,233.60362243652344,234.0466744755741,231.14025418107187,232.9656264186205,103840900
2018-04-26,235.9784393310547,236.81137955531955,234.18851833942054,234.63157049948663,67731900
2018-04-27,236.199951171875,236.89111141824148,235.26068281249894,236.58983921256956,57053600
2018-04-30,234.3834991455078,237.37853654414712,234.31259564538834,236.82028640819505,82182300
2018-05-01,234.79989624023438,234.90622441555632,232.25675451893468,233.8163065349993,74203400
2018-05-02,233.22268676757812,235.42020835279004,232.83279867179667,234.60500745561788,86368900
2018-05-03,232.7086944580078,233.36440295147665,229.54529578665472,232.38970990715998,136311500
2018-05-04,235.72146606445312,236.40378371087323,231.40614226864932,231.73399654675637,91222100
2018-05-07,236.51901245117188,237.49370571588946,235.80124296594832,236.49243039925707,55304900
2018-05-08,236.51901245117188,236.882291480087,234.95059026291256,236.1468366826027,67499200
2018-05-09,238.8050994873047,239.13295373876954,236.66958496301973,237.1923832345118,59666100
2018-05-10,241.03805541992188,241.36593668990807,239.44307867218376,239.54940684979908,72063900
2018-05-11,241.77359008789062,242.0394105902405,240.6482201971692,241.1621758907258,59871500
2018-05-14,241.8887481689453,242.86344121162435,241.33934081825976,242.2077327192572,54790600
2018-05-15,240.222900390625,240.67479523144647,239.27476222361628,240.65708287905954,87036100
2018-05-16,241.23309326171875,241.6938849329642,240.23179079676117,240.2583998932697,53942600
2018-05-17,241.02920532226562,242.11025349755755,240.24942932149725,240.96717153998782,56536400
2018-05-18,240.42665100097656,241.04693478428592,240.07221471412348,240.68362880169104,64368000
2018-05-21,242.2342529296875,242.77479044651773,241.5253805265564,241.91526846080313,58025900
2018-05-22,241.56088256835938,243.01410661439238,241.2330283008844,242.75712879322654,52966400
2018-05-23,242.2255401611328,242.25214925919394,240.12547658854487,240.28499596807998,64694200
2018-05-24,241.72926330566406,242.10143904249645,239.93934219858906,241.82674884888,76043800
2018-05-25,241.1532745361328,241.7824010036127,240.6481886062128,241.15327453613284,56374800
2018-05-29,238.37982177734375,240.28496807714197,237.26334850078993,239.52290414887003,115908600
2018-05-30,241.56088256835938,242.00393472262445,239.6203390110952,239.69121545740435,69678400
2018-05-31,240.0811309814453,241.45458200008494,239.47858647273637,241.15330974573047,93519900
2018-06-01,242.43814086914062,242.7394130848632,241.31277110614707,241.38367459323302,71258400
2018-06-04,243.59010314941406,243.8470810065992,243.02301037418204,243.2622488359854,45385200
2018-06-05,243.76736450195312,244.14838296434783,242.95213642630986,243.723043049869,51135000
2018-06-06,245.80531311035156,245.91164129348408,243.75841445978358,244.37869825039746,62732200
2018-06-07,245.77870178222656,246.58505979725203,244.86601559673664,246.29265732847472,72969400
2018-06-08,246.50538635253906,246.55855045344697,245.1496476958671,245.31800969599553,72139700
2018-06-11,246.8332061767578,247.55094848051766,246.61168010666512,246.72687798979436,58892500
2018-06-12,247.15220642089844,247.51548536240927,246.5053405909237,247.24966490721712,72329000
2018-06-13,246.3636016845703,247.64846386267786,246.15978794048652,247.39148601870437,79070600
2018-06-14,246.98388671875,247.51552772011485,246.3901848782126,247.23199486664026,77097600
2018-06-15,246.66873168945312,247.00696761060067,245.08438487185177,246.1969887371106,120041600
2018-06-18,246.161376953125,246.2860016239279,244.72835621797324,245.20898152860664,52917600
2018-06-19,245.21791076660156,245.44043155677087,243.46444585353996,243.88278602558557,97531500
2018-06-20,245.6362762451172,246.30383868440023,245.29804026310413,245.90329035555632,53785500
2018-06-21,244.09640502929688,245.64516824893215,243.5979606165725,245.62734920071702,71061400
2018-06-22,244.54147338867188,245.47607713720944,244.3189525670943,245.3603619638793,54898500
2018-06-25,241.21255493164062,243.54456864427982,239.52140223007044,243.38436018230868,137854200
2018-06-26,241.74659729003906,242.60106953774658,241.02563208678848,241.78220822295523,68547400
2018-06-27,239.74395751953125,243.76712451239197,239.5926313971148,242.334103346676,105110700
2018-06-28,241.1147003173828,241.88015898734687,238.97847847065992,239.69056147396392,76650500
2018-06-29,241.46170043945312,243.5801021964719,241.34598531039612,242.20936685431107,97592500
2018-07-02,241.97805786132812,242.13829351587935,239.6460437208751,239.88638362110723,63554800
2018-07-03,241.12347412109375,242.97486193295916,240.69625167464548,242.87693868019684,42187100
2018-07-05,243.090576171875,243.15288850644117,241.1769029885616,242.25392306944585,56925900
2018-07-06,245.146728515625,245.52054825071224,242.7345834701944,243.11733989274302,66493700
2018-07-09,247.3541717529297,247.4075745839448,246.1080604239275,246.1525537287102,50550400
2018-07-10,248.2441864013672,248.34210967323426,247.5143116953842,247.80805434780328,51966800
2018-07-11,246.42849731445312,247.47881645669574,246.12587219319406,246.68662912733572,77054700
2018-07-12,248.66261291503906,248.71601574980727,247.08717496299292,247.69242519916062,60124700
2018-07-13,248.8583221435547,249.1609471276051,248.03055140807737,248.48450246574282,48216000
2018-07-16,248.63589477539062,249.04532553547426,248.19085307345935,248.90293609446329,48201000
2018-07-17,249.6416473388672,250.03328613741144,247.8080780380395,247.86148085936964,52315500
2018-07-18,250.16683959960938,250.27364526208336,249.27675619473973,249.72179789717455,44593500
2018-07-19,249.22329711914062,249.88194999787956,248.74264458329083,249.49922073932495,61412100
2018-07-20,248.93853759765625,249.65062066936085,248.77832909271964,249.01864185012457,82337700
2018-07-23,249.40130615234375,249.60600788966346,248.3865983366173,248.73374379879164,47047600
2018-07-24,250.65625,251.50183967953993,249.78398608129177,250.816485577244,68026900
2018-07-25,252.79244995117188,253.1128667528301,250.3625138859007,250.407007165073,78882900
2018-07-26,252.1962127685547,252.8815671683263,251.9736919313731,252.07161522459083,57919500
2018-07-27,250.4872283935547,252.62342266051357,249.56153425137177,252.52549938275985,76768700
2018-07-30,249.1787872314453,250.72752321105114,248.65361427245662,250.56731476416402,63742500
2018-07-31,250.40708923339844,251.0212488010352,249.56152650978214,249.94425575825633,68570500
2018-08-01,249.98878479003906,251.11920797538315,249.33904135978557,250.61185397077298,53853300
2018-08-02,251.3505859375,251.51967674060546,248.47560767380725,248.68033657067568,63426400
2018-08-03,252.42759704589844,252.48099986401726,251.2971740149561,251.4752015174743,53935400
2018-08-06,253.35333251953125,253.6648399550099,252.07161034910087,252.46324918802057,39400900
2018-08-07,254.18992614746094,254.5726825341171,253.8873011454216,254.02083534432882,43196600
2018-08-08,254.0831298828125,254.48367816793345,253.6202964208448,254.02084470596574,42114600
2018-08-09,253.73606872558594,254.53713831306888,253.6025616548702,254.14549946351042,35717000
2018-08-10,252.03611755371094,252.83718749493974,251.32403425679615,252.29424944654255,77076000
2018-08-13,251.09249877929688,252.92606816347035,250.79875608544407,252.31190852707198,65732900
2018-08-14,252.69464111328125,252.93498098651025,251.43073805029013,251.82237687174307,43842000
2018-08-15,250.8076629638672,251.48413494190643,249.36573241125578,251.34171835899366,102925400
2018-08-16,252.8371124267578,253.709404020292,252.21404312234878,252.2496540674216,69967900
2018-08-17,253.7271270751953,254.17216869669298,252.2228842214784,252.63231490756448,65618500
2018-08-20,254.27008056640625,254.53709466204705,253.7271156876917,254.18106681346475,39807500
2018-08-21,254.8665313720703,255.7299135391063,254.30577436542282,254.78642710872003,67272000
2018-08-22,254.71514892578125,255.2402948111639,254.18997587721202,254.45701716408922,44993300
2018-08-23,254.37692260742188,255.40051300477137,254.05647848361187,254.5371310877331,49204900
2018-08-24,255.9078369140625,256.0502534897571,254.9020385229087,254.95544134339613,57487400
2018-08-27,257.9283752441406,258.03518090962405,256.9492780385584,257.10948653678355,57072400
2018-08-28,258.0528869628906,258.49792848298426,257.59002639755886,258.3910957010917,46943500
2018-08-29,259.4414978027344,259.67290099667093,258.0262685730959,258.26658129251797,61485500
2018-08-30,258.3912353515625,259.3347217110246,257.794894603718,258.96090184349083,61229500
2018-08-31,258.40008544921875,258.84512710748453,257.49221024510393,257.98174520392143,66140800
2018-09-04,257.9550476074219,258.3110755066645,256.9492490987504,257.98174902078534,57594400
2018-09-05,257.2607727050781,257.8037376378542,256.2460918774304,257.59900870202284,72452400
2018-09-06,256.4864196777344,257.67021857350295,255.4539197390671,257.3675934961124,65909900
2018-09-07,255.98800659179688,256.96710382302723,255.19581928005874,255.4361591968829,73524800
2018-09-10,256.4330139160156,257.2696944228935,256.2371944960402,257.0026531248247,50210900
2018-09-11,257.278564453125,257.72360609871987,255.43611268438386,255.78323104309095,50530500
2018-09-12,257.3409423828125,257.9461926558973,256.5487821766383,257.28753954478697,59810800
2018-09-13,258.8629150390625,259.04985209017207,258.1241578494335,258.40899102553567,51034200
2018-09-14,258.9073181152344,259.2544363211385,258.1240408176797,259.0675265179593,55079900
2018-09-17,257.5367431640625,258.88966023457033,257.2608194665457,258.8540764539298,68244000
2018-09-18,258.93402099609375,259.5303613307043,257.7234941211771,257.75019552178395,61930400
2018-09-19,259.2100830078125,259.6284232829363,258.86293745128484,258.98756216281447,49080600
2018-09-20,261.3106689453125,261.6311130896646,259.2278770781861,260.4740155512131,100360600
2018-09-21,261.0718688964844,262.17163696286957,260.9109352144216,262.0553979859982,105479700
2018-09-24,260.2047424316406,260.6339264732083,259.6235744679208,260.49086512601906,53409600
2018-09-25,259.9632263183594,260.7679221635766,259.7218257506392,260.6606330223676,44370000
2018-09-26,259.18524169921875,261.2953333352342,258.76500788545115,260.10617614818113,79739700
2018-09-27,259.9095153808594,261.0003335148642,259.38199238051624,259.65916501991444,59249500
2018-09-28,259.9363708496094,260.4370716354318,259.2479140906401,259.28365894238004,70091400
2018-10-01,260.8393859863281,261.91230435360046,260.16880177447985,261.17912573330574,62078900
2018-10-02,260.6874084472656,261.40268745084893,260.3118965205351,260.6874084472656,47258200
2018-10-03,260.8305358886719,262.16275496749637,260.4728962961323,261.7425209425706,64694600
2018-10-04,258.7919006347656,260.40129207386383,257.2003816210279,260.3476475116369,111545900
2018-10-05,257.34356689453125,259.5341270041345,255.91298087808414,259.0155535573288,105951700
2018-10-08,257.34356689453125,257.70120657710333,255.26921853499087,256.6550825372673,87742200
2018-10-09,256.96795654296875,258.27335330270824,256.40466123751816,256.9590339715251,74339000
2018-10-10,248.8315887451172,256.5299143714651,248.45607663816833,256.4583700650838,214731000
2018-10-11,243.35061645507812,249.36797624859483,241.73224769141424,247.7406849143164,274840500
2018-10-12,246.7303466796875,247.74962070532246,243.5294087611428,247.4634981666313,183186500
2018-10-15,245.34449768066406,247.7049680968363,245.25508096135724,246.37272173731338,102263700
2018-10-16,250.70916748046875,251.08470677822203,246.837671929955,247.3115505163156,118255800
2018-10-17,250.75390625,251.37976873990522,248.1699075669104,250.7449563918368,110626000
2018-10-18,247.13265991210938,250.41406439958135,245.85408573908313,249.81499709050306,134557500
2018-10-19,246.99856567382812,249.7255977468995,246.30115905043024,247.78538899994814,139901600
2018-10-22,245.88987731933594,247.99101977964878,245.35340438400516,247.6691523901385,82415800
2018-10-23,244.63807678222656,245.7646671199047,240.16751485321126,242.25976184779765,146352700
2018-10-24,237.22592163085938,244.77223288692176,236.6715762779976,244.38774379619645,177806700
2018-10-25,241.4818572998047,243.02868152558196,238.0395464982884,239.06777026833134,138061500
2018-10-26,237.23487854003906,242.30450886801782,234.51679594636713,237.76242897337227,201574600
2018-10-29,235.9204864501953,241.63387782431607,232.33511425518844,240.33740392060633,160749100
2018-10-30,239.41650390625,239.7294487510335,235.25888607169557,235.75066433811224,157116000
2018-10-31,241.9736328125,244.2983304101473,241.51762677646724,241.9915052367222,128296300
2018-11-01,244.54873657226562,244.74544242816248,241.75015987588534,242.8409782974679,99495000
2018-11-02,243.10025024414062,246.0865825910847,241.04377521109086,245.65739878657024,122634100
2018-11-05,244.44140625,244.99575158155255,242.61740928316135,243.5919885412369,65622500
2018-11-06,245.98825073242188,246.14918444951218,244.31626455940966,244.37885898921726,60085900
2018-11-07,251.25454711914062,251.3350139649229,247.74066446976883,248.16984826675412,102752100
2018-11-08,250.79856872558594,251.44233084905483,249.65410576010234,250.44985173588847,65584900
2018-11-09,248.34872436523438,249.67199354933925,246.9360111777994,249.48423754356918,98812600
2018-11-12,243.70823669433594,248.08043237974556,243.18963619384044,247.83903184160584,99673600
2018-11-13,243.2522430419922,246.17598107564794,242.52801410442473,244.1731778197723,98176600
2018-11-14,241.5891876220703,245.53219939590443,240.02449088173603,245.1298651772202,125335900
2018-11-15,244.11065673828125,244.57561283819453,238.73705758708246,240.3196273546219,135101400
2018-11-16,244.74546813964844,245.6574532294415,242.49228677427874,243.01088739710156,126668000
2018-11-19,240.6056365966797,244.43243632751881,239.68470197622042,244.13736397453232,103061700
2018-11-20,236.15301513671875,238.72806378603772,235.28572482477662,237.2617060272279,136021300
2018-11-21,236.95767211914062,238.86213600698576,236.9487495492036,237.70872330420764,75563700
2018-11-23,235.3750762939453,236.7788392330528,235.21414261951278,235.31248188072928,42807900
2018-11-26,239.17510986328125,239.39863800334038,237.24382345883228,237.63723516822836,79981400
2018-11-27,239.9797821044922,239.9797821044922,237.52992266199405,238.1379125944736,75502400
2018-11-28,245.50538635253906,245.50538635253906,239.9171834982151,241.05272378134765,127629600
2018-11-29,244.968994140625,246.37273026634568,243.58310315877097,244.7275662615235,82346400
2018-11-30,246.46205139160156,247.02534650947848,244.49502069248175,244.81688802490163,98204200
2018-12-03,249.72557067871094,250.70909972975454,248.12512920389028,250.60181061257592,103176300
2018-12-04,241.63397216796875,249.32334732231197,241.32102724632023,248.89416337666637,177986000
2018-12-06,241.2672882080078,241.38352718649747,234.6508618650243,237.76238285894735,204185400
2018-12-07,235.66127014160156,242.50122623722578,234.82080209469854,240.92757929219002,161018900
2018-12-10,236.10826110839844,237.0828403215459,231.235337756517,235.4823715322533,151445900
2018-12-11,236.1619110107422,239.505882632987,234.68663101776033,239.31812667035345,121504400
2018-12-12,237.35108947753906,240.51625527254808,237.27062262929482,239.14826428010178,97976700
2018-12-13,237.27064514160156,239.16615939870508,236.1530044441443,238.29886912603226,96662700
2018-12-14,232.88951110839844,236.07254979647172,232.33516565957632,235.1158427612974,116961100
2018-12-17,228.32057189941406,233.05042109093597,226.68434436321144,231.9327804495195,165492300
2018-12-18,228.0702362060547,230.63634856164552,226.46083084993458,229.9657641335184,134515100
2018-12-19,224.65472412109375,231.93280004725392,222.94697944544566,228.15070761718408,214992800
2018-12-20,220.997802734375,224.97660095026527,218.74463523338065,223.40296773540618,252053400
2018-12-21,216.4696807861328,224.57268852428487,215.8221592390314,221.90166557317832,255345600
2018-12-24,210.74989318847656,216.59556327097457,210.6869469541851,214.9767595805029,147311600
2018-12-26,221.3980255126953,221.3980255126953,210.2282994858641,212.21583355596377,218485400
2018-12-27,223.0977325439453,223.29557334632165,214.90480143725537,218.1513968614216,186267300
2018-12-28,222.8099365234375,226.0924992212644,221.64079990409365,224.45571893237823,153100200
2018-12-31,224.76150512695312,225.00432909907883,222.55814002740993,224.43774440503387,144299400
2019-01-02,224.9953155517578,225.92164195797136,221.19113755446438,221.2181164696921,126925200
2019-01-03,219.62628173828125,223.54737709106138,219.14063387141456,223.24159321376862,144140700
2019-01-04,226.98281860351562,227.63033992713534,222.2882958686438,222.66601435363157,142628800
2019-01-07,228.7725372314453,230.18448416653186,226.3533271053869,227.25266090851673,103139100
2019-01-08,230.92196655273438,231.40761456645922,228.43082141219958,230.96694971715908,102512600
2019-01-09,232.0011444091797,232.84652038747842,230.40033132281422,231.63241425307154,95006600
2019-01-10,232.81956481933594,233.0713772139446,229.7798118408861,230.46331438860645,96823900
2019-01-11,232.9095001220703,232.93647904088223,231.1557880628197,231.74034960073917,73858100
2019-01-14,231.48851013183594,232.29790504700713,230.5981784696965,231.00286220453762,70908200
2019-01-15,234.14158630371094,234.4563586577417,231.8572705134646,231.8662726350203,85208300
2019-01-16,234.70811462402344,235.5984461882233,234.36636343298102,234.573192615096,77636700
2019-01-17,236.48880004882812,237.352180227226,233.790798743684,233.8357818993962,96118400
2019-01-18,239.636474609375,240.10414574647993,236.52478737278184,238.30547816189605,127900300
2019-01-22,236.39886474609375,238.37741004455046,234.78007491680293,238.16157871944208,115531200
2019-01-23,236.89349365234375,238.1345785519366,234.42032597273047,237.4330993624476,86030300
2019-01-24,237.0194091796875,237.60399809909393,235.6973874116646,236.71363898479987,59204100
2019-01-25,239.02493286132812,239.8523320215574,237.11834962376525,238.87203404149076,96883400
2019-01-28,237.2082977294922,237.27123023847457,235.43660900191273,236.87554860655177,85613700
2019-01-29,236.89349365234375,237.91871980060318,236.05711989670039,237.352162622755,66136300
2019-01-30,240.6437225341797,241.4890984891939,237.64895310091936,238.41339230860103,92473700
2019-01-31,242.75717163085938,243.24281957876707,240.36494037437575,240.58079915427368,104012100
2019-02-01,242.87411499023438,243.89936882759727,242.0826967534265,242.95505174915888,85782500
2019-02-04,244.5828399658203,244.6457999257917,242.24456633474705,242.91906676031667,60744800
2019-02-05,245.60801696777344,245.91378710493692,244.51082885419433,245.0144534854617,79552800
2019-02-06,245.28428649902344,245.82389225639483,244.54685365762106,245.32926965533957,58347800
2019-02-07,242.946044921875,244.21408142270855,241.28227190951557,243.66550098076533,95482000
2019-02-08,243.24276733398438,243.3416808591795,240.86851338349103,241.69591239682532,75788900
2019-02-11,243.37767028808594,244.16008617975504,242.84706672299407,243.89929917952213,68021400
2019-02-12,246.5073699951172,246.88507477556297,244.92453391766708,244.9964959823618,72270200
2019-02-13,247.30776977539062,248.15314566405283,246.92106286443513,247.34375080876626,65277200
2019-02-14,246.7592010498047,247.89237036807685,245.4011982919063,246.2195953056042,83234400
2019-02-15,249.4482421875,249.48422322863254,248.33307692182726,248.5399061559804,97088700
2019-02-19,249.87994384765625,250.53644006696237,248.6388586036336,248.64786072570436,59120800
2019-02-20,250.3834686279297,250.8421375423782,249.34023836781108,249.84386298366377,76610800
2019-02-21,249.49319458007812,250.10473497644506,248.53090082828663,249.7450069459639,64214700
2019-02-22,251.04005432128906,251.23788141294105,249.47519482007914,250.11371414406406,78114600
2019-02-25,251.38180541992188,252.9916208085363,251.3008686612308,252.47001921514072,69030700
2019-02-26,251.20191955566406,252.0832491003512,250.82418728973454,251.03104394077798,56844100
2019-02-27,251.093994140625,251.44472003169815,249.54713899180484,250.48242633165853,56921600
2019-02-28,250.62628173828125,251.31878617726179,250.3025348152385,250.8780940491423,69268300
2019-03-01,252.19122314453125,252.60490905187496,250.75228342210553,252.20919994207057,78880500
2019-03-04,251.27383422851562,253.49518960014504,248.97154211607622,253.2523793777152,106494600
2019-03-05,250.93209838867188,251.59762404077725,250.3835179633231,251.39976951374408,59114600
2019-03-06,249.41220092773438,251.05799695489554,249.08845397218633,251.04899483541269,75039800
2019-03-07,247.3258056640625,249.10646908445963,246.48042966722107,248.9625723780302,94885100
2019-03-08,246.8311309814453,247.0020065879514,244.99650990972904,245.4641535748844,85795800
2019-03-11,250.41055297851562,250.5724265063107,247.52369861752425,247.55067753882344,65098900
2019-03-12,251.35488891601562,251.87651808443346,250.7793293405715,250.96818182441257,79667500
2019-03-13,253.01861572265625,253.95393073581147,252.083300709501,252.24520168261063,80639200
2019-03-14,252.8567352294922,253.46827572507652,252.41607037907025,253.04558767317388,67518400
2019-03-15,254.10589599609375,254.91885592443595,253.22065703577186,253.41036881993827,81309000
2019-03-18,255.02719116210938,255.3252938627122,254.09679868494598,254.32262236936785,62199800
2019-03-19,255.090576171875,256.8610271647001,254.19632268480228,256.093248246021,90268100
2019-03-20,254.3226776123047,256.0841137599544,253.2116424860899,254.87370185649652,84609200
2019-03-21,257.1951904296875,257.60165663220636,253.4555359682626,253.50071725723708,79550400
2019-03-22,252.24517822265625,256.3551602521936,252.1819409443234,255.83126117864703,122659300
2019-03-25,252.0554962158203,253.09428016560244,250.79088846972115,251.90192390511692,85575200
2019-03-26,253.93438720703125,254.89187808337482,252.52524865066198,253.81695439960268,68125900
2019-03-27,252.6064910888672,254.51245824952707,251.05282227959407,253.92529433054912,72224700
2019-03-28,253.56393432617188,254.01558183079365,252.082544845528,253.2387613547047,56238500
2019-03-29,255.16281127929688,255.48798428535605,253.9523991461117,255.0815180277821,82186800
2019-04-01,258.18890380859375,258.4870067182523,256.89719804377216,257.1682031949515,77617900
2019-04-02,258.3153381347656,258.55020371590723,257.52043392140894,258.37857541682416,40070400
2019-04-03,258.7218017578125,259.9322139170012,258.11658189502833,259.5347618568044,68243200
2019-04-04,259.40826416015625,259.6611856698603,258.35142439568375,259.04695165577573,48997500
2019-04-05,260.66387939453125,260.71807489642094,259.7876820254754,260.0767430798067,58621700
2019-04-08,260.8625183105469,260.9709092781299,259.5798275392837,260.23924268057414,53566300
2019-04-09,259.5257263183594,260.22125365722127,258.9747295108935,259.8960806363654,66142300
2019-04-10,260.4110107421875,260.50134578580673,259.5257714209351,259.9412795419215,52601500
2019-04-11,260.338623046875,260.90770326118735,259.76954283256265,260.89866149068285,55093100
2019-04-12,262.10015869140625,262.38017801962485,260.3839031927292,261.95562814032826,69727800
2019-04-15,261.92840576171875,262.2716622114126,261.1244601225546,262.1722854445361,49596700
2019-04-16,262.10015869140625,262.86796518371506,261.5039805056036,262.8137696728588,52153200
2019-04-17,261.4587707519531,263.2472773597952,261.04323516923716,263.2201796101727,58268300
2019-04-18,261.9736022949219,262.24460733093923,260.74513434404435,262.04588133107666,68708500
2019-04-22,262.199462890625,262.3530351892551,261.1155252933477,261.20586031804896,40160100
2019-04-23,264.55706787109375,264.7919334135166,262.3349696892673,262.56980766531194,52246600
2019-04-24,263.9698791503906,264.80993679336905,263.82534865809765,264.4757220902296,50392900
2019-04-25,263.807373046875,264.46678851904784,262.61504423880285,263.87061033181976,57770900
2019-04-26,265.03582763671875,265.1080791179759,263.07566507367034,263.8525132206779,50916400
2019-04-29,265.45135498046875,265.9752816316039,265.03584690867245,265.12618194159734,57197700
2019-04-30,265.5868225097656,265.87588356545854,263.68992480193225,265.10807719656526,81111700
2019-05-01,263.5905456542969,266.42690555104076,263.58150388189347,266.2191377504172,71671900
2019-05-02,263.0213928222656,264.3944186629235,261.5219200347097,263.4730402558775,65030200
2019-05-03,265.5959167480469,265.8759360865708,263.12991064779754,264.5029371503766,56543700
2019-05-06,264.5029296875,264.9455355520882,260.96200007164197,261.27815893194105,107198100
2019-05-07,260.0858154296875,262.68731036749074,258.17083375780055,262.09113214704536,144729900
2019-05-08,259.7245178222656,261.4407735198439,259.12833956737035,259.7245178222656,91568300
2019-05-09,258.93865966796875,259.54385214177057,255.90357282465766,257.6469538768872,103471100
2019-05-10,260.2393493652344,260.9981140157401,255.00022073119737,257.9991673734687,112429300
2019-05-13,253.69952392578125,256.0751951551905,252.85946584913916,255.1086900614992,127290500
2019-05-14,255.99386596679688,257.5294789041339,254.59376936881196,254.720216368122,77003200
2019-05-15,257.4933166503906,258.1346484967642,254.1511135247501,254.35888133588776,73956400
2019-05-16,259.87811279296875,261.2420701815301,258.1257174092535,258.197968916265,76749600
2019-05-17,258.1979064941406,260.69101016233884,257.54753282271423,257.5656163698874,100353000
2019-05-20,256.49066162109375,258.3062660761495,255.74091123060737,256.5900108529238,62877600
2019-05-21,258.8030700683594,259.18243854701603,257.93588698439044,258.1888084922872,46847100
2019-05-22,258.0082092285156,258.9656999234851,257.5294638810309,257.8456227104374,49482500
2019-05-23,254.85568237304688,255.82218714026155,253.43750250783694,255.77703341365086,98733800
2019-05-24,255.4337615966797,256.7164526389379,254.8104858350271,256.3009170869188,55268100
2019-05-28,253.0581512451172,256.6713321376161,253.0400952645524,255.7138414064145,70029400
2019-05-29,251.35987854003906,252.34446673825767,249.95074060805885,251.93800054617174,104972900
2019-05-30,252.0465087890625,252.9588459441438,250.9444873227619,252.11876029025504,62523800
2019-05-31,248.6500701904297,250.3211718936707,248.62297243595046,249.4901557120521,86862800
2019-06-03,248.0177001953125,249.80620654776033,246.68081374995703,248.68612963480317,96428000
2019-06-04,253.4014129638672,253.53690173679874,249.86952526207486,250.32117288276876,77231900
2019-06-05,255.5963592529297,255.62345700173466,253.2116746589584,255.02727896164754,71169700
2019-06-06,257.2584228515625,257.93589414864323,255.24409250405756,255.89446605191017,69430400
2019-06-07,259.8327941894531,260.91675918660377,258.1074974782821,258.2791257289372,74272200
2019-06-10,261.025146484375,262.69624767871085,260.9348114748265,261.38645895619436,60799100
2019-06-11,260.9619445800781,263.22018229289705,260.31157101613115,262.84982800002933,58641300
2019-06-12,260.5013427734375,261.28720526770576,259.9864578405084,260.7271665966817,47096300
2019-06-13,261.5761413574219,261.93748139309844,260.7089859178219,261.41355488119206,48945200
2019-06-14,261.28717041015625,261.8923627385384,260.51936400027984,261.28717041015625,52324700
2019-06-17,261.386474609375,262.15428088695546,261.2148463508673,261.5219633486242,39205700
2019-06-18,264.12347412109375,265.1803414868671,262.84982475880395,263.21116484150195,85434800
2019-06-19,264.7196350097656,265.2525757608904,263.28339924323416,264.25894573066785,78674400
2019-06-20,267.24884033203125,267.6553341007694,264.782862671904,267.4114543793516,116570000
2019-06-21,266.8605041503906,268.24018113845705,266.64266770502843,266.9785081251163,83309500
2019-06-24,266.53369140625,267.3868931981655,266.37937215743466,267.06922435138495,47582700
2019-06-25,263.9195251464844,266.61536118144767,263.8106069552464,266.58813163363817,82028700
2019-06-26,263.6563720703125,265.32651617136304,263.5474538442277,264.8182126493244,51584900
2019-06-27,264.59112548828125,265.09942869342365,264.03744895071253,264.4186625043458,40355200
2019-06-28,265.95263671875,266.4518541375321,265.0540342847642,265.5713954949847,59350900
2019-07-01,268.3671569824219,269.51085323616786,267.1599158922563,269.2929891827937,78705600
2019-07-02,269.0660705566406,269.12052964557455,267.47761582834625,268.32175940727416,61504500
2019-07-03,271.2173156738281,271.23548717231705,269.6016312342488,269.7468647198852,40898900
2019-07-05,270.90869140625,271.0720963822335,268.68487128810557,269.98285914446024,51677300
2019-07-08,269.420166015625,270.7272399569136,268.875547256678,269.59262908429923,45841800
2019-07-09,269.7559509277344,270.05547594830585,268.20381132931755,268.2582704239669,41101300
2019-07-10,271.0448303222656,271.99791979943893,270.29146110929497,270.82699396197586,58448500
2019-07-11,271.68023681640625,271.9253027339182,270.67271589951406,271.68932256535436,50826100
2019-07-12,272.8965148925781,272.96914547762225,271.86176450954144,272.17037524484897,40326000
2019-07-15,272.9873352050781,273.33226129094317,272.47903182605285,273.33226129094317,33900000
2019-07-16,272.10687255859375,273.1053355042266,271.7982617754811,272.8965571654491,36650100
2019-07-17,270.255126953125,272.242966703385,270.255126953125,272.0795894445706,36036300
2019-07-18,271.2445068359375,271.62574814433856,269.31115385186047,269.7559122946191,51392600
2019-07-19,269.7377624511719,272.3700531582219,269.5652994465301,272.34282361540744,58678600
2019-07-22,270.4004821777344,270.94510098614086,269.6198831227069,270.13724467525293,43638100
2019-07-23,272.3337707519531,272.3337707519531,270.6908568360475,271.52594241727843,44564500
2019-07-24,273.61370849609375,273.61370849609375,271.48063431959537,271.57140873783294,47213200
2019-07-25,272.3065490722656,273.2142375691732,271.49869301379965,273.15977847539506,55394100
2019-07-26,274.1309509277344,274.33064346071836,272.86925090105194,272.99634055860923,45084100
2019-07-29,273.6318054199219,274.1310507844643,273.0781286543182,274.0130468310187,38126500
2019-07-30,272.9601745605469,273.36864559701604,271.8437073745378,272.2249488552733,45849000
2019-07-31,269.9737243652344,273.395726983816,267.9495971849388,273.2050924965323,104245200
2019-08-01,267.6228332519531,273.09619296523925,266.8240630615481,270.1280619945052,142646600
2019-08-02,265.6077880859375,266.96932075211555,264.04656285403524,266.72425484436656,116749700
2019-08-05,257.62017822265625,261.6049166660413,255.7140266734515,261.4959984690222,178745400
2019-08-06,261.2327880859375,261.4506522030003,258.03773394043543,259.5172709042699,120711700
2019-08-07,261.3871154785156,262.1586564119297,256.0045281473331,258.14666017845286,140572300
2019-08-08,266.5154724121094,266.5154724121094,262.33104204559356,262.88471869173367,87713900
2019-08-09,264.7001037597656,266.17055463004124,262.9119563890154,265.5714769235487,93730000
2019-08-12,261.47784423828125,264.6910417239846,260.5247546514729,263.1933611738068,65527600
2019-08-13,265.54425048828125,266.996557578567,260.83334511879997,261.1782711690439,94299800
2019-08-14,257.69268798828125,262.08589578320374,257.5656260378326,261.47776016948006,135622100
2019-08-15,258.37359619140625,259.2722268868957,256.3222384603108,258.5823745753002,99556600
2019-08-16,262.1856994628906,262.62137199973887,258.4278576299283,260.03448321087933,83018300
2019-08-19,265.3445739746094,266.0253403674603,264.5367455926631,265.217511985514,53571800
2019-08-20,263.3114013671875,265.37184466348737,263.18433935839346,264.83631167547446,51596400
2019-08-21,265.4533996582031,265.82552740804687,264.79077736372545,265.48062919356835,49524700
2019-08-22,265.37176513671875,266.7968425610609,263.5927036435342,266.1614773065778,51666400
2019-08-23,258.55511474609375,265.7349352153813,257.30249999032617,264.06479144117753,149161500
2019-08-26,261.4142761230469,261.4142761230469,259.21765786464675,260.7516535759884,72423800
2019-08-27,260.3886413574219,263.18433794135507,259.6261862073836,262.81218226684956,66668900
2019-08-28,262.22210693359375,262.3854841923523,258.9181079651836,259.7259639120188,59696700
2019-08-29,265.57147216796875,266.09794697657406,263.78332482923884,264.79087340407847,57899400
2019-08-30,265.4533996582031,267.07814143573296,264.5184820100732,267.0599976456371,62901200
2019-09-03,263.9013366699219,264.6637916599921,262.5670335121855,263.7470451424127,69101400
2019-09-04,266.89678955078125,266.9149333523738,265.3264781485218,266.0798752717495,46887300
2019-09-05,270.3277587890625,271.244505212518,266.86038254462613,269.39284086979836,83258100
2019-09-06,270.53656005859375,271.18103887059044,269.96473954298955,270.6455059524983,49584300
2019-09-09,270.6726989746094,271.61667499074713,269.7286952580193,271.5259283087568,51260300
2019-09-10,270.6092529296875,270.6727977906413,268.64864189505323,269.91031486012037,57947100
2019-09-11,272.53350830078125,272.61519695256993,270.2642867495674,270.91782366433534,68821100
2019-09-12,273.4774475097656,274.5394274321827,272.6786772806765,273.4411322174111,72908700
2019-09-13,273.2959289550781,274.2762480538401,272.9237733435532,273.9222362402719,62104800
2019-09-16,272.4518127441406,273.3413575418374,271.8073615960568,272.16134574483664,58191200
2019-09-17,273.14166259765625,273.2324092962593,272.0796547595179,272.25211780759554,41475500
2019-09-18,273.3050231933594,273.4139413853927,270.7090195812567,272.75131878324896,73375800
2019-09-19,273.2868957519531,274.6938298270826,272.9510553722231,273.69536673838496,76560500
2019-09-20,271.99560546875,274.17501234833077,271.2022742040903,273.89230390446664,89565000
2019-09-23,271.9317626953125,272.65215578179743,271.0745931565514,271.32991847692455,43476800
2019-09-24,269.7980041503906,273.41816984308304,268.8314133151165,273.0260680157953,94869400
2019-09-25,271.393798828125,271.8406112509374,268.39370497746904,269.8800742554495,71854000
2019-09-26,270.8283996582031,271.6126032154192,269.414996582582,271.4028885948663,56179700
2019-09-27,269.3694763183594,271.69478813659504,267.8101685584389,271.58533910799105,84746600
2019-09-30,270.6186828613281,271.3299483197672,269.843606937057,269.889189816705,51662400
2019-10-01,267.3997497558594,272.1597656698746,267.1809074057269,271.5032107911009,88242400
2019-10-02,262.67620849609375,265.822206321161,261.38135419445393,265.8130786140701,122539500
2019-10-03,264.8282470703125,264.8556023618493,259.72171263257434,262.4482253931142,85278800
2019-10-04,268.4118347167969,268.6671599571949,265.429969849317,265.4847082414546,65091200
2019-10-07,267.25384521484375,269.24176526321315,266.9711645701831,267.6094918616998,59610500
2019-10-08,263.1048278808594,266.1322772251126,263.0683448760766,265.3936563914407,95708100
2019-10-09,265.6033630371094,266.5425986261646,264.4999956740549,265.1291953027634,62359400
2019-10-10,267.3997497558594,268.2842746921465,265.35714694561955,265.5212787082189,55296300
2019-10-11,270.1719055175781,272.41512335784313,270.0442567409738,270.1627778091137,98720400
2019-10-14,269.8708801269531,270.5274347987188,269.524361296248,269.85262471794715,40394800
2019-10-15,272.5427551269531,273.2905035601562,270.8010606279251,270.91960950494206,46754500
2019-10-16,272.1051025390625,272.79814053985353,271.66741776246266,272.077747240525,48928200
2019-10-17,272.907470703125,273.78286779270866,272.2144329335033,273.27221717142055,45736600
2019-10-18,271.7127990722656,273.01678038245655,270.8556299161663,272.3693535784617,64304000
2019-10-21,273.55499267578125,273.75560747719874,272.59752938578674,273.03524199661985,39048600
2019-10-22,272.66131591796875,274.3847550783772,272.5701223294806,274.09294672656563,48594700
2019-10-23,273.45458984375,273.5093004196795,272.19619094063097,272.4059333672742,34352200
2019-10-24,273.9014587402344,274.539786029107,273.07164439605043,274.39388185369677,35453100
2019-10-25,275.0231018066406,275.5702355478619,273.2722794004081,273.3269899916924,45205400
2019-10-28,276.57318115234375,277.07473182811833,276.21756243816054,276.244917723867,42147000
2019-10-29,276.4912414550781,277.42137725024213,276.172077757294,276.29975436775993,44284900
2019-10-30,277.3392639160156,277.71311031784825,275.3786991771508,276.6918089223401,49643900
2019-10-31,276.6006164550781,277.33013733223646,275.1416303575135,277.33013733223646,69053800
2019-11-01,279.1629943847656,279.2085772595945,277.88633994908105,278.0504995208856,71141500
2019-11-04,280.2845458984375,280.85903474021785,279.9106717660349,280.72225830845315,60606900
2019-11-05,279.97454833984375,280.78613499327446,279.6827400265851,280.4851989738601,42933200
2019-11-06,280.0384216308594,280.3119745660006,279.0900584084101,279.97458333653447,46487100
2019-11-07,281.02313232421875,282.36359684943216,280.5489648089058,281.37877883197746,54272300
2019-11-08,281.7162170410156,281.7709276162249,279.9745228545336,280.6766604552994,49032100
2019-11-11,281.1782531738281,281.35151263066575,280.19340701618546,280.33021130301705,35797300
2019-11-12,281.7709655761719,282.67371801711306,280.9958618851258,281.542995539298,46484600
2019-11-13,281.8620910644531,282.26332045869225,280.5489817430099,280.77695172481094,53917700
2019-11-14,282.2724609375,282.35455463171985,280.9411238442217,281.57945101643,51219900
2019-11-15,284.315185546875,284.36076843357273,282.9200097076864,283.6130198587448,62023600
2019-11-18,284.5248107910156,284.76190851543424,283.62205842245453,284.07799845964644,49228000
2019-11-19,284.4427795410156,285.1358173869703,283.79535240135385,285.12668968003675,67804700
2019-11-20,283.3849792480469,284.3698253767361,281.82567201072436,283.85004702150417,79406200
2019-11-21,282.9290771484375,283.60388746150187,282.12664589860407,283.494466283269,54664700
2019-11-22,283.5582275390625,283.81355285341886,282.5460539876979,283.67677640436585,44850200
2019-11-25,285.75592041015625,285.75592041015625,284.48842128497455,284.48842128497455,48647200
2019-11-26,286.4033203125,286.58570748343044,285.4732125288553,285.79237616379595,37569000
2019-11-27,287.67999267578125,287.67999267578125,286.66779112264317,286.88663347861814,44444600
2019-11-29,286.6130676269531,287.3608160806977,286.3850975736195,287.1145906129369,36592700
2019-12-02,284.17828369140625,286.9321511485116,283.7496989976757,286.8683128725933,75767800
2019-12-03,282.2724609375,282.35455463171985,280.06572678012907,281.45177445063996,73941700
2019-12-04,284.01422119140625,284.61606550920044,282.9746921540362,283.32121110928534,49080000
2019-12-05,284.5248107910156,284.7345532263376,283.21170125763325,284.7163256430636,40709000
2019-12-06,287.1236877441406,287.5249172215507,286.4306499507282,286.43977765696974,48927000
2019-12-09,286.22100830078125,287.40644162273225,286.148042288993,286.7316590697798,34838500
2019-12-10,285.9017639160156,286.8318715909403,285.2452091371359,286.16621693444034,52649800
2019-12-11,286.7133483886719,286.9686736991754,285.8196958877238,286.3577017981286,53429100
2019-12-12,289.1846008300781,289.9688045218834,286.48544296353214,286.72251291564316,96389600
2019-12-13,289.3578796386719,290.58892367811507,288.1724184854237,288.94752234939756,81503900
2019-12-16,291.3457336425781,291.93845022672343,289.2940031239684,291.09040829117504,82749700
2019-12-17,291.4095458984375,292.0296177209557,291.3274800244313,291.7287095162663,61097700
2019-12-18,291.4277648925781,292.0296091125896,291.37305431152004,291.80163908205674,48133000
2019-12-19,292.622314453125,292.6952804439983,291.36391548009334,291.6192407914061,85310500
2019-12-20,293.90521240234375,295.0414939498362,292.6772889314625,293.65777641267516,147142100
2019-12-23,294.3542785644531,294.74830814974234,294.20765705163046,294.6933285780831,52990000
2019-12-24,294.36346435546875,294.6291896420127,294.0610487325802,294.58338265197284,20270000
2019-12-26,295.930419921875,295.9395925053962,294.73915860225463,294.74830322058216,30911200
2019-12-27,295.8570556640625,296.7184394441821,295.3255772295072,296.6634598807864,42528800
2019-12-30,294.2259216308594,296.07699342963247,293.7402501912701,295.93954452506745,49729100
2019-12-31,294.94073486328125,295.1881708994425,293.3737611501004,293.7219837452948,57077300
2020-01-02,297.69903564453125,297.71738081409677,295.55474819517633,296.4802843719158,59151200
2020-01-03,295.44476318359375,296.57190037053346,294.24432922039875,294.299308793889,77709700
2020-01-06,296.57183837890625,296.65430772190325,293.5661398420069,293.68527154806566,55653900
2020-01-07,295.738037109375,296.48028939421766,295.2889999253754,296.00376242060156,40496400
2020-01-08,297.31414794921875,298.5328990962051,295.6830220422805,295.9304301191349,68296000
2020-01-09,299.3301696777344,299.403494427551,298.29467431686163,298.8811604546013,48473300
2020-01-10,298.4687194824219,300.07235545551816,298.0013931580216,299.9165893357821,53029300
2020-01-13,300.52142333984375,300.5305679585822,298.6612065390366,299.0918985059818,47086800
2020-01-14,300.06329345703125,301.135423285165,299.5042970791668,300.0816106628695,62832800
2020-01-15,300.7413330078125,301.5019023922084,299.8891216822957,299.9715910397463,72056600
2020-01-16,303.2430725097656,303.2430725097656,301.8960168205621,302.1251077339287,54050300
2020-01-17,304.18682861328125,304.3975742884115,303.1788233239939,303.9577377732246,95846000
2020-01-21,303.5912170410156,304.3976213972453,303.1513804577593,303.2246772332371,77742400
2020-01-22,303.6279296875,305.1032897119888,303.4721635268691,304.45265138286175,48914900
2020-01-23,303.97613525390625,304.3885100609937,301.859337569946,302.9773022832876,51963000
2020-01-24,301.2727355957031,304.7182703641132,299.98066005754936,304.6358010274464,87578400
2020-01-27,296.4435729980469,297.92807729720744,295.6738310638596,296.0128810624095,84062500
2020-01-28,299.550048828125,300.4297498723814,296.5352053758519,297.8730881255824,63834000
2020-01-29,299.3027038574219,301.14460382259557,299.10110272707846,300.915512900169,53888900
2020-01-30,300.2738952636719,300.4846688731748,296.4801660489226,297.2315626409003,75491800
2020-01-31,294.8216247558594,299.80664419353747,293.905261299892,299.65085010133794,113845600
2020-02-03,297.0117492675781,298.88113873930445,296.18702766585056,296.3061594017483,69083000
2020-02-04,301.53857421875,302.40913073891045,300.3106504717624,300.63138329314756,62573200
2020-02-05,305.0207214355469,305.23149509436865,303.013911228474,304.4800703613793,65951100
2020-02-06,306.0470886230469,306.23951712579645,304.9657584507148,305.98293646706554,50359700
2020-02-07,304.4158630371094,306.05613301299286,303.86603952983205,304.98400374072804,64139400
2020-02-10,306.68853759765625,306.7526897560034,303.49043784674745,303.5271002179738,42070000
2020-02-11,307.219970703125,308.8327511042264,306.68846432551175,308.0446920849093,54864500
2020-02-12,309.1994323730469,309.41017811296905,308.2922133511764,308.6587532149184,43992700
2020-02-13,308.8694763183594,309.8408193824816,307.4949310806172,307.7698289420879,54501900
2020-02-14,309.3643798828125,309.4835116340741,308.08147634076454,309.2819105085237,64582200
2020-02-18,308.5671081542969,309.4284921282204,307.1742176610438,308.3655070547574,57226200
2020-02-19,310.0423889160156,310.72048888209537,309.25432981653825,309.53840023287927,48814700
2020-02-20,308.7686767578125,310.31733323101616,305.7721503679696,309.4925837509388,74163400
2020-02-21,305.5889587402344,307.72407373075947,304.7642090866624,307.4125134469386,113788200
2020-02-24,295.4539794921875,305.66225598207086,294.3726491347305,296.1137624369074,161088400
2020-02-25,286.50103759765625,297.4607370329087,285.6213364835221,296.84678915931295,218913200
2020-02-26,285.44720458984375,291.5043533570455,284.71412504182155,287.9030518374297,194773800
2020-02-27,272.6273498535156,285.5022475434753,272.6273498535156,279.9124238619062,284353500
2020-02-28,271.4818115234375,272.9754882391308,261.658395419346,264.5541069238748,384975800
2020-03-02,283.2388000488281,283.30295220755625,269.8323971344277,273.2687603709201,238703600
2020-03-03,275.1290283203125,287.5915802325,272.6823529019924,283.61456513059625,300139100
2020-03-04,286.6934814453125,286.91342770951513,277.9605380964338,280.5172001831721,176613400
2020-03-05,277.16326904296875,282.67062208363757,274.9181954685185,279.4725227329303,186366800
2020-03-06,272.5814514160156,273.79105782578944,265.9561618762661,268.6319273661624,228667200
2020-03-09,251.29434204101562,260.4213135582314,250.57957971674915,252.27482961295138,309417300
2020-03-10,264.29754638671875,264.38916035534675,250.62539203743287,260.8336938237853,276444100
2020-03-11,251.4134063720703,258.35945542683373,248.22448017849436,257.22317395235837,255316300
2020-03-12,227.3589324951172,244.35747701671542,226.96488894698197,234.5890394404426,392220700
2020-03-13,246.79502868652344,248.77437723566982,227.7346647691164,241.0860739179412,329566100
2020-03-16,219.7897491455078,235.4137326543231,217.507999431992,221.00850006335853,297240000
2020-03-17,231.6566619873047,234.7448160424353,217.24227013870095,224.54567331011896,262070500
2020-03-18,219.92723083496094,227.59718853589922,208.94920047757623,216.49086785316467,327597100
2020-03-19,220.3945770263672,226.69000368455985,212.7979298783139,219.23996406752087,289322000
2020-03-20,210.89682006835938,225.34066945746974,210.62029170829544,223.55246866918182,347158800
2020-03-23,205.5045928955078,211.7079795342504,201.18157403211723,210.33457814055313,326025200
2020-03-24,224.1239471435547,224.99962261556414,215.50557615248505,216.07705777437212,235494500
2020-03-25,227.4791717529297,236.29113275948575,220.99004380835,225.70940958622614,299430300
2020-03-26,240.76162719726562,242.23640785401722,229.56233225861644,229.99555681218766,257632800
2020-03-27,233.59034729003906,240.402092757539,231.40579995163029,233.45209014133601,224341200
2020-03-30,241.1763916015625,241.89535699591625,233.69177028351132,235.6919703231692,171369500
2020-03-31,237.58157348632812,242.72493717157138,236.17129407830672,240.17169430674883,194881100
2020-04-01,226.8892059326172,237.4985784321248,224.8152643278773,228.57601345891695,189554600
2020-04-02,232.12478637695312,232.90826706559199,225.45129745089525,226.00435422566696,177660400
2020-04-03,228.7696075439453,233.4981993171639,226.03200326101012,231.1385026260033,135561200
2020-04-06,244.13519287109375,246.10775542428493,228.7511655917904,237.66450470907907,188061200
2020-04-07,244.38406372070312,253.5094010822831,244.16285228612495,252.75355784129687,201427200
2020-04-08,252.58758544921875,254.403437194962,244.49460766653505,246.99254658298742,153774500
2020-04-09,256.4314270019531,259.1966831027809,253.91503382352957,255.85991711221806,189999200
2020-04-13,254.09017944335938,255.79542640181833,250.17273313889677,255.4543826360547,114839100
2020-04-14,261.583984375,262.6071155005401,253.9518796282053,258.99386373886557,134143400
2020-04-15,256.0257568359375,261.7221754938737,253.90571108424285,255.8506217655479,121775000
2020-04-16,257.260986328125,258.1182089286888,254.18233805357292,257.3070626758222,131798300
2020-04-17,264.2110595703125,264.81939125777217,260.30281118130915,263.0496428167827,146684800
2020-04-20,259.5561828613281,264.3493052621317,259.33497134824717,260.49635992156533,100109300
2020-04-21,251.67520141601562,256.28396191886713,250.7349962704632,255.07646891749138,126385700
2020-04-22,257.260986328125,259.0123094851933,255.2423472173533,256.56967233483715,92951600
2020-04-23,257.2425537109375,261.722283370555,256.93838790678035,258.5422274970722,104709700
2020-04-24,260.82818603515625,261.5010751772148,256.7079531308153,258.7634703866844,85063200
2020-04-27,264.58892822265625,265.71346690631225,262.34907737780065,262.80995342635407,77896600
2020-04-28,263.37213134765625,268.5984478924174,263.06793752484685,268.24817773506373,105270000
2020-04-29,270.26690673828125,271.8062450162346,267.6860122880096,268.71837006811825,118745600
2020-04-30,267.7505187988281,270.3682909831344,266.0083940965527,268.88425570382896,122901700
2020-05-01,260.6622009277344,267.9163831355571,259.4915581319008,262.9850053506957,125180000
2020-05-04,261.3811340332031,261.6852997145049,257.2885542706401,258.77256099243385,80873200
2020-05-05,263.796142578125,266.6167007575491,261.5101880508397,264.2109421284769,79569900
2020-05-06,262.00799560546875,265.8885634952178,261.57477105747034,265.50144342317355,73632600
2020-05-07,265.16949462890625,267.10517862280307,264.6625424986691,265.23402399228235,75250400
2020-05-08,269.5571594238281,270.0272619493122,267.1790234909967,268.312788587313,76452400
2020-05-11,269.6124572753906,270.9950852614183,267.1974715605378,267.6214695999542,79514200
2020-05-12,264.2386779785156,271.21631976182334,264.1003926644628,270.80154820858723,95870800
2020-05-13,259.5653991699219,264.71799007671893,257.1319601032188,263.67640569421235,144721100
2020-05-14,262.671630859375,262.8006614934409,251.62903335784046,257.1226947425799,121977900
2020-05-15,263.879150390625,263.9252267368411,259.3256934508307,260.27509684590956,111146300
2020-05-18,271.9168395996094,273.5299055972342,269.7968212545865,270.11941195040055,119703800
2020-05-19,269.1239013671875,273.0321203926456,269.1054764559933,271.317675373618,95189300
2020-05-20,273.6958312988281,274.5622804820352,272.44226200461213,272.6727000186642,85861700
2020-05-21,271.8061828613281,274.37787833131114,270.70929593838184,273.56673222395926,78293900
2020-05-22,272.3224182128906,272.49755334653037,270.2761276095139,271.52049845866605,63958200
2020-05-26,275.6776123046875,278.5442760318748,272.34087412337914,278.3046114786397,88951400
2020-05-27,279.77935791015625,279.81623586309064,273.6404867746573,278.4796843331706,104817400
2020-05-28,279.2631530761719,282.83032815773345,278.5902641135655,280.8116893995479,90405200
2020-05-29,280.507568359375,281.09747499717514,276.0370656455134,278.79309505494115,119090800
2020-06-01,281.6413269042969,282.24968663129556,279.34617330716014,279.86235220346686,55758300
2020-06-02,283.973388671875,284.01949315694617,281.22658528064454,282.5631090141315,74267200
2020-06-03,287.7525329589844,288.71116291644955,285.6878174779567,285.9643318264377,92567600
2020-06-04,286.9967346191406,288.5084216405081,284.89514085186516,286.76629658268655,75794400
2020-06-05,294.352294921875,296.13126961910496,292.34288221320156,292.40741160751935,150524700
2020-06-08,297.9102478027344,298.1038078400363,294.61958652041267,295.1634168068766,73641200
2020-06-09,295.68878173828125,297.98393482700175,294.3706552236186,295.23710420683716,77479200
2020-06-10,294.03887939453125,297.1636320853074,293.3199139807583,296.26953154628904,95000800
2020-06-11,277.087890625,287.7249179405341,276.5348618580431,287.08890672889135,209243600
2020-06-12,280.4061584472656,284.8950860328973,275.2351434064616,284.12081775495204,194678900
2020-06-15,283.0239562988281,284.15772144939484,273.5206948936138,274.7005363949218,135782700
2020-06-16,288.4714660644531,290.9417825291252,283.59541877833976,290.7942988499183,137627500
2020-06-17,287.273193359375,289.78958611023603,286.5357749799992,289.49461875848573,83398900
2020-06-18,287.3838195800781,287.86312046362997,285.2914527967437,285.7523287681102,80828700
2020-06-19,285.741455078125,291.05558508026616,283.7879850934474,290.8611732701308,135549600
2020-06-22,287.5744934082031,287.9725840908727,283.9916207573374,285.13961370398266,74649400
2020-06-23,288.8984680175781,291.1667096484841,288.4911101062854,290.23163422664027,68471200
2020-06-24,281.5289611816406,287.47266118114317,279.6866122382617,286.85235736793186,132813500
2020-06-25,284.547119140625,284.8156113948789,278.9274573121908,280.95497926839084,89468000
2020-06-26,277.78875732421875,283.6584065601255,277.20552185285015,283.44546048892926,127961000
2020-06-29,281.8715515136719,282.0104170904512,276.75183339130206,279.04784785660627,79773300
2020-06-30,285.4821472167969,287.1856588350015,281.2789991524152,281.4363706937527,113394800
2020-07-01,287.48187255859375,288.75025317456226,286.13946799203524,286.6023719639691,72396500
2020-07-02,289.06512451171875,292.27768031873336,288.3985414313362,290.92597991049104,69344200
2020-07-06,293.5274963378906,294.1107600598667,292.14805107719695,292.8979535044731,61713800
2020-07-07,290.50006103515625,293.9625742469082,290.1204763282572,291.98135962823466,82910000
2020-07-08,292.72198486328125,292.8330773096431,289.50019090510847,291.2684594320676,54638600
2020-07-09,291.0555725097656,293.5737718234087,287.6300710323036,293.33305266183123,83354200
2020-07-10,294.0274353027344,294.29592760306656,289.55579393882005,290.9907854082374,57550400
2020-07-13,291.48138427734375,298.76748864050046,290.82406851518385,296.3789164570163,102997500
2020-07-14,295.2587585449219,296.03643402926104,288.8521534785703,290.0556928166949,93657000
2020-07-15,297.97137451171875,299.0730885288503,295.582773536278,298.48982484290724,87196500
2020-07-16,296.98992919921875,297.4435660368354,295.41604444110504,296.0641212834849,54622500
2020-07-17,297.8509826660156,298.6379252006533,296.01787245922196,297.9991153522291,62774900
2020-07-20,300.2580871582031,301.00798945239933,296.8325859166636,297.5824882108599,56308800
2020-07-21,300.89691162109375,302.6744474220615,299.90629013376923,302.23007759853067,57292200
2020-07-22,302.609619140625,302.9244187546564,300.42472560694375,300.53581805734507,57792900
2020-07-23,298.9989318847656,302.952149969825,297.6287541814134,302.24852687669807,75738000
2020-07-24,297.0733337402344,298.10096725984846,295.56426188414656,297.13814709374793,73766600
2020-07-27,299.2397155761719,299.41562138741637,296.97147427544377,297.7676839874068,48293000
2020-07-28,297.3418273925781,299.62857474108495,297.0455619923725,298.50832649407437,57495000
2020-07-29,300.99884033203125,301.56359818129636,298.1843747182165,298.2214149673728,48454200
2020-07-30,299.92486572265625,300.34149078231616,295.9253951156929,298.01770277832117,61861700
2020-07-31,302.2948913574219,302.39674495391967,297.4899444109611,301.7208947786566,84986800
2020-08-03,304.3964538574219,305.1648621508035,303.4150995292858,303.96132291921657,53077900
2020-08-04,305.572265625,305.572265625,303.5354761943576,303.5354761943576,41917900
2020-08-05,307.4700927734375,307.7293461463775,306.6090980821807,306.8775903231406,42697700
2020-08-06,309.5253601074219,309.6457196617078,306.5627916135813,306.88683004740886,43679400
2020-08-07,309.7476806640625,310.0346789684051,307.6460778022572,308.5533800809886,57308300
2020-08-10,310.6734619140625,310.85860660049394,308.25708784004365,310.20129069482834,44282100
2020-08-11,308.1089782714844,312.49732864539857,307.3776100870203,311.8585186843875,69601100
2020-08-12,312.4046936035156,313.1823690322383,310.5253042540805,310.55307736748404,53774400
2020-08-13,311.84002685546875,313.15468719775635,310.9142184675966,311.6363478799997,41816100
2020-08-14,311.84930419921875,312.38628890370137,310.71981679886613,311.4512133602121,47260400
2020-08-17,312.83978271484375,313.23787337153493,311.85842850125164,312.8675558245334,35481000
2020-08-18,313.51568603515625,313.94154987395524,311.6362683640285,313.23792663760884,38733900
2020-08-19,312.2103271484375,314.41372705641555,311.64556942265534,313.89527669531185,68054200
2020-08-20,313.1824035644531,313.6638136676709,310.34943267122867,310.4790311302615,42207800
2020-08-21,314.2933654785156,314.5155503966336,312.50653425057345,312.84910700390265,55106600
2020-08-24,317.4781799316406,317.55223216069555,314.2656241496155,316.73751637396253,48588700
2020-08-25,318.58917236328125,318.6724917263265,316.87642122487284,318.04294881436505,38463400
2020-08-26,321.7831726074219,322.0516366510932,318.635430282705,319.181653746849,50790200
2020-08-27,322.4867248535156,323.9402503595039,320.8202815655205,322.6533917850521,58034100
2020-08-28,324.5697937011719,324.69942039778635,322.32008678211736,323.51438715103393,48588900
2020-08-31,323.3940124511719,325.23636145672884,323.1625604352609,324.3568607483191,66099200
2020-09-01,326.4399719238281,326.5417972626103,323.3292417281404,324.2272767983935,54908700
2020-09-02,331.16168212890625,332.13376966557956,327.20846210532517,328.356483754969,69540000
2020-09-03,319.764892578125,329.93951517196746,317.1726127891446,329.4673439712891,148011100
2020-09-04,317.1541442871094,322.02387655121674,310.0254093415249,320.4500194519524,139156300
2020-09-08,308.488525390625,317.2189177075403,308.1830211329874,311.7288539118445,114465300
2020-09-09,314.58038330078125,317.05227542874667,311.6362916856209,312.5065536735691,91462300
2020-09-10,309.1181335449219,317.1171022208828,308.155285043401,316.4597862671318,90569500
2020-09-11,309.2755432128906,311.9696489721189,306.4425718482237,310.9049749925163,84680200
2020-09-14,313.3490295410156,315.12659368293913,309.4236118882733,312.450994473845,65605700
2020-09-15,314.93218994140625,316.64491252017405,313.35830468946233,315.8116907852608,52920900
2020-09-16,313.68231201171875,317.60772937455226,313.40455262542565,316.17273809901303,82096000
2020-09-17,310.9234313964844,312.64544938955055,308.28487230028173,308.81258977020724,91523300
2020-09-18,307.34381103515625,311.84265557573474,304.8527202209257,311.7311184298016,105877900
2020-09-21,303.92315673828125,304.0718823641687,299.05251304814635,302.7426843138475,99450800
2020-09-22,307.01849365234375,307.5762077815948,302.89144880901273,305.41045242560136,63612100
2020-09-23,299.89849853515625,307.8551384394909,299.39655288531276,307.5762671377892,93112200
2020-09-24,300.69781494140625,303.7652001614341,297.25860138372207,298.5785239027551,76681300
2020-09-25,305.5592041015625,306.3492684548765,298.9689520233032,299.8426692481497,71069400
2020-09-28,310.6343078613281,311.3500234799147,308.7380912248232,309.73267808300886,64584600
2020-09-29,308.94256591796875,311.17339386110456,308.2454304128315,310.4297940022314,51304000
2020-09-30,311.2850036621094,314.4453460617756,309.416671165214,309.61186119180115,104081100
2020-10-01,313.283447265625,314.8636042513181,311.39653473476926,313.88762577093473,88698700
2020-10-02,310.3089599609375,313.25553191340913,307.84575345799766,308.31981468995633,89431100
2020-10-05,315.8117370605469,315.9976228708577,312.3260589938609,312.37252335480844,45713100
2020-10-06,311.3221435546875,318.0518447733549,310.81092215803676,315.9511338783172,90128900
2020-10-07,316.74127197265625,317.549944798489,314.2594565452346,314.287340836935,56999600
2020-10-08,319.5483703613281,319.61344315918404,317.76369072876383,318.6839290178844,45242500
2020-10-09,322.40191650390625,322.8666734749753,320.5800771199396,321.20283557592404,59528600
2020-10-12,327.588623046875,329.0665469517747,324.456165301913,324.94880660354625,80388500
2020-10-13,325.45074462890625,327.6258040067802,324.48404211656793,327.44919407568426,73255500
2020-10-14,323.4058532714844,327.1239098929824,322.67155751263357,326.02708999760546,57727900
2020-10-15,323.00616455078125,323.48950169298183,318.9441922862967,319.48329800773115,60357700
2020-10-16,322.8110046386719,326.0271159294478,322.6343946657817,324.36327751636173,89501900
2020-10-19,317.9031677246094,324.7071902621264,317.00153779579654,324.07512739996474,68425600
2020-10-20,319.17657470703125,322.42987424570373,318.48874331042714,319.2509233580746,60051900
2020-10-21,318.57232666015625,321.305099945606,318.26557117105693,319.130012337583,63575000
2020-10-22,320.3198547363281,320.9054531842077,316.63898667803994,318.78616207591807,55399300
2020-10-23,321.4073791503906,321.60256916559945,318.9441724986455,321.54680058982547,49143900
2020-10-26,315.4678649902344,318.8048178502361,311.9635780013349,318.0147250392189,91473000
2020-10-27,314.38031005859375,316.1463814562945,314.16651156962877,315.8117699429827,65994100
2020-10-28,303.6351013183594,314.408167114241,303.142459944312,308.6916606581954,127094300
2020-10-29,306.7210998535156,309.90002246930646,302.1757618896027,303.8674845080645,90597700
2020-10-30,303.52349853515625,306.4514618560545,299.8612112381674,305.1408437594302,120287300
2020-11-02,306.9256286621094,308.9333545578397,304.17424595094957,306.9256286621094,86068300
2020-11-03,312.34466552734375,314.40818825230804,307.009262925198,310.1696056334392,93294200
2020-11-04,319.3252868652344,323.4151432960798,315.65369476603786,316.83416747960666,126959700
2020-11-05,325.5530700683594,327.36563424826636,324.27033583230514,324.62355579487365,82039700
2020-11-06,325.4786376953125,326.7334873150784,323.1455483916412,325.2648392554505,74973000
2020-11-09,329.5685119628906,338.69634709260697,329.1037549200316,338.3152429134803,172304200
2020-11-10,329.0852355957031,330.1448670984281,325.8040514021092,328.57398573427594,85552000
2020-11-11,331.52984619140625,332.3570990887861,330.03331356077604,331.27885919980673,58649000
2020-11-12,328.3136291503906,331.576232339384,326.50109388601777,330.51657277264513,67546200
2020-11-13,332.8590393066406,333.60263931693396,329.70797256583705,330.2284982463468,62892200
2020-11-16,337.0139465332031,337.2091365588106,334.24398420061374,335.5360224634201,74541100
2020-11-17,335.20135498046875,336.40974027550243,333.0820640633753,334.5971765162108,66111000
2020-11-18,331.167236328125,336.0193003895728,331.1300478266748,335.4708905508718,70591300
2020-11-19,332.5614929199219,332.9332928188194,329.18735281356163,330.53515935939345,59940900
2020-11-20,330.2842102050781,332.5057623688925,330.20986156340393,332.30126814614187,70417300
2020-11-23,332.2641296386719,333.5282836694918,329.85669132516,332.0968238948421,63230600
2020-11-24,337.6181335449219,338.16654349406434,333.96514971257983,334.82028685253994,62415900
2020-11-25,337.0976257324219,337.56238283594644,336.0008057760693,337.5344985443959,45330900
2020-11-27,338.0364074707031,338.5104403756147,337.02321213244505,338.1944089835005,28514100
2020-11-30,336.5399475097656,337.52523040523903,333.8536659148317,337.25566331375273,83872700
2020-12-01,340.2207946777344,341.7637917326567,339.20762755188343,339.80253028624935,74231400
2020-12-02,340.9364929199219,341.0944944354891,338.5290547467315,339.10534896401384,45927000
2020-12-03,340.8435363769531,342.23780756286345,339.7374123001427,340.83423215842737,62882000
2020-12-04,343.78082275390625,343.78082275390625,341.3361959388751,341.4291530295326,50749900
2020-12-07,343.07440185546875,343.56704325999203,341.80097190603243,343.0093290517619,48944300
2020-12-08,344.07830810546875,344.6452981914329,341.75452244196146,341.80098680862193,42458900
2020-12-09,340.99224853515625,344.89619068117054,340.1556915300474,344.73818917160975,74098300
2020-12-10,340.8807678222656,341.9310950867418,338.74286804799897,339.6166137038823,57735400
2020-12-11,340.4809875488281,340.88997600300894,337.6552852409652,339.1796735430337,57698600
2020-12-14,338.9565734863281,343.73426062304117,338.7799635596942,342.65604936198173,69216200
2020-12-15,343.5391540527344,343.5391540527344,340.12785278149966,341.50351566005907,63865300
2020-12-16,344.07830810546875,344.9985181509299,342.8699225405304,343.75297243927287,58420500
2020-12-17,346.0023193359375,346.20681357249737,344.89619528816195,345.7234764526828,64119500
2020-12-18,344.62078857421875,346.4597381046368,342.6044762600976,346.29171920031933,136542300
2020-12-21,343.3886413574219,353.28349765930517,337.9464860594787,340.6909091664854,96386700
2020-12-22,342.80987548828125,343.82736137982727,341.68037698297826,343.71534876607024,47949000
2020-12-23,343.117919921875,345.0315351063921,342.79119749130325,343.7806801753628,46201400
2020-12-24,344.4527893066406,344.4807924589566,343.0059122912495,343.59397848988544,26457900
2020-12-28,347.41192626953125,347.80397040676263,346.38509652628863,347.01050976482793,39000400
2020-12-29,346.74908447265625,349.1201221557573,346.1609898693241,348.9427593868973,53680500
2020-12-30,347.24383544921875,348.28000894293837,346.8517913610058,347.5705578476866,49455300
2020-12-31,349.0081481933594,349.7362586191651,346.53444152154736,347.0478421277476,78520700
2021-01-04,344.2567443847656,350.47370017311397,340.5508422079817,350.34299981269083,110210800
2021-01-05,346.6277770996094,347.71995701585035,343.5659756645781,343.61266657677504,66426200
2021-01-06,348.7000732421875,351.9019187189158,344.5647799187049,345.11552753738533,107997700
2021-01-07,353.880859375,354.6276289954362,350.903067797057,351.08043056721175,68766800
2021-01-08,355.897216796875,356.1118981341495,352.0139516043895,355.2717750824561,71677200
2021-01-11,353.49810791015625,355.2623631319254,352.59263484781377,352.7139913129885,51034700
2021-01-12,353.5728759765625,354.5903619209888,351.3231942418903,353.6849170835824,52547700
2021-01-13,354.52508544921875,355.52388375951733,352.71413856847715,353.4982554930078,45303600
2021-01-14,353.2834167480469,355.77581089223776,352.9473789690196,355.27172573626217,49989100
2021-01-15,350.70703125,352.4619426341767,348.8400787887009,351.6591667497863,107160000
2021-01-19,353.4607849121094,354.0022171031651,351.6871856917085,353.1714095466067,51233300
2021-01-20,358.35223388671875,359.19235686721606,355.3650983033549,355.7571424001168,61836100
2021-01-21,358.678955078125,359.3417438187751,357.75482257805237,358.9123241730878,47840100
2021-01-22,357.409423828125,358.5762692472842,356.4386004629022,356.82132917887884,52860500
2021-01-25,358.8190002441406,359.1736973399445,353.2834636469898,358.14689610942855,70402000
2021-01-26,358.2588806152344,360.1818395328205,358.02551153797936,359.77110767785683,42665300
2021-01-27,349.5028991699219,355.019748062336,347.2625615277461,354.9263947256956,123351100
2021-01-28,352.5086669921875,356.5226037699403,350.88442731269146,351.3231338347947,94198100
2021-01-29,345.4515686035156,351.61251765674365,343.7712942322162,350.6416943635997,126765100
2021-02-01,351.2017822265625,352.2379271972738,345.74094042873577,348.8587477068479,75817600
2021-02-02,356.1678771972656,357.7267951804312,351.2858142934959,354.3942778932452,64450700
2021-02-03,356.44793701171875,358.1748738940465,355.1690790166105,356.9986846197431,52427100
2021-02-04,360.49920654296875,360.5458689619546,356.55993550525034,357.48406790567833,47142600
2021-02-05,361.9180908203125,362.62754192923927,360.45255466954404,362.3755135819587,48669800
2021-02-08,364.53179931640625,364.5784617313484,362.5154873095736,363.37426945905264,38365200
2021-02-09,364.2891540527344,364.88659260458746,363.28101210578,363.69171550088134,35551100
2021-02-10,364.1304016113281,366.1840607481003,361.7220454304173,366.0347011302047,59154400
2021-02-11,364.7185974121094,365.63341464278966,362.28223740722973,365.2133388204245,42913300
2021-02-12,366.5201416015625,366.7628260637993,363.8410407386607,363.9157347942992,50593300
2021-02-16,366.20281982421875,367.9484448099533,365.4840531741695,367.7523942338509,50972400
2021-02-17,366.2868347167969,366.5388631006353,363.4303705960935,364.44788498672773,52290600
2021-02-18,364.7279052734375,365.4746750089571,361.94613530686405,363.67307236862246,59712800
2021-02-19,364.0837707519531,366.2774458183221,363.6356918594277,365.9880704358901,83241000
2021-02-22,361.2833251953125,363.7010253533057,361.01260909636693,361.3113283443458,67414200
2021-02-23,361.7221374511719,363.0756897475787,354.9077705148103,359.0710676558292,107284100
2021-02-24,365.7080383300781,366.1374579842798,359.6404417407371,360.6299244440038,72433900
2021-02-25,356.89599609375,365.8107122221224,355.44911916352476,364.43850086453193,146670500
2021-02-26,355.05706787109375,359.9298157917072,353.0687870795123,358.7816580580028,152701600
2021-03-01,363.6636657714844,364.91454901828484,355.25306411122193,359.93910464145296,105348800
2021-03-02,360.8259582519531,364.1211286457314,360.3218730437514,363.88775955697247,79595300
2021-03-03,356.0465087890625,361.09659001957425,355.94381159242903,360.12579527148154,119940200
2021-03-04,351.6405029296875,358.4548679302634,347.1411407192038,355.8598051821406,183433000
2021-03-05,358.10955810546875,359.1643910019848,347.8506615219816,355.15042536468866,152039600
2021-03-08,356.32659912109375,361.8901102789775,356.04656760662095,359.0710219126789,123149200
2021-03-09,361.41400146484375,363.97171719755994,359.6777208781766,360.1818060146198,113633600
2021-03-10,363.6636657714844,365.3625993873506,362.34748932491925,363.76636297268493,109899400
2021-03-11,367.35089111328125,369.32985611689054,365.67996072394084,366.1373834374629,86245000
2021-03-12,367.84564208984375,367.98565782730424,365.1759137374838,365.9880335021886,64653600
2021-03-15,370.039306640625,370.3006788390914,365.95067629591756,368.09766017707483,73427200
2021-03-16,369.5726013183594,371.36485984183645,368.79780004485065,370.6554372330348,73722500
2021-03-17,370.832763671875,371.6355395284869,367.1361774154636,368.284363394908,97959300
2021-03-18,365.4373474121094,370.3287545797214,364.75589939193253,368.237776582105,115349100
2021-03-19,364.7611999511719,366.71855219159096,362.57906016061924,365.1358077604027,113624500
2021-03-22,367.6737365722656,369.059816642026,365.22002301990005,365.27621275157725,73778600
2021-03-23,364.7798767089844,368.48854216406016,363.9931918294677,367.0369263591319,90686600
2021-03-24,362.9255065917969,367.82358782761884,362.878691342001,366.1846539544213,97588600
2021-03-25,364.96722412109375,365.76325496649565,359.5353110691454,361.4833173294105,116128600
2021-03-26,370.8486633300781,371.2513660035237,365.51978373718055,366.11915050544366,114409100
2021-03-29,370.6612854003906,371.5697241805581,367.87977932756746,369.36886439554,108107600
2021-03-30,369.6779479980469,370.3522533875979,368.0764548349009,369.3876248451176,76262200
2021-03-31,371.1764221191406,372.7404461142928,370.22116794831715,370.24926281861366,112734200
2021-04-01,375.1847839355469,375.2410022566375,372.9090137092309,373.1150522840873,99682900
2021-04-05,380.56982421875,381.11302977511093,377.7789720579834,377.85388217916733,91684800
2021-04-06,380.3450622558594,381.3939754285536,379.670756847593,380.0079238420964,62021000
2021-04-07,380.78521728515625,381.13173016634283,379.71758377503375,380.17647612247123,55836300
2021-04-08,382.5926818847656,382.64887161223606,381.1035969453254,382.04013051081506,57863100
2021-04-09,385.3742370605469,385.54283484528173,382.34925154836947,382.4710055003902,61104600
2021-04-12,385.5147399902344,385.78631418087707,384.1661291967522,384.7748703761354,56704900
2021-04-13,386.65728759765625,387.28477774882987,385.02772811419857,385.4117103588361,56551000
2021-04-14,385.3368225097656,387.68750278516484,384.7936169300577,386.6292150757349,61659900
2021-04-15,389.4763488769531,389.7479517108807,387.43471183193736,387.48152709469366,60229800
2021-04-16,390.778076171875,391.3868173846605,389.3451806977681,390.7687016886695,82037300
2021-04-19,388.858154296875,390.29104973204716,387.5282924319391,389.8415318422619,78498500
2021-04-20,386.01104736328125,388.7457093345843,384.53130834337946,387.6406066007117,81851800
2021-04-21,389.6635437011719,389.8695822374006,385.252449845648,385.3929527509193,66793000
2021-04-22,386.104736328125,390.32851244037596,385.03710277731346,389.4950123134233,97582800
2021-04-23,390.2911071777344,391.7052824358936,386.5918156217658,386.66672575417556,73209200
2021-04-26,391.1058044433594,391.67710483269894,390.35658895453304,390.94660972783475,52182400
2021-04-27,391.0215148925781,391.6021897569146,389.87894270910715,391.40549711447903,51303100
2021-04-28,390.9091491699219,392.4169832445719,390.44088233369035,391.2931314053205,51238900
2021-04-29,393.4002685546875,394.0183841082512,390.01002178149986,393.6437764159888,78544300
2021-04-30,390.8155517578125,391.9768731298278,389.91648729298134,391.1246239237115,85527000
2021-05-03,391.6583557128906,393.1942559265177,391.16199405729486,392.81027372792676,68128300
2021-05-04,389.2420959472656,390.1599091777435,385.5428053216485,389.6635475057194,101591200
2021-05-05,389.3638610839844,391.12454890125105,388.8019351834701,390.89041549109834,60162200
2021-05-06,392.4732666015625,392.6043664849962,387.4253351840657,389.43887734403665,74321400
2021-05-07,395.32952880859375,395.9851137113868,392.5573975645179,393.2410773299601,67733800
2021-05-10,391.4148864746094,395.9102366829871,391.2931325239228,395.68547774679007,81852400
2021-05-11,387.921630859375,388.9143543332636,384.0350215703877,386.8820921309742,116888000
2021-05-12,379.68017578125,386.4044816854546,378.3596596779323,385.1308094211373,134811000
2021-05-13,384.24102783203125,386.1796593623134,381.1879189629342,381.2347627942497,106394000
2021-05-14,390.14111328125,390.9933621968704,386.9569050939137,386.98499995571507,82201600
2021-05-17,389.1484375,389.9632457530462,387.12552146147345,389.0267121378434,65129200
2021-05-18,385.7956848144531,389.6541989870204,385.63646151399263,389.41069108540063,59810200
2021-05-19,384.78424072265625,384.9621844206521,379.60521025643015,381.0943240619195,106467100
2021-05-20,388.9237365722656,390.18806285746604,385.54286343600126,385.6645888163089,78022200
2021-05-21,388.6053161621094,391.6584253302021,388.1464237708593,390.4128194386064,76578700
2021-05-24,392.56683349609375,393.64384150721315,390.609452962444,390.85296086401064,51376700
2021-05-25,391.69586181640625,394.0091012947467,391.1152154711999,393.6532139010418,57451400
2021-05-26,392.4732666015625,392.97897432719486,391.2464094844327,392.28594839009,43088600
2021-05-27,392.67926025390625,394.01849671232554,392.3982829688595,393.5034145608544,56707700
2021-05-28,393.3816223144531,394.514820085861,393.14748889006984,394.25259179378133,58520200
2021-06-01,393.0350646972656,395.8914807174247,392.59489276628096,395.75100639492683,54216600
2021-06-02,393.65313720703125,394.49604027242486,392.6791628864533,393.6906065518953,49097100
2021-06-03,392.19219970703125,393.334771942257,389.8602399847774,391.33060472483857,58138800
2021-06-04,395.77911376953125,396.0788113874911,392.25773821034744,394.04652085532695,55938800
2021-06-07,395.3951416015625,395.94769302205015,394.45860795719597,395.7697493431614,51555000
2021-06-08,395.4794616699219,396.3504311779216,393.6438635649378,396.2567720889371,47134300
2021-06-09,394.8894958496094,396.3973302242753,394.66473686933426,396.3223915103535,48436300
2021-06-10,396.7249450683594,397.68022753689695,394.79568833094845,396.11620400512993,51020100
2021-06-11,397.380615234375,397.4929947063824,395.98518915571566,397.2776102452818,45570800
2021-06-14,398.2703552246094,398.37336021927234,396.2474388768698,397.4930161999577,42358500
2021-06-15,397.5398254394531,398.4576101510953,396.6594814967525,398.42016938215374,51508500
2021-06-16,395.3201904296875,397.90503235240567,393.26920810752716,397.6802734306868,80386100
2021-06-17,395.18914794921875,396.1724969552145,392.707339225867,394.9081992562891,90949700
2021-06-18,389.85791015625,392.5921143691672,389.6511975047522,391.89682121151446,118676300
2021-06-21,395.4390563964844,395.62698739769405,390.80684682653913,391.62429220073597,72822000
2021-06-22,397.5531921386719,398.389447903807,394.70621208953673,395.4297207120128,57700300
2021-06-23,397.0739440917969,398.4363433818504,396.9893837502826,397.6283032245522,49445400
2021-06-24,399.4229431152344,399.8457448281696,398.9719259471938,399.22563564919795,45110300
2021-06-25,400.8417053222656,401.2927224783095,399.84573419263063,400.1745990767725,58129500
2021-06-28,401.6498718261719,401.81899254797867,400.1653199221193,401.3680039564939,53159600
2021-06-29,401.8659362792969,402.6739765145748,401.33035872377803,402.0350569786464,35970500
2021-06-30,402.20416259765625,402.8806740439344,401.37731208840023,401.4054988705683,64827900
2021-07-01,404.4309997558594,404.59074396913576,402.89945103578833,402.9652297515047,53441000
2021-07-02,407.5222473144531,407.8792989685119,404.5155237085029,405.5960838218622,57697700
2021-07-06,406.78009033203125,407.79487206764503,404.03648066752163,407.5787542394076,68710400
2021-07-07,408.21759033203125,408.4994868338858,405.4457944463871,407.4659236755757,63549500
2021-07-08,404.89141845703125,405.6524902342203,401.6967636141339,402.8806657894251,97595200
2021-07-09,409.2134704589844,409.5141485243297,404.69400902551706,406.40408326365025,76238600
2021-07-12,410.6793212890625,410.93303100178167,408.69678404478105,409.1289909276716,52889600
2021-07-13,409.2793273925781,411.3934220558517,409.0162412036738,409.8900601160083,52911300
2021-07-14,409.89007568359375,411.4686215512165,408.6404234073977,410.98001241451976,64130400
2021-07-15,408.4900207519531,409.22290566866724,406.5826389383098,408.54639430906644,55126400
2021-07-16,405.2860412597656,409.7209432529059,404.89142630984423,409.6739748407586,75874700
2021-07-19,399.3008117675781,405.3518228866035,396.4820188366375,400.4471220397971,147987000
2021-07-20,405.02294921875,406.3008168970858,399.1692457026754,399.96790941735486,99608200
2021-07-21,408.30218505859375,408.44314765851226,404.97602971576475,406.2256820890456,64724400
2021-07-22,409.15716552734375,409.4014700806899,407.4940880872588,408.48065410397567,47878500
2021-07-23,413.3665771484375,413.7048185262917,410.4068503952386,411.0927383028575,63766600
2021-07-26,414.38140869140625,414.39081384510376,412.72773607283773,412.77470449282725,43719200
2021-07-27,412.4927673339844,413.3665862535988,409.65516412190027,413.3383994714901,67397100
2021-07-28,412.3235778808594,413.7047874183934,410.89539993579183,413.12224152861904,52472400
2021-07-29,414.03369140625,415.1142229497678,413.244432835135,413.25383798722675,47435300
2021-07-30,412.0229187011719,413.47928339111706,411.32759703614965,411.4591544529141,68951200
2021-08-02,411.1585388183594,414.2967915787936,410.80148711775246,413.74243239731,58783300
2021-08-03,414.50341796875,414.6255702276732,409.75846221708525,411.95711685498514,58053900
2021-08-04,412.464599609375,414.4753237326035,412.2297001895343,413.21626628316693,46732200
2021-08-05,415.07666015625,415.1612205024383,413.3102120156651,413.62967177045795,38969700
2021-08-06,415.7625732421875,416.1854036729654,415.1142485412592,415.39614505319315,46930000
2021-08-09,415.42437744140625,416.05389190609816,414.6539003681498,415.73443209690015,41222600
2021-08-10,415.94110107421875,416.6552044987499,415.1894343873146,415.87532235369696,43339300
2021-08-11,416.97467041015625,417.06863591596345,415.8847336261346,417.01226234732843,44034300
2021-08-12,418.22430419921875,418.36526678880125,415.9223071173895,416.8243128497932,38909400
2021-08-13,418.9853210449219,419.00410267180223,418.1866574517944,418.6752378188392,39470300
2021-08-16,419.971923828125,420.1034525763225,416.11956808546233,417.6793034807547,73740000
2021-08-17,417.2189025878906,418.08331627311867,414.2215841205355,417.40680489265077,92673900
2021-08-18,412.6524963378906,417.7733150905875,412.40822044306,416.2041743706888,89351900
2021-08-19,413.2913818359375,414.49409427742756,409.7772960279677,409.9182299315039,92812200
2021-08-20,416.58001708984375,416.9088820154154,413.1504912643013,413.6391004134635,72008700
2021-08-23,420.2444152832031,421.1558260664564,416.65514571004115,418.2712546656788,54973000
2021-08-24,420.91156005859375,421.44713760045585,420.3947928212322,420.91156005859375,38744700
2021-08-25,421.7948303222656,422.31159761620455,420.72367512126783,421.09953716149374,40529700
2021-08-26,419.30487060546875,421.7478016384588,419.2109051024509,421.512902218037,57829600
2021-08-27,423.0538024902344,423.4296357803634,420.0564839720999,420.11285753190714,77235100
2021-08-30,424.9142761230469,425.7035347462911,423.4860692744892,423.73037385105744,48357400
2021-08-31,424.2846984863281,425.1585173900656,423.68337092085335,424.8202760109067,59300200
2021-09-01,424.5101623535156,425.74103285220224,424.2752629656099,425.22426566850635,48721400
2021-09-02,425.8162536621094,426.62429386298294,424.61356983864454,425.93840594229823,42501000
2021-09-03,425.7129211425781,426.22971709164716,424.2753377820622,424.67938659293344,47170500
2021-09-07,424.1907043457031,425.45916678038213,423.51419295882374,425.36520128999075,51671500
2021-09-08,423.67401123046875,424.3881146731991,421.7478187005373,423.6552295988036,56181900
2021-09-09,421.860595703125,425.2337480854494,421.61629111955517,423.4767049325357,57970400
2021-09-10,418.53436279296875,424.21891687872017,418.41221051546853,423.79611515765436,89948200
2021-09-13,419.6054382324219,421.80412161208045,417.28463126432894,421.54103545948954,83738600
2021-09-14,417.34112548828125,421.259231862823,416.44849619831564,421.0525192206334,78197100
2021-09-15,420.8269958496094,421.32498145214555,416.6551800315069,417.7638983655694,78792200
2021-09-16,420.1598815917969,421.2779763825917,417.2001261406688,420.30081550036397,77786700
2021-09-17,416.0670471191406,419.8092009655331,415.70885157843173,419.3850447458292,118425000
2021-09-20,409.12945556640625,411.5048166227596,404.24672580141237,409.9212425851907,166445500
2021-09-21,408.7430419921875,412.77740239408223,408.2151839034243,411.4765989731629,92526100
2021-09-22,412.730224609375,414.7756961285755,408.85612048010717,411.0241068459511,102350100
2021-09-23,417.7448425292969,419.3567222880736,414.370319871226,414.605971778709,76396000
2021-09-24,418.4330749511719,419.14946615794776,415.8880221231808,416.10483229526034,62094800
2021-09-27,417.2359619140625,418.56501369827305,416.5384125284229,417.3961891431446,61371100
2021-09-28,408.82781982421875,414.7851074945161,408.092586956221,414.4551890406225,130436300
2021-09-29,409.5159912109375,411.9573420861644,408.95042074872117,410.2135118135427,82329200
2021-09-30,404.5107421875,411.7028158417851,404.1713884067889,410.9958599619211,140506000
2021-10-01,409.3179931640625,411.0052691446982,402.7103321875053,406.24511136235,129240100
2021-10-04,404.0394592285156,409.05411133426054,401.89028562676936,408.1492158156004,128570000
2021-10-05,408.2434997558594,410.4963177475308,404.7464323941853,405.5476261208537,90682500
2021-10-06,409.9400939941406,410.1474688443581,403.00251494341944,404.6332078979385,113032200
2021-10-07,413.4843444824219,416.33100970659876,413.05075294528,413.22985073007703,72437500
2021-10-08,412.730224609375,414.64374599907245,412.0986935121197,414.25727336121037,74557400
2021-10-11,409.7421875,414.9925198577681,409.67619805003494,412.07042992014857,65233300
2021-10-12,408.73358154296875,411.0712591964954,407.9417944585742,410.66594475438393,71181200
2021-10-13,410.2040710449219,411.02413525942126,406.77299348127605,409.761044211489,72974000
2021-10-14,417.10394287109375,417.2547635679065,413.4089077144482,413.88021160469805,70236800
2021-10-15,420.2804870605469,420.64811786818393,418.602646519307,419.22477104800544,66260200
2021-10-18,421.5247497558594,421.86407472825306,417.82971482631206,418.48955173855063,62213200
2021-10-19,424.77679443359375,424.84275511760603,422.54278977547085,423.1555078607133,46996800
2021-10-20,426.4452209472656,426.74686236318604,425.1255757102496,425.23868404969255,49571600
2021-10-21,427.5574645996094,427.78368126436493,425.4083199861109,425.84191151559463,41305400
2021-10-22,427.1144104003906,428.5754696428719,425.1632054936649,427.12384568285273,58845100
2021-10-25,429.4049987792969,429.73491728325956,426.42638325821224,428.2078971538363,45214500
2021-10-26,429.79144287109375,432.17623944578014,429.4144055056858,430.9602960997976,56075100
2021-10-27,427.8874816894531,430.9226806275363,427.81205693974783,430.25343699599796,72438000
2021-10-28,432.0160217285156,432.0914176968122,429.31074189544364,429.3201484126634,51437900
2021-10-29,432.8926696777344,433.18487581977735,429.4144442929163,429.7066504349592,70162400
2021-11-01,433.63726806640625,434.2593926199993,431.9028732955281,433.88232651519985,48433600
2021-11-02,435.3905944824219,435.7016712064641,433.6750411563234,433.8070200734591,48908400
2021-11-03,438.0487060546875,438.4540205123054,434.38194783725373,434.824974662078,52509800
2021-11-04,440.113037109375,440.1978683644072,438.3032173703606,438.6519776741961,52847100
2021-11-05,441.63995361328125,443.6382771948116,440.12236913025,442.3469093387907,66390600
2021-11-08,442.0170593261719,443.24246669971006,441.3289740571507,442.7428857270056,50405200
2021-11-09,440.5560607910156,442.6203742803155,439.1421490184052,442.3847223182138,51149100
2021-11-10,437.0118408203125,440.5560554928544,435.52253309482785,438.85934412646145,69429700
2021-11-11,437.1531677246094,438.58594985547217,437.13432592618915,438.5105251295823,34848500
2021-11-12,440.452392578125,441.0085277991881,437.47374809793996,438.4257913026316,53466700
2021-11-15,440.6031494140625,441.9039527580955,439.4720373333301,441.7437255438924,46980500
2021-11-16,442.3469543457031,443.4875016443956,440.26379931709175,440.339195278399,48857500
2021-11-17,441.2724609375,442.2621876920173,440.6503362929629,442.08308989588795,47858300
2021-11-18,442.7712097167969,443.0351387724861,439.57575519666824,442.30931229475857,50625600
2021-11-19,441.97930908203125,443.9116432330203,441.6116782955716,442.657958965768,57315600
2021-11-22,440.73516845703125,446.3625385887317,440.52779357509166,443.86463348771593,72762000
2021-11-23,441.3195495605469,442.17732611315665,437.79420558269936,440.4052188410492,73206500
2021-11-24,442.497802734375,442.6203463495124,438.49171963144255,439.31178380523045,61858800
2021-11-26,432.6286926269531,437.2757420644132,431.49755178793635,435.80527623335524,112669600
2021-11-29,437.93560791015625,439.78311122075047,435.23032801383044,437.4360269059508,86268800
2021-11-30,429.4144287109375,437.39831833000216,429.1693414654298,435.48482555019865,148559600
2021-12-01,424.644775390625,438.0015393624395,424.4468358250854,435.1454391380923,131939200
2021-12-02,431.1488037109375,432.72297140039274,424.46571783383473,424.8616257685235,127637800
2021-12-03,427.397216796875,433.8823339250444,423.15548194038644,432.8172113357215,137331600
2021-12-06,432.45904541015625,434.3442610310532,427.52919620571214,429.9517051824305,98977500
2021-12-07,441.4044189453125,441.9699894291605,432.32710041618657,437.75653103535194,95484700
2021-12-08,442.5732421875,443.02570432644137,440.0376246848535,441.80032558687594,72238800
2021-12-09,439.58514404296875,442.6768964113346,439.38720446363953,441.28182654086095,61272600
2021-12-10,443.72320556640625,443.87402627279704,439.7359928119884,442.2998872884148,77159800
2021-12-13,439.79254150390625,443.55353753495234,439.5097418956549,443.2047772409396,87724700
2021-12-14,436.7667541503906,439.0101654081396,433.8352575809866,436.51226038984663,97264100
2021-12-15,443.59124755859375,443.836306031787,434.29711945911913,436.8233302887185,116899300
2021-12-16,439.6794128417969,445.7309387127813,438.1240869835833,445.4481678837098,116568600
2021-12-17,434.99993896484375,439.60656170872556,433.28782720309647,436.5890765889238,135511600
2021-12-20,430.3743896484375,430.771659603725,426.742062864258,429.90142998069797,107134800
2021-12-21,438.0174560546875,438.159338198056,431.63249979857073,433.80810297600897,69806300
2021-12-22,442.3970947265625,442.5106004481901,437.5634310546569,437.7620949346776,58890200
2021-12-23,445.14971923828125,446.6537277682901,443.2957251145635,443.3997624025647,56439700
2021-12-27,451.44952392578125,451.49680835120154,446.4834468354877,446.530731260908,56808600
2021-12-28,451.08056640625,452.91565229770765,450.3143740241347,451.8846036460607,47274600
2021-12-29,451.6576232910156,452.6792035816923,450.181991278277,451.1846635723899,54503000
2021-12-30,450.4090270996094,453.0954349828374,449.9455357877482,452.08329420204046,55329000
2021-12-31,449.2738342285156,451.07107517141947,448.9995384088033,449.9170813081463,65237400
2022-01-03,451.8750915527344,452.0075341082872,448.2238569850489,450.54134190273305,72668200
2022-01-04,451.7237854003906,454.02239141771696,449.86032307936296,453.3034834561525,71178700
2022-01-05,443.0497741699219,452.1306070232727,442.9551764477384,451.3549461154086,104538900
2022-01-06,442.633544921875,445.3577975269539,440.25927789073734,442.58626049675826,86858900
2022-01-07,440.88360595703125,443.82543054400713,439.5214795995845,442.6430311967215,85111600
2022-01-10,440.33489990234375,440.5524428650343,431.90675552654443,437.6768689948834,119362000
2022-01-11,444.34564208984375,444.44023980411635,437.0620510983953,440.07009675611505,74303100
2022-01-12,445.5469665527344,447.6090928817036,443.5794668088616,446.08614756445814,67605400
2022-01-13,439.4079284667969,447.30636106377136,438.3768798065865,446.65367438215316,91173100
2022-01-14,439.5876770019531,439.9376625709824,435.0283384384738,436.248582581367,95890900
2022-01-18,431.802734375,435.0850758226512,430.68655641963403,434.8769724015517,109709100
2022-01-19,427.3191223144531,434.7540355227191,427.0447975842269,433.35409317640193,109357600
2022-01-20,422.5894775390625,433.93104152080394,420.4611589616414,429.2109131132616,122379700
2022-01-21,414.29376220703125,423.828616436145,414.26538578156715,421.46381809024535,202271200
2022-01-24,416.0531921386719,416.5639967057134,398.0050623972924,408.66556381495764,251783900
2022-01-25,410.97357177734375,415.9396482515973,404.04943536512155,409.63982206019847,167997300
2022-01-26,409.94256591796875,420.02607047448777,405.6669916326692,416.88561104852806,186391100
2022-01-27,407.9183044433594,417.7085767658078,406.2251293704537,414.55867762115867,149878300
2022-01-28,418.0491027832031,418.0963872077387,404.68325664580124,409.28041120998864,164457400
2022-01-31,425.5785827636719,425.9285683081596,416.02479145329517,417.3774492101084,152251400
2022-02-01,428.45428466796875,429.0975030532862,422.7692987631634,426.3070287495839,123155400
2022-02-02,432.6162414550781,433.3445889976843,428.548770732719,430.86628479936365,117361000
2022-02-03,422.4476318359375,428.4731341093042,421.60574966980835,426.5623872138765,118024400
2022-02-04,424.43408203125,428.2934208063521,419.8274299173056,422.21116548081926,118454400
2022-02-07,423.0719909667969,426.6002524449654,421.73824092526803,425.20030997339467,84472900
2022-02-08,426.55291748046875,427.4799289301471,421.1422570922283,422.5706046938253,81012000
2022-02-09,432.7958984375,433.1175075159952,430.40272390788056,430.60135886606434,92589900
2022-02-10,425.0205078125,432.95675649430774,423.0151633217596,426.9312545906798,140103700
2022-02-11,416.6396179199219,427.1866126231048,415.20183093771124,425.1056074278394,153214600
2022-02-14,415.2774963378906,417.7179843894402,411.7965201108774,416.1288468336951,123006300
2022-02-15,421.9746398925781,422.14489845233356,419.2125426099258,419.7328155876255,88482700
2022-02-16,422.4476318359375,423.82866614912444,418.03964373808554,419.92201420472077,84863600
2022-02-17,413.4235534667969,422.4192566946621,412.81818002832114,419.2504207563761,102259100
2022-02-18,410.7465515136719,414.9369671200802,408.46688251728386,413.6788782748005,132642900
2022-02-22,406.338623046875,411.9479184294001,402.8292411204385,408.5331630880986,124391800
2022-02-23,399.1307678222656,409.82911568109824,398.56321031576954,409.2615581746021,132578000
2022-02-24,405.1373291015625,405.5724728761173,388.4324153595636,388.7918405378163,213942900
2022-02-25,414.0762634277344,414.1613927191471,404.7211056644664,406.3764647986721,121804500
2022-02-28,413.0168151855469,414.501915654171,407.4075197600478,408.66557993038384,145615000
2022-03-01,406.7264709472656,413.52763436039083,404.0116577742562,411.51282123663765,137785900
2022-03-02,414.2086486816406,415.9396684351106,408.2304313077541,408.9871552603508,117726500
2022-03-03,412.1466064453125,417.25456633356055,410.339896608323,416.64919282162504,105501700
2022-03-04,408.7979431152344,409.93302891754075,404.73994136911347,408.40064432076974,113978200
2022-03-07,396.7469482421875,408.92092572544067,396.6807269592001,408.2114862090071,137896600
2022-03-08,393.7388916015625,404.1061585985236,392.6699982200299,396.92663488599277,164772700
2022-03-09,404.2954406738281,406.28187731724785,399.9536738077774,402.1482138875015,116990800
2022-03-10,402.4698181152344,403.36842427273797,397.70237600280313,399.669875757918,93972700
2022-03-11,397.35235595703125,405.58183714067377,396.8415514153587,404.96699532473235,95636300
2022-03-14,394.44842529296875,401.5901058587185,393.30387079878767,398.1280659463087,95729200
2022-03-15,403.12237548828125,403.7561251510189,395.79150210067263,397.0684698551076,106219100
2022-03-16,412.0613708496094,412.1181236996137,401.8265168470492,406.64127160402853,144954800
2022-03-17,417.2166442871094,417.2166442871094,409.7627953751919,410.1411573323763,102676900
2022-03-18,421.78631591796875,422.10892413881095,414.8596646232218,415.59977264911765,106345500
2022-03-21,421.66302490234375,423.6271389755555,418.1427408368208,421.61556462774155,88349800
2022-03-22,426.5970458984375,427.53640601074585,423.0577952903336,423.0577952903336,74650400
2022-03-23,421.1031799316406,425.55332638564335,421.0177861842086,424.0541434470879,79426100
2022-03-24,427.4510192871094,427.4605171330371,422.01408163043,423.1337270897033,64736900
2022-03-25,429.53857421875,429.8137511747799,425.49642945960795,428.0868224887111,77101300
2022-03-28,432.5938415527344,432.5938415527344,427.0430166243515,428.9407325686296,68529800
2022-03-29,437.9454345703125,438.43885930354094,433.79892940016117,436.49368286841064,86581500
2022-03-30,435.24114990234375,437.6132947591107,433.1251862656429,436.79726187082275,79666900
2022-03-31,428.5422668457031,435.29813157975457,428.086804553789,434.47262970310084,121699900
2022-04-01,429.7567443847656,430.26910681563794,426.17006258443,430.12678391817343,89048800
2022-04-04,433.4383239746094,433.54271341244913,429.13052949203757,429.9560313211461,59601000
2022-04-05,427.9634704589844,434.4156939980702,426.81536025846015,431.93918824030493,74214500
2022-04-06,423.68408203125,425.9708333848193,420.790076589019,424.0351838301639,106898000
2022-04-07,425.8190002441406,427.640820370861,420.8469935201735,422.8016387112071,78097200
2022-04-08,424.68035888671875,427.5838618920814,423.1337157978344,425.0598962746841,79272700
2022-04-11,417.4216613769531,422.2418477063847,416.9187677503184,421.3973501116836,89770500
2022-04-12,415.8749694824219,422.95344185969435,414.3188285059621,420.4199783284058,84363600
2022-04-13,420.63824462890625,421.3973194587367,415.44799012468565,415.62827546421886,74070400
2022-04-14,415.4005432128906,421.98561991128474,415.29615377751963,420.86594548757074,97869500
2022-04-18,415.5712890625,417.26025493957,413.3319693962827,414.4706104410501,66002500
2022-04-19,422.27972412109375,423.00083642794516,415.2961149824249,415.4669024532441,77821000
2022-04-20,421.966552734375,424.6803011552687,420.7994761489561,424.063549364061,65224400
2022-04-21,415.6567687988281,426.9956344536789,414.74587314865204,425.6008119158231,85417300
2022-04-22,404.2514953613281,415.67572553702075,403.68217473484395,414.56557782438404,132471800
2022-04-25,406.5951232910156,406.7659107697977,397.41965431182905,402.00265435707155,119647700
2022-04-26,394.8197937011719,404.25144391924186,394.79132912131234,404.05216290337904,103996300
2022-04-27,395.929931640625,401.29100202413235,393.7855324440676,395.90146706145794,122030000
2022-04-28,405.93096923828125,407.6673957249043,396.24313643650856,400.69328310824267,105449100
2022-04-29,390.92950439453125,404.0901605040377,390.17989845051727,401.9267653758565,145491100
2022-05-02,393.2827453613281,394.64910344488345,384.30652620969465,390.995993693112,158312500
2022-05-03,395.08551025390625,397.50508664209,392.21994047752736,393.78557938889816,100028200
2022-05-04,407.11700439453125,407.68632497643506,392.5520285453258,395.7496753190645,144247900
2022-05-05,392.6469421386719,403.26466589369136,388.5004371483432,402.83766819412307,172929100
2022-05-06,390.30322265625,393.58626302991394,384.98014349725037,390.075506016204,151770800
2022-05-09,377.80682373046875,385.6254048215441,376.222218040834,384.3824030885751,155586100
2022-05-10,378.6796875,385.3121948088029,374.62807478065565,383.8035142558361,132497200
2022-05-11,372.66400146484375,383.3766170241636,371.91439549274446,377.7119332720128,142361000
2022-05-12,372.27490234375,375.5579425463097,365.45261177508553,369.45679324266854,125090800
2022-05-13,381.1752624511719,382.5605871160499,375.3777246252647,376.42147428654954,104174400
2022-05-16,379.62860107421875,383.31017481839024,377.26595387479733,379.5242405914911,78622400
2022-05-17,387.4376525878906,387.6748670554885,381.9911887211895,385.73918889197347,83029700
2022-05-18,371.8194885253906,383.1488555613553,370.57648684005943,382.86420973908423,117674500
2022-05-19,369.5422668457031,373.98294475283024,367.31244452339,368.7452295179755,98510700
2022-05-20,369.7035217285156,376.7250646538933,361.07840657695476,373.13838281901803,131432200
2022-05-23,376.6207580566406,377.38933077714205,370.41521816810126,372.739903066548,76414900
2022-05-24,373.7457275390625,374.94126904362616,367.17011895813306,372.4837300616024,91448800
2022-05-25,377.0477294921875,379.0213705085386,371.8480057616769,372.24650993825225,91472900
2022-05-26,384.5816345214844,386.2231692896121,378.072482526249,378.2812324449887,82168300
2022-05-27,394.0228271484375,394.13668548828804,386.84946216934003,387.04871426407846,84768700
2022-05-31,391.81195068359375,395.1614184678653,389.06026810856656,392.40023804607233,95937000
2022-06-01,388.6427307128906,394.9526303936965,386.1187650491988,393.93737437755783,86585800
2022-06-02,396.0439147949219,396.0913461194014,386.22322720889935,388.4815142256935,79609600
2022-06-03,389.5441589355469,392.86516182904495,388.5668363851628,391.30902085966204,71874300
2022-06-06,390.730224609375,395.3036979360481,389.5536210568921,393.56730062291246,57508900
2022-06-07,394.4781799316406,394.93364215486133,386.7639604571099,387.2289205256619,59272400
2022-06-08,390.18939208984375,394.55414472787754,389.39235483614425,392.76078918941744,64350000
2022-06-09,380.9095764160156,390.68280270998093,380.9095764160156,388.4055491902739,86289800
2022-06-10,369.8648681640625,375.5390499094263,369.81743684278183,374.6850834284205,132893900
2022-06-13,355.8217468261719,362.28346743198733,354.2086766578207,360.42371387649325,170004900
2022-06-14,354.74957275390625,358.61143216554296,351.6373193482159,357.57718031270616,104011800
2022-06-15,359.8069763183594,364.2665916822706,353.089045254612,358.06105206229864,125666800
2022-06-16,347.8987121582031,351.96932029340303,345.4601406234514,351.5613183825016,134473300
2022-06-17,348.64874267578125,352.0031690489885,345.13235902285084,348.3152310787503,111113900
2022-06-21,357.4255065917969,358.81681534819097,354.3188581815829,354.3951110098947,76811900
2022-06-22,356.77752685546875,360.9038171947583,352.7655576024374,353.18486094043567,90059400
2022-06-23,360.27490234375,361.0086687260645,355.34813119603893,358.92171976005955,79292100
2022-06-24,371.7294006347656,371.738939509623,363.42915449401596,363.4577420366525,98050300
2022-06-27,370.30950927734375,372.94918935666453,369.213614685377,372.65377505140225,66009600
2022-06-28,362.74298095703125,374.6644792020002,362.6286308001763,371.87232290504204,86548900
2022-06-29,362.4476013183594,364.286801041329,360.6179404700163,363.29574686594935,65676000
2022-06-30,359.5029602050781,362.75254644984545,355.0335903944629,358.5404645110338,112508300
2022-07-01,363.3052673339844,363.7436484326006,356.21526590396945,358.84543616792405,74839700
2022-07-05,363.9913330078125,364.01041075424905,355.35754763192216,358.19736906756344,81438000
2022-07-06,365.22064208984375,367.7173839005978,361.7423560768026,364.1342575317376,70426200
2022-07-07,370.69061279296875,371.4910929211307,365.2396993738306,367.0026750631787,64525900
2022-07-08,370.3857116699219,372.26303762487726,367.51730255509904,369.05154895851365,72397800
2022-07-11,366.15460205078125,368.6703928823558,365.4589331166824,367.6983874150096,58366900
2022-07-12,362.91455078125,367.993827167092,361.16111363619996,365.6018961252451,62219200
2022-07-13,361.00860595703125,363.9532680138976,357.0347924506578,357.4540957624864,84224600
2022-07-14,360.1319580078125,361.2183137887282,353.58514853179514,356.0342257471146,89704800
2022-07-15,367.01226806640625,367.1266182327333,362.6381997127906,364.5536231626373,79060400
2022-07-18,363.9819030761719,370.7860002847752,362.7525805204478,370.109409022233,63203600
2022-07-19,373.8163146972656,374.3880945343519,367.25999702205866,367.91751039048773,78506000
2022-07-20,376.19879150390625,377.6187170853848,372.63474194197374,374.00700222845904,71843800
2022-07-21,380.0296936035156,380.0773298161558,373.20651865026207,375.61749846498117,64903900
2022-07-22,376.50372314453125,381.35427008262405,374.2738075771249,380.15356421213477,72197300
2022-07-25,376.9610595703125,377.8187147174266,374.71206681008834,377.13258478334967,53631500
2022-07-26,372.50128173828125,375.5221383804845,371.6055000576572,375.3124867300845,52946400
2022-07-27,382.173828125,383.92726526145685,375.5126398831095,375.8080541838099,82342100
2022-07-28,386.9671630859375,387.6628029165216,379.41973266149375,382.98381076172706,73966600
2022-07-29,392.6087341308594,393.5998175260525,387.63429756686446,388.40619038869653,87003700
2022-08-01,391.446044921875,393.9618647731453,389.18754201289954,389.90225959583773,69997500
2022-08-02,388.8636474609375,393.5712575656387,387.6819900374216,389.8737795968994,63435400
2022-08-03,394.9529724121094,396.12509070824535,390.71230285807104,390.9981782761689,67820600
2022-08-04,394.6861572265625,395.5628612557088,393.0375313820632,394.8767311502338,45656600
2022-08-05,394.0190734863281,394.66707717050787,390.3311350966772,390.388310181638,56814900
2022-08-08,393.56158447265625,397.97377871678725,392.4561511932812,395.71527595505336,53886100
2022-08-09,391.9987487792969,393.33288235794674,390.9219030430517,392.82781646453174,44931800
2022-08-10,400.2323303222656,400.3752971125264,397.11617195301557,399.07926069918796,68665700
2022-08-11,400.2323303222656,404.95901714510643,399.4890251570347,403.0912008165285,59489700
2022-08-12,407.0078430175781,407.1126543031395,401.2233884335798,402.17634520529884,61694500
2022-08-15,408.6850891113281,409.2092328643865,404.7303237255908,404.78749881400626,54048300
2022-08-16,409.4855041503906,411.42000508115757,406.79815928639016,407.6081782948637,59289000
2022-08-17,406.57904052734375,409.29497340825594,404.5683155020595,405.87386175365134,63563400
2022-08-18,407.7607421875,408.446843237324,405.4831612355664,406.7791686611495,49023200
2022-08-19,402.28118896484375,405.25440946456814,401.4044559314192,404.98758272951426,68016900
2022-08-22,393.9046936035156,397.6021705890649,392.99937302336656,397.43061626518767,77695600
2022-08-23,392.9517517089844,395.87733613472665,392.39902046586167,393.4758663287654,49105200
2022-08-24,394.2096252441406,395.58185618674804,392.03688505227575,392.7229859826137,49177800
2022-08-25,399.7748718261719,399.8225080280783,394.60983375096794,395.7057281321885,50942300
2022-08-26,386.2428894042969,400.203699664141,386.1857143271262,399.66053643101975,103087000
2022-08-29,383.68902587890625,386.74800926201755,382.3263045463414,383.27926140804027,65370800
2022-08-30,379.4769287109375,385.0898583631651,377.37090227301206,384.85161915718464,85652400
2022-08-31,376.5894775390625,382.36439367038383,376.4560787038959,381.1160225349225,76029700
2022-09-01,377.7711486816406,378.11419917142905,371.69127962474215,374.40721232996884,78740100
2022-09-02,373.78778076171875,382.66934546989927,371.96762971164344,381.4495618807624,99632100
2022-09-06,372.37738037109375,375.5793010181184,370.1474651172163,374.6358831635364,76637400
2022-09-07,379.067138671875,379.8390313205994,371.84373923012936,372.0629006724015,70964200
2022-09-08,381.54486083984375,382.00226150651457,375.57934176857907,376.7896155569929,80821700
2022-09-09,387.47216796875,388.33936198381167,383.52691359793704,383.79374028857694,76706900
2022-09-12,391.63665771484375,392.360914189905,389.2447268378426,389.5496799938614,69256300
2022-09-13,374.6072998046875,384.1368671918231,373.48281783266907,382.9265935212206,122947100
2022-09-14,376.0367431640625,377.56147979584756,372.7204431710749,375.9128541322022,85023700
2022-09-15,371.76751708984375,377.3327815354644,370.4905584164042,374.473911020677,87633800
2022-09-16,368.9312438964844,369.59148733618645,365.6300266979739,367.5725031954964,103084800
2022-09-19,371.7923889160156,371.7923889160156,365.6971224730672,365.7736885415829,73278500
2022-09-20,367.5247802734375,369.46722829975914,364.75943675286993,368.45294682008785,77274900
2022-09-21,361.11370849609375,372.51959913129366,361.1041304377305,369.457598997585,106746600
2022-09-22,358.0804443359375,361.9844671030688,357.33408575392417,360.3386469989625,89472600
2022-09-23,352.080810546875,354.63564059434674,347.62178673365196,354.5973575655179,122346900
2022-09-26,348.59783935546875,354.24337513079183,347.373045054377,350.6072752623192,92581200
2022-09-27,347.70794677734375,354.42517373959924,345.3061901306675,352.1478150517164,108294100
2022-09-28,354.5495300292969,356.24318175796077,346.96154744867806,348.6647772350154,110802200
2022-09-29,347.1434326171875,351.277095458396,344.186703076007,350.9900456782433,112952300
2022-09-30,341.77532958984375,350.1288276674464,341.64138277467254,346.19607091427036,153711200
2022-10-03,350.79864501953125,352.6549780572887,343.7178017916793,345.50714681640204,89756500
2022-10-04,361.668701171875,361.69740614716403,350.76037254104983,356.3389202158151,103602800
2022-10-05,360.8265686035156,363.094348746311,354.9513944362517,357.28616257347886,88065700
2022-10-06,357.1044006347656,362.38631999103904,356.6068088422916,359.42001295633844,82333500
2022-10-07,347.1434326171875,357.1905837421588,345.37321443584074,353.05689169954843,107789500
2022-10-10,344.4928283691406,348.50212184161734,342.24420395687974,348.2629039933855,76042800
2022-10-11,342.3111267089844,347.3729840208437,340.3686791539774,342.78956235505893,92482800
2022-10-12,341.1820373535156,344.3014472178976,340.9332414645344,342.7226153717063,76991800
2022-10-13,350.18621826171875,351.6598083555464,333.09648032022864,334.14904467296265,147254500
2022-10-14,342.2059020996094,354.2911917996768,341.5647854530019,352.6549207827784,123737000
2022-10-17,350.9995422363281,352.1095164641869,341.87098172888943,348.3107361814287,93168200
2022-10-18,355.1236877441406,359.2573792050148,351.6693668016211,358.9511733483431,97162900
2022-10-19,352.6070556640625,355.8125801921962,349.7842737956925,353.07591323216866,79746900
2022-10-20,349.650390625,356.5972865092172,348.8848759647924,352.15738908420826,88283100
2022-10-21,358.14739990234375,358.6353844531529,347.8610324838875,349.3728764279388,131038400
2022-10-24,362.5298156738281,363.66849482840456,357.0182277795015,359.67835796017783,85436900
2022-10-25,368.3189697265625,368.63472445502714,362.33852319095206,362.4533430922119,78846300
2022-10-26,365.54400634765625,370.86420906296183,364.9029188543151,365.1612636230857,104087300
2022-10-27,363.592041015625,368.3955254058148,362.97005118304014,366.54877042964904,81971800
2022-10-28,372.2420959472656,372.7205316401089,363.30492070912123,363.4867286085135,100302000
2022-10-31,369.5533447265625,371.64889570941466,368.64433429562126,369.7734356905512,96631300
2022-11-01,367.93621826171875,373.55307848970085,366.7592850069132,373.31386061496465,85407600
2022-11-02,358.702392578125,371.86895295670394,358.59715073623875,367.3429405262177,126990400
2022-11-03,355.0088806152344,358.0613028304703,352.88462486045256,355.44903329915525,87100100
2022-11-04,360.1185302734375,362.5298355084349,354.0423914979902,360.7404907966008,103505200
2022-11-07,363.5633239746094,364.1565796093266,359.3339392603805,361.41991204096684,68286900
2022-11-08,365.5248107910156,368.51024436399695,361.42940308424005,364.6731813774781,84641100
2022-11-09,357.99432373046875,364.7020020044285,357.4967318827505,363.5441665136991,78495500
2022-11-10,377.6675109863281,378.0024217596619,369.0078379693138,371.3138719539829,141455800
2022-11-11,381.32281494140625,382.1265833794771,376.6341219172314,378.5287377221533,93839900
2022-11-14,378.0789489746094,382.92071497584607,377.8014481464744,379.5525388188877,71903500
2022-11-15,381.30364990234375,384.9589054196068,377.47616455268087,383.8489311640371,93194500
2022-11-16,378.394775390625,380.6242727188842,377.76323681489697,379.6674013983378,68508500
2022-11-17,377.2369384765625,377.9163381362893,373.3137894399865,373.61996606820946,74496300
2022-11-18,378.9497375488281,380.6529672847848,376.08870172305114,380.5859792858429,92922500
2022-11-21,377.57183837890625,378.74880057674284,375.7250837996834,377.61969946418736,51243200
2022-11-22,382.65283203125,382.81551300299,378.107693296842,379.5238733518545,60429000
2022-11-23,385.064208984375,385.5521935507362,382.0883236888626,382.3179634847973,68261600
2022-11-25,384.97808837890625,385.53309018818607,384.2221809373079,384.49965264054777,30545400
2022-11-28,378.8349609375,383.5236249752819,378.0694462937125,381.87780499288607,67881600
2022-11-29,378.18426513671875,380.16496659083106,376.33748128228444,378.96887743191024,52310000
2022-11-30,390.0973205566406,390.0973205566406,376.509764364217,378.4330559976652,144566700
2022-12-01,389.8102722167969,392.3172705907876,387.29369578444215,391.14030826651214,76398200
2022-12-02,389.3605651855469,390.26957554211833,384.7962988819975,384.9015407248155,85342700
2022-12-05,382.3562316894531,387.46592136062503,380.99749068100294,386.52820609599246,77289800
2022-12-06,376.84466552734375,382.7389970887848,374.7491439436975,382.1936025622626,77972200
2022-12-07,376.2035217285156,378.5765730518742,375.0648425517108,375.9930088756258,65927900
2022-12-08,379.1507263183594,380.2224176484129,376.3088170014075,378.09819110581316,60737900
2022-12-09,376.31842041015625,380.47123919455976,376.194022443574,377.9068305961282,81447700
2022-12-12,381.7438659667969,381.7438659667969,376.442790105869,377.112582581271,75405800
2022-12-13,384.63360595703125,392.78613994486886,381.85868467865026,392.52779517391076,123782500
2022-12-14,382.1744384765625,388.01135996614795,379.21770929936065,384.289116133772,108111300
2022-12-15,372.82574462890625,378.20335630695564,371.1607980214883,377.29431695153045,117705900
2022-12-16,368.4241943359375,371.6059805929755,366.28059118115254,370.2602148451411,119858000
2022-12-19,365.3000793457031,368.95290559297706,363.62748687937614,368.6164568242752,79878100
2022-12-20,365.79986572265625,367.4244062499485,363.21405999982943,364.5406106633448,74427200
2022-12-21,371.2695007324219,372.40378672559586,367.8666134174116,368.40491962893446,78167400
2022-12-22,365.9729309082031,371.25026808589166,360.25339056526093,368.21266617846675,100120900
2022-12-23,368.07806396484375,368.2222478788091,363.3870850605954,364.94433000239394,59857300
2022-12-27,366.62664794921875,368.3088625380456,364.94443336039194,367.96282104652425,51638200
2022-12-28,362.0701599121094,368.53948537894604,361.83946564754007,366.5592520446096,70911500
2022-12-29,368.5875244140625,369.4622792515573,364.396392958345,364.9251064107132,66970900
2022-12-30,367.61669921875,367.7608831535474,363.77163783487043,365.89605537101687,84022200
2023-01-03,366.069091796875,371.4617765380731,363.19488834099036,369.481572187265,74850700
2023-01-04,368.8952331542969,370.93311118520086,365.28086572711294,368.3376827734689,85934100
2023-01-05,364.68487548828125,367.04958018001776,364.08889562849737,366.9342330246392,76970500
2023-01-06,373.0478515625,374.1725449520528,364.71369723961243,367.7897288196835,104189600
2023-01-09,372.8363342285156,378.4501492308945,372.6537208155279,375.2491194480199,73978100
2023-01-10,375.4510192871094,375.51831490424064,371.3079678453285,372.2500184786919,65358100
2023-01-11,380.19964599609375,380.2765636489995,376.2200228551562,377.03710423821616,68881100
2023-01-12,381.5838928222656,383.05462766402485,377.21976916675254,381.3051469866937,90157700
2023-01-13,383.0643005371094,383.64106570238215,378.10416705255517,378.37332021828314,63903900
2023-01-17,382.362548828125,384.72728296498246,381.6800585701671,383.0450684215765,62677300
2023-01-18,376.3258361816406,384.6215624704066,376.1239786325473,383.55457180398867,99632300
2023-01-19,373.5861511230469,375.93161140895137,372.25960034785896,374.27823396002685,86958900
2023-01-20,380.54571533203125,380.69952130177495,373.3362255124201,374.98960301780386,91806400
2023-01-23,385.1117858886719,387.0535315568682,380.3919689603618,381.3532344202499,84178800
2023-01-24,384.6983642578125,385.6115486427706,382.2375275680186,383.42948708903174,59524900
2023-01-25,384.8425598144531,385.1790085287634,378.31556036459153,380.6129984594492,84800300
2023-01-26,389.0721435546875,389.2355715689227,384.53497000924045,387.5148984088141,72287400
2023-01-27,389.9660949707031,392.3500434455685,387.8128701130754,388.02434964984155,68346200
2023-01-30,385.07330322265625,389.4374563543724,384.7753132953742,387.1976915435842,74202000
2023-01-31,390.73516845703125,390.78321999260135,385.24632192810753,385.5923927248843,86811800
2023-02-01,394.88775634765625,397.6466122805927,386.7650825168854,389.5142870743959,101459200
2023-02-02,400.6361999511719,402.1069348680651,396.8872706861001,398.79055744002517,101654500
2023-02-03,396.37774658203125,400.818787510041,395.1665429342146,395.6471755772544,94736800
2023-02-06,393.95538330078125,395.35885189681073,392.292412944782,393.91695380659627,60295300
2023-02-07,399.1077880859375,400.3574213852453,391.78295035245776,393.0325836517656,90990700
2023-02-08,394.7436218261719,398.47333618854617,394.05150958021073,397.12757052570265,76227500
2023-02-09,391.3215026855469,398.51177797014213,390.091084227083,398.3579719958979,78694900
2023-02-10,392.2347412109375,392.6192415030363,389.3221082284389,390.13916034833926,70769700
2023-02-13,396.8391418457031,396.97373306906144,392.4269376283513,392.88835553423695,64913500
2023-02-14,396.65655517578125,398.9731788953455,392.6865245158335,395.31076019339895,88389300
2023-02-15,397.9446105957031,398.02149891037635,393.6092948018598,394.45521294070613,61555700
2023-02-16,392.46539306640625,396.9160560713669,392.3308311796985,392.9556477537095,76431500
2023-02-17,391.4849548339844,391.72527118315116,388.399271789129,390.3314246237872,89257800
2023-02-21,383.63140869140625,388.50503135725484,383.3718775916629,387.4476335398875,82655900
2023-02-22,383.1026611328125,385.592334611249,381.6415191773993,384.04468230355275,83742300
2023-02-23,385.1405944824219,386.6209513962091,380.9014105944118,386.005727465885,96242400
2023-02-24,381.0263671875,381.86266335503956,378.39250949469886,380.1035606580243,108194400
2023-02-27,382.3240966796875,385.74619914411034,381.38204603041686,384.3811893735747,80444700
2023-02-28,380.9110412597656,383.81405224104327,380.8052868100692,381.8434698821235,96438600
2023-03-01,379.44989013671875,381.32436937882426,378.1425832891619,380.0939508547448,99706800
2023-03-02,382.4010009765625,383.24691925442625,377.13325582336086,377.4697045932603,85127800
2023-03-03,388.5338439941406,388.7837823723887,383.5737112700418,384.22736466723944,90120000
2023-03-06,388.80303955078125,391.6676211659376,388.36086565565427,389.36056060676793,72795900
2023-03-07,382.8431701660156,388.9952923529964,382.2279755486132,388.7549759968016,108310600
2023-03-08,383.4680480957031,384.22742672296494,381.22828304156434,382.95857855156135,74746600
2023-03-09,376.39306640625,385.9288317963225,375.4029642473178,384.2562101022739,111945300
2023-03-10,370.96197509765625,377.93115001910456,369.43356646272906,375.84519096258424,189253000
2023-03-13,370.4332580566406,375.26845167141585,365.90570577709656,367.0207772745194,157790000
2023-03-14,376.55645751953125,378.2098349693888,372.05771372820567,375.37409066804696,149752400
2023-03-15,374.2013854980469,374.4032430136639,368.84713029743835,370.9427111182641,172996900
2023-03-16,380.7668151855469,381.1128859764341,371.327211458966,371.8366809364042,143254200
2023-03-17,376.3146057128906,380.5699682371999,374.92509838056725,379.43135317104435,140553400
2023-03-20,379.93310546875,380.34804947070256,376.39181416317825,377.096197140022,93055800
2023-03-21,384.92181396484375,385.40428095041835,381.7085673503459,383.31036127614743,91524200
2023-03-22,378.3603210449219,388.37634238237274,378.3217448805149,384.7482099487196,111746600
2023-03-23,379.3830871582031,385.2884781128937,376.6619664014507,381.23574381783914,119351300
2023-03-24,381.87261962890625,381.95946015274023,375.7452830138486,378.0997242626186,107682400
2023-03-27,382.5867004394531,384.9315126123636,381.6893188206897,384.15954768698845,74010400
2023-03-28,381.7279357910156,382.5867118272092,379.88490812660376,381.8919580974175,62871700
2023-03-29,387.2762756347656,387.5175091402753,384.69988883904426,385.9060563665928,77497900
2023-03-30,389.54388427734375,390.1710855147399,387.67190988130295,389.92019324080144,69840000
2023-03-31,395.0343933105469,395.3335205317909,390.36408625848367,390.4702443243022,112062600
2023-04-03,396.5396728515625,396.94492867550616,394.117678882102,394.5133053894906,67391100
2023-04-04,394.3396301269531,397.4756659402077,392.95975198905785,397.1861680428209,66601500
2023-04-05,393.30712890625,394.36856226217395,391.6474411444736,393.60625610917623,65200200
2023-04-06,394.84136962890625,395.12120875106916,391.45444166145506,392.50621625119436,63743300
2023-04-10,395.2466125488281,395.32382376153726,391.73426800425153,392.3518104686767,63681000
2023-04-11,395.352783203125,396.76157868174016,394.5808477361319,395.87385583944314,59297900
2023-04-12,393.7413330078125,397.7168860870642,393.15273736359126,397.42738819941474,86420400
2023-04-13,398.9713134765625,399.32833439089336,393.6834638753183,394.83173783881375,85814800
2023-04-14,397.9966735839844,400.5344547422886,395.6808378490979,398.3344063770291,78161500
2023-04-17,399.4248046875,399.4440927674988,396.6747367439795,397.90985115526007,66436400
2023-04-18,399.6853332519531,401.14239312215904,398.30548459798973,401.0072882174601,63560000
2023-04-19,399.6178283691406,400.5248393452402,397.70724822108326,397.7651419121651,55227300
2023-04-20,397.43707275390625,399.193259931611,395.8835134974897,396.7905539322404,75840400
2023-04-21,397.7458190917969,398.2089685800001,395.7870041880718,397.73616032830944,73457400
2023-04-24,398.1607666015625,398.5853399658447,396.2019515357637,397.5431946362604,64332100
2023-04-25,391.84039306640625,396.7422743683408,391.7824993811231,396.182596147338,97766700
2023-04-26,390.18072509765625,393.5387062510406,389.62107629581755,392.4579848078688,80447000
2023-04-27,397.94842529296875,398.2186056288377,392.47723668231237,392.72812893970786,92968400
2023-04-28,401.3450012207031,401.3546599841194,397.00279811610284,397.0606918017015,89433100
2023-05-01,400.9397888183594,402.97578569300146,400.70818460344674,400.9011832079652,62122300
2023-05-02,396.4335021972656,400.2739503234408,393.5194119627244,400.22568595239403,103998500
2023-05-03,393.7124328613281,399.3573036943391,393.47119931673325,396.93530948342124,91531800
2023-05-04,390.9237060546875,392.9886494487858,389.5824336944863,392.66057543093643,94901900
2023-05-05,398.1607666015625,399.21254124798133,394.31068892506715,394.57121053373714,87891800
2023-05-08,398.26690673828125,398.74937380733377,396.8581111419347,398.4888521911285,50046800
2023-05-09,396.5203857421875,397.6397128970804,396.28881096788325,396.71338435241,49220100
2023-05-10,398.3729553222656,400.00369592328684,394.53250790698553,399.36683603346984,96142900
2023-05-11,397.67828369140625,397.96775213394324,395.59402256278725,397.50460262588405,70157100
2023-05-12,397.1571960449219,399.1353284857044,394.72557287711214,398.923041820046,70481500
2023-05-15,398.5274353027344,398.9326911272858,395.84491972814425,397.76512913138123,54289400
2023-05-16,395.8641662597656,398.3440536617969,395.8545074967587,397.4176958365766,57705500
2023-05-17,400.6695251464844,401.27740878469575,396.2404819548368,397.89051072487496,87287000
2023-05-18,404.52935791015625,404.9539312957357,400.1292605027453,400.3511765128526,97177200
2023-05-19,403.94061279296875,405.96697981369744,402.71515737658484,405.436277963065,103793300
2023-05-22,404.104736328125,405.6486366872359,402.7152289496702,403.96000211108804,60745400
2023-05-23,399.5694885253906,404.0371373438998,399.1738620794214,402.45463156002285,86383500
2023-05-24,396.67474365234375,398.3440901959979,395.5071816719006,397.9581224571478,89213700
2023-05-25,400.1098937988281,401.56695362242056,397.9484509723996,400.19673432873464,90961600
2023-05-26,405.29156494140625,406.0152654358038,400.6888403981192,400.76602216064424,93830000
2023-05-30,405.4459533691406,407.76178903576425,404.0564460796768,407.23108712480087,72216000
2023-05-31,403.19769287109375,404.5196477889496,401.6248456806696,403.6126074392259,110811800
2023-06-01,407.02850341796875,408.0899368025651,402.1748861409727,403.42928867439025,88865000
2023-06-02,412.91461181640625,413.70583539601955,409.08382227275683,409.6145242472178,91426200
2023-06-05,412.1233215332031,414.5549446371605,411.41890910486813,413.26193659754,65460200
2023-06-06,413.02069091796875,413.5513928288073,411.05221735044984,411.70839483792156,64022200
2023-06-07,411.5925598144531,414.5549140739441,411.16798652558714,413.416299093552,85373300
2023-06-08,414.0821533203125,414.53567350141725,410.888223972674,411.6601594331947,61952800
2023-06-09,414.82513427734375,416.84184286960624,413.8312534027369,414.88302796344124,85742800
2023-06-12,418.5884094238281,418.66562064399164,415.08572330453325,415.80942389444124,76104300
2023-06-13,421.3480529785156,421.9945422203873,419.38923828050775,420.0550450473256,95899700
2023-06-14,421.8498840332031,423.6639648582249,418.38577413752927,421.68586172628517,100612100
2023-06-15,427.0798034667969,428.33420591477267,420.9331784663069,421.0296483104209,110303100
2023-06-16,425.6250915527344,429.64443703691825,425.15052699072436,429.0730147226843,114165800
2023-06-20,423.4169006347656,424.56943998681623,421.33459182081174,423.6784195399035,76160400
2023-06-21,421.2474060058594,423.2328569537705,420.6565943972341,422.4289996662733,76982300
2023-06-22,422.7679748535156,422.8744976898845,419.9495827719529,420.28857012220664,70637200
2023-06-23,419.57183837890625,421.36360329009193,418.8551442371661,419.3006544152612,92074500
2023-06-26,417.8575439453125,420.92773045025166,417.61541436670325,419.0003884627084,72823600
2023-06-27,422.43865966796875,423.0584960393973,418.2837076907825,418.7389124953398,72813700
2023-06-28,422.6517639160156,423.6686964256791,420.73408682017543,421.35392323417744,75636000
2023-06-29,424.31756591796875,424.48222704472147,421.8284961877175,422.23525734843753,67882300
2023-06-30,429.3247985839844,430.3126766273395,427.2231008300768,427.5427284266672,104964000
2023-07-03,429.8188171386719,430.0996662121284,428.69533217433224,428.97621080462665,32793400
2023-07-05,429.1795654296875,429.91564887549146,427.98827715137367,427.9979717936088,58418400
2023-07-06,425.81878662109375,426.2449370649579,423.3006329683059,425.5863516723805,80658300
2023-07-07,424.74371337890625,428.7049794666193,424.5015837898049,424.82121139924607,86134200
2023-07-10,425.81878662109375,425.9931128326287,423.8139465179375,424.3853688047475,62443500
2023-07-11,428.5306701660156,429.0246240395303,425.6057550529749,426.58396815720187,64463800
2023-07-12,431.978515625,433.39257360460454,430.9034745139641,432.3368922188444,91924500
2023-07-13,435.4071350097656,436.20132720138423,433.36357534737226,433.79939089874614,72425200
2023-07-14,435.1359558105469,437.15046112494997,434.3708179806255,436.29818974063414,69815800
2023-07-17,436.6468200683594,437.7025015489115,434.9422182723966,434.9906619251845,52680200
2023-07-18,439.8913879394531,440.5402787355079,435.88170745330945,436.31755256939874,80668200
2023-07-19,440.8695983886719,442.0608571337114,439.8138872965887,440.6855775235812,65891700
2023-07-20,437.9447021484375,440.7727892632858,437.22800789385894,439.87207412331435,70591600
2023-07-21,437.9447021484375,439.87207412331435,437.935037061781,439.6686639509286,71275600
2023-07-24,439.90106201171875,440.7146139077843,438.0608534359134,439.09717520084894,54023400
2023-07-25,441.10205078125,442.36111295935297,439.58146970198135,439.6299133591932,55191200
2023-07-26,441.1697998046875,442.60318803571505,439.10685100534744,440.16253245222157,71052900
2023-07-27,438.244873046875,444.9760876219577,437.33446340359325,444.5692968966643,92194400
2023-07-28,442.5354309082031,443.3683425271831,438.2448720243851,441.5281635177411,80011800
2023-07-31,443.3780517578125,443.73639884087777,441.69280962360494,443.0100100324472,62040400
2023-08-01,442.1092529296875,442.8550013949116,441.1503996951611,441.9058428017626,55291500
2023-08-02,435.95916748046875,439.2424293013425,435.2037243534402,438.9809399885829,93933400
2023-08-03,434.70977783203125,436.598400459704,433.2860546583424,433.93497496555943,64276100
2023-08-04,432.74365234375,438.641925149683,432.2206441941938,436.5305623830598,100128900
2023-08-07,436.52093505859375,436.67590155483515,433.88656373616396,434.58389819083175,58357500
2023-08-08,434.62261962890625,436.5112422778829,431.2521650523819,433.9736993143693,71361300
2023-08-09,431.7170104980469,435.0584102876179,430.95187280364064,434.89374917989835,78789600
2023-08-10,431.8720397949219,437.47976956144277,430.7001408163222,434.08026054677345,93005500
2023-08-11,431.6202087402344,432.6371707700478,429.39262829617013,429.9931049607352,68690900
2023-08-14,434.0027770996094,434.0027770996094,430.390222291899,430.70015528143995,47867400
2023-08-15,428.9471435546875,432.57908768331487,428.37569166843355,432.22071103488054,75707500
2023-08-16,425.7994079589844,430.19645984639186,425.6928555743393,428.5306071554129,80107200
2023-08-17,422.55487060546875,427.53303945369214,422.0318624311896,427.27155014496947,95711300
2023-08-18,422.75823974609375,423.79456142513646,419.3781203229198,419.7267727251213,98852000
2023-08-21,425.5088806152344,426.25462916083586,421.6154471933943,423.77522436133023,68719000
2023-08-22,424.3562927246094,427.29090202930854,423.79456510834734,427.29090202930854,64994200
2023-08-23,429.08270263671875,429.7025685957629,425.27643244437724,425.42170429201707,68441000
2023-08-24,423.1360168457031,431.203762091387,423.10693291921746,430.6904485230162,88517300
2023-08-25,426.1189880371094,427.4071043420946,421.3054510122365,424.8695911823325,102325100
2023-08-28,428.8211975097656,429.4410338891343,426.1190230158921,428.31754904739176,61595400
2023-08-29,435.0197448730469,435.30062349579674,428.53065951997604,428.71468038762214,83081900
2023-08-30,436.8115234375,437.4507491728005,434.65171661474994,435.35874573640916,69053900
2023-08-31,436.1722717285156,438.5741784682446,435.98825086612203,437.4313338384164,66084600
2023-09-01,436.98577880859375,439.3877148587065,435.52330670178793,438.9034557035346,58944100
2023-09-05,435.09722900390625,436.8599397169958,435.02945517404754,436.5403416261706,55166200
2023-09-06,432.17230224609375,434.39021776380855,429.8381692439288,434.283665365171,70758500
2023-09-07,430.84539794921875,431.5233430664757,428.81150348377855,429.1601559057676,70355400
2023-09-08,431.4942932128906,433.0342338731247,430.53546948555345,430.89381655306994,61659700
2023-09-11,434.33209228515625,434.6419957128025,432.41441519511204,434.1286821383693,60180100
2023-09-12,431.949462890625,434.40950762423,431.3683755618332,432.87926173035714,67565400
2023-09-13,432.4531555175781,433.6153598507793,431.06815175751416,432.17227690873267,60199300
2023-09-14,436.1819152832031,436.87924968605284,433.6250421773107,434.9325478772583,83430800
2023-09-15,430.9267272949219,434.9213947445107,430.4893744318184,434.5909404720226,111848900
2023-09-18,431.1794128417969,432.4818018322225,430.13943555280594,430.61567408318183,55752200
2023-09-19,430.28521728515625,430.8489560404354,427.59296875309155,430.2560604296138,66514600
2023-09-20,426.3294677734375,431.9666773901904,426.125340122441,431.54875257145443,82562600
2023-09-21,419.2829284667969,423.7343763843457,419.1274153539834,423.471964690838,104095800
2023-09-22,418.3401184082031,421.9168307442946,417.922163972963,420.31314452968047,100829700
2023-09-25,420.099365234375,420.1382212681615,416.6878647901077,417.1252472895092,70874500
2023-09-26,413.9275207519531,417.75694552801576,413.091641554904,417.0474225773536,96168400
2023-09-27,414.0927734375,415.66733259102807,410.4383190788538,415.1035938461481,104705800
2023-09-28,416.49346923828125,418.1749270371919,412.9459133257919,413.5388089482658,92258300
2023-09-29,415.48260498046875,419.729954349745,413.9566605710454,419.55501324398796,115111300
2023-10-02,415.3174133300781,416.5712173953041,412.54739350922256,414.6467760157312,83798600
2023-10-03,409.7579040527344,415.3756848487803,408.38747270874785,413.1305182978698,103760600
2023-10-04,412.7417907714844,413.49016980797626,408.7568525933047,410.2244834730011,87453000
2023-10-05,412.58624267578125,413.4318210422045,409.34971346962845,412.4501575928168,70142700
2023-10-06,417.48480224609375,419.0301747224433,408.7957044273052,410.12725010221135,113273300
2023-10-09,420.1576843261719,420.7311222733579,415.0258699966629,415.57985026561204,80374400
2023-10-10,422.3445129394531,424.94929081738496,420.39091470045764,420.7894114868797,78607300
2023-10-11,424.0745544433594,424.3272372952325,421.0226652550823,423.41364596754795,62451700
2023-10-12,421.4892272949219,425.0659400566885,419.1274329708011,424.6869009279122,81154200
2023-10-13,419.3898010253906,424.20088940216954,417.8152716398533,422.9956702679193,95143100
2023-10-16,423.8023681640625,424.8715021483969,421.4016885333211,421.64467218152936,75433200
2023-10-17,423.7829284667969,425.8434548063301,420.313144365616,420.6630265965554,75324700
2023-10-18,418.1360168457031,422.9665334664685,417.04745473303933,422.0043276099341,93559800
2023-10-19,414.4621276855469,420.6728049658076,413.7817911582514,418.8552917318818,121323000
2023-10-20,409.3691711425781,414.56902762423476,409.2622429037748,414.02474657512494,123919900
2023-10-23,408.6596374511719,412.5376769009492,406.07428770501764,407.8334870607581,92035100
2023-10-24,411.7406921386719,412.89729677768196,408.931786683621,410.7881854768129,78564200
2023-10-25,405.8312683105469,410.0786473016962,405.316144174292,410.0494904510059,94223200
2023-10-26,400.97161865234375,405.61746498467414,400.04829855300767,404.76218742791497,115156800
2023-10-27,399.1541442871094,402.9641414460812,397.7253990601317,402.56564465095477,107367700
2023-10-30,403.9263610839844,404.9857664071122,400.650945706927,401.95333471869225,86562700
2023-10-31,406.463134765625,406.78386019049003,402.5850948438665,404.4998075370424,79665200
2023-11-01,410.7978820800781,411.6143035857107,406.9004148379302,407.43499666521507,98068100
2023-11-02,418.67059326171875,418.8261063702263,414.58845573140115,414.60788374705487,94938900
2023-11-03,422.4902648925781,424.0453662261893,420.8574218397773,420.98377808691504,100167800
2023-11-06,423.46221923828125,423.909300881896,421.5086210577569,423.2483924241886,67831700
2023-11-07,424.66741943359375,425.30889989202655,422.31535408043305,423.46222990258883,64256100
2023-11-08,424.9784240722656,425.7948456157836,422.66521486841896,425.2699926017036,61746000
2023-11-09,421.6641540527344,426.1642165380997,421.23650040437826,426.1253308443145,83174400
2023-11-10,428.244140625,428.555166852525,421.6544244424177,423.74410780896307,89462200
2023-11-13,427.83587646484375,428.9438664398027,426.1155629711309,426.9028275920748,52236100
2023-11-14,436.13629150390625,437.4289516718833,433.5703695238838,433.7939251946129,97176900
2023-11-15,437.0595397949219,438.7118404641815,436.20423260900355,437.47746455042164,77327600
2023-11-16,437.5941467285156,437.9148721110953,435.54334919989805,436.6124832436495,66665800
2023-11-17,438.138427734375,438.7507513076313,436.68052576418063,437.6038458819822,83133200
2023-11-20,441.51104736328125,442.35662577021293,437.8759915717595,437.8857204098918,69936200
2023-11-21,440.5487976074219,441.3846768102291,439.27556561921335,440.4613270503416,49244600
2023-11-22,442.2497253417969,443.57157198394486,441.1514640241976,442.2108693090085,59394900
2023-11-24,442.52178955078125,442.7161883255682,441.9678093987068,442.2982635869737,29737400
2023-11-27,441.7248840332031,442.70651789043535,441.33608643233896,441.89009631858715,50506000
2023-11-28,442.1622619628906,443.4646509487185,440.7724024102266,441.33611150575734,62115000
2023-11-29,441.8511962890625,445.4570951907533,441.45272918496346,444.3199186012006,63146000
2023-11-30,443.5909423828125,443.9408542601143,440.6168249006515,442.69677916732206,79752700
2023-12-01,446.2152404785156,446.7497927155819,442.3858152693998,442.978681217379,89183400
2023-12-04,443.87286376953125,446.23465798918113,441.5888112755702,442.81345849809685,72430900
2023-12-05,443.7853698730469,444.74757569096187,442.1039122401313,442.482980993305,69793500
2023-12-06,441.9970397949219,445.96252037504996,441.5596573094173,445.93336352008924,69124700
2023-12-07,445.3695373535156,446.0207168301474,443.4839821321673,444.08657675033487,66995400
2023-12-08,447.2843322753906,447.81888446185815,444.3782275382068,444.6212111977086,83194400
2023-12-11,449.0240478515625,449.19901861867453,446.57478338397874,446.7886101783695,65002200
2023-12-12,451.07489013671875,451.17208953676845,447.6731187626275,448.67421029484495,68327600
2023-12-13,457.2952575683594,457.54797007152996,451.0943096912645,451.45392076971996,93278000
2023-12-14,458.762939453125,460.4346684409584,456.08039000120516,459.2391779980169,119026000
2023-12-15,458.00750732421875,459.3444814019504,456.15335034862125,458.1636509343483,141553700
2023-12-18,460.5838317871094,461.5694752957874,458.5540244200266,459.61772484302196,70375300
2023-12-19,463.3846130371094,463.4626997368389,461.0522866109777,461.1303435293572,55761800
2023-12-20,456.96337890625,464.41905073476056,456.5339913904281,462.5258502644597,102921000
2023-12-21,461.2962646484375,461.5695085402511,457.5293705169891,459.9592904756651,86667500
2023-12-22,462.2232971191406,463.91157198973565,460.320358287861,462.4282225788341,67160400
2023-12-26,464.17510986328125,465.08266680219026,462.55515318900285,462.6332398955009,55387000
2023-12-27,465.01434326171875,465.16071859872636,463.4334300593357,463.9701495554804,68000300
2023-12-28,465.1899719238281,466.02921033768064,464.77035271690187,465.3753906024884,77158100
2023-12-29,463.84326171875,465.5217683364712,461.8817429403466,464.9947873638026,122283100
2024-01-02,461.2474670410156,462.2428789339532,459.1395727623468,460.76929766113875,123623700
2024-01-03,457.4805603027344,459.8226549132717,456.87552242132506,459.0809802037512,103585900
2024-01-04,456.0069885253906,459.59820232067887,455.78252649517907,457.0023705654277,84232200
2024-01-05,456.6316223144531,459.0908175583114,455.1775477424715,456.2119732659371,86118900
2024-01-08,463.150390625,463.2967659533917,457.00235880041123,457.1292273454669,74879100
2024-01-09,462.44781494140625,463.4724721448551,459.97885150079935,460.4862959607646,65931400
2024-01-10,465.06317138671875,465.93171477496674,462.43806421690306,462.7210764175107,67310600
2024-01-11,464.85821533203125,466.5855039297226,460.8668888410367,466.0682912006048,77940700
2024-01-12,465.1802062988281,467.053899879707,463.76520505733885,466.31222516082903,58026400
2024-01-16,463.4724426269531,465.1119059605971,461.64756060638337,463.79449814902443,85014900
2024-01-17,460.8961181640625,461.3840557763614,458.53448701674256,460.43745561724756,68843900
2024-01-18,464.99481201171875,465.5510680800572,461.02302217587135,462.5746603285912,91856200
2024-01-19,470.7915344238281,471.0745466119852,465.04364414171863,466.1268514770496,110834500
2024-01-22,471.7869873046875,473.51427608995505,471.1331376645118,472.33347516154123,75844900
2024-01-23,473.16290283203125,473.4068716669151,471.2404570032446,472.3334326185078,49945300
2024-01-24,473.6801452636719,476.97857889434994,473.1824393105692,476.0417469073494,81765000
2024-01-25,476.2563781738281,476.52962204173497,473.68008310232767,475.8172224162091,72525000
2024-01-26,475.6513671875,477.3201055543282,474.8023604707163,475.8270175879346,76641600
2024-01-29,479.4183044433594,479.56470958070423,475.41723906662895,475.9637269165635,61322800
2024-01-30,479.0474548339844,479.75982476451486,478.2862434868122,478.72539929766515,58618400
2024-01-31,471.2306823730469,477.2810915278646,471.21114580645406,476.8321972165028,126011100
2024-02-01,477.398193359375,477.427468426182,472.12844308332853,472.93843623390336,91891600
2024-02-02,482.4239807128906,484.08295092354996,477.49579237271115,477.8373546982843,99228200
2024-02-05,480.6673889160156,482.453257473618,478.4033807510974,481.78966938702735,75757100
2024-02-06,482.0628356933594,482.39462968324506,480.17937394824327,481.61391166467826,55918600
2024-02-07,486.0834655761719,486.5030847840718,483.4095471530847,484.31713376491945,70556500
2024-02-08,486.2981872558594,486.67876313703624,485.26376181906494,486.08349349833503,52343600
2024-02-09,489.1087646484375,489.5478907116506,486.464120859665,486.80568320751115,63979400
2024-02-12,488.8940124511719,491.3532074553824,488.171844486811,489.0794311383801,56502300
2024-02-13,482.1604309082031,485.0978249437322,478.8815043599049,482.5995866836909,113099200
2024-02-14,486.5421447753906,487.0300824146668,482.4727317600331,484.8050879708214,68387800
2024-02-15,489.899169921875,490.08458861177627,486.7665887596598,487.2447879089923,61683000
2024-02-16,487.45947265625,490.73839931554534,486.71779791035453,489.5966419107854,75532900
2024-02-20,484.77581787109375,486.3860061409344,482.5215483370468,485.7126498093255,71736700
2024-02-21,485.2149963378906,485.3711399747014,481.653057105871,483.46820082511186,59293400
2024-02-22,495.2567138671875,496.22282088243315,490.88478180969435,491.85091860629063,76402500
2024-02-23,495.5982666015625,497.8232610473495,494.8663601420095,496.98399282076,61321800
2024-02-26,493.7830810546875,496.4765061265552,493.65621251415064,496.03735037567327,50386700
2024-02-27,494.7004699707031,494.9249320161117,492.5730689156793,494.47603770664597,48854500
2024-02-28,494.046630859375,494.63213220475586,492.7779751212326,493.13904421133424,56506600
2024-02-29,495.82269287109375,497.4426493891131,493.15857245054144,495.8129543697353,83924800
2024-03-01,500.47760009765625,500.90698759184596,496.29111670133034,496.70099741172936,76844800
2024-03-04,499.9408874511719,501.7950742838469,499.6481367835651,499.6774416316755,49799300
2024-03-05,494.9444580078125,498.37955833556765,492.7292316615837,497.93063422732985,72855600
2024-03-06,497.45245361328125,499.71649154527415,496.1545525173592,498.2331419712469,68382400
2024-03-07,502.3903503417969,503.444312321391,497.5109739434722,500.76065530231244,58652100
2024-03-08,499.3749084472656,505.7180680999103,498.7991455954804,503.0247023113752,86532500
2024-03-11,498.9455261230469,499.53105726392937,496.2325939589306,498.1648377894375,62557200
2024-03-12,504.3128356933594,504.89833701294907,498.53561138081784,501.063154462892,73114400
2024-03-13,503.5223693847656,504.8105319780075,502.078092945087,504.6348815647523,55104100
2024-03-14,502.5269775390625,504.654378460411,499.4724832072711,504.4982050635474,110171800
2024-03-15,499.07635498046875,500.90693694327877,497.4024316630392,499.44834457853835,107646300
2024-03-18,502.04241943359375,504.60715196314635,501.63129506757195,503.15838817484575,88893300
2024-03-19,504.83233642578125,505.11619805115,500.33912535177535,501.3474286120831,60755300
2024-03-20,509.5017395019531,509.638800886851,504.21567502677055,504.89112356917263,69594600
2024-03-21,511.1853332519531,513.0550196471393,510.9014119356867,512.3502351676193,60256100
2024-03-22,510.21630859375,511.5867430006875,509.9813206475284,511.0972893379752,79070800
2024-03-25,508.8067321777344,509.9618357712417,508.65007353074856,508.8360683316894,48512100
2024-03-26,507.8669738769531,510.5785666441243,507.4656481097865,510.23591318652416,65463700
2024-03-27,512.135009765625,512.1742043034125,508.5326374076675,510.70584308288664,82999800
2024-03-28,512.037109375,513.5446052867917,511.75324773349064,512.1741707527357,96294900
2024-04-01,511.146240234375,513.3194456399708,509.98133808737305,512.7810585421283,62477500
2024-04-02,507.89630126953125,508.03330288632185,505.58603458115783,507.3089210276351,74230300
2024-04-03,508.45428466796875,509.9618403568663,506.7509952902305,506.79992871244065,59155800
2024-04-04,502.24798583984375,512.8201729462434,501.9445269605556,512.4775792833494,96858100
2024-04-05,507.49493408203125,509.4625474298725,503.1681802920817,503.6087005524252,74546500
2024-04-08,507.77880859375,509.2080348808952,506.9663584849502,508.1997913461109,48401800
2024-04-09,508.36614990234375,509.76598018179146,503.50094951713095,509.52125335501194,68049200
2024-04-10,503.2759094238281,505.2728591761559,501.288758305955,502.6493942964335,82652800
2024-04-11,507.073974609375,508.52273827469025,501.2788602003547,504.80290253405747,70099000
2024-04-12,500.0748596191406,504.94003067337457,498.3421743729088,503.5206029701081,92561100
2024-04-15,493.8098449707031,504.43096625601453,492.95817044710765,504.26456872904316,92101400
2024-04-16,492.90924072265625,495.81659688850766,491.6170757880816,494.2895037381496,73484000
2024-04-17,489.9920959472656,495.54251414976056,488.59226550978076,495.37608674425394,75910300
2024-04-18,488.9837951660156,493.49657364344756,488.0440524623093,491.39192878796825,74548100
2024-04-19,484.71575927734375,489.9039562000147,483.4431618183188,488.90548147354247,102212600
2024-04-22,489.1795959472656,491.78349315664354,484.98007493251976,487.3294466640699,67961000
2024-04-23,494.9845275878906,495.4152492396772,488.9936189979829,491.1961606780303,64633600
2024-04-24,494.7496032714844,496.6682534521082,492.5176955463837,495.87534083094636,55928100
2024-04-25,492.8700866699219,493.6336332615344,486.9966421578613,488.6509980853357,69122400
2024-04-26,497.5394592285156,499.1252843555603,495.03345880263834,495.66974260530816,64306100
2024-04-29,499.30145263671875,499.9769010603671,496.55072552691377,499.33081866062173,46415400
2024-04-30,491.39190673828125,498.8120110716739,491.39190673828125,497.83310375268974,77483600
2024-05-01,489.79632568359375,497.47095614792755,489.3264393749632,490.80459911500014,80242800
2024-05-02,494.3775329589844,495.2194087380846,489.0131104126853,493.51608978925526,62550200
2024-05-03,500.5055847167969,501.7389877556503,497.83315669716075,500.37832197197366,72756700
2024-05-06,505.67413330078125,505.7132680822078,502.47308742336617,502.91360764238556,47264700
2024-05-07,506.232177734375,507.6320081205366,505.55672925106126,506.64330210533313,52561300
2024-05-08,506.2810974121094,506.81948450790213,504.2743492835563,504.3918133863561,42047200
2024-05-09,509.19818115234375,509.23737568195884,505.81120021511913,506.46705136082744,43643700
2024-05-10,509.8540954589844,511.6161166184602,508.63046135549297,510.80360684436937,52233200
2024-05-13,509.92266845703125,511.64555517924214,508.7773634362912,511.53788969604665,36716400
2024-05-14,512.26220703125,512.7810566084371,509.5800104376199,510.1183975334321,57535900
2024-05-15,518.6055908203125,518.8992510906287,514.1025809336553,514.7388946424787,59504900
2024-05-16,517.5385131835938,520.3088376274046,517.3916531865508,518.7034152838155,50244800
2024-05-17,518.2825317382812,518.3510624255979,516.1974542090975,517.6560166666146,59187600
2024-05-20,518.8795776367188,520.3479385204677,518.008335839566,518.3999226410019,37764200
2024-05-21,520.1521606445312,520.3088192688843,517.9104844709608,518.1160765100145,33437000
2024-05-22,518.654541015625,520.1718355844711,516.4715368155097,519.4572522789621,48390000
2024-05-23,514.8662109375,521.82622893288,513.6523154476542,521.718563447193,57211200
2024-05-24,518.272705078125,519.085214900637,515.766704674741,516.7162161167117,41291100
2024-05-28,518.6349487304688,519.3201958884637,515.991886691213,519.0852676623554,36269600
2024-05-29,515.0031127929688,516.187612149335,514.2885295747019,514.5919884514224,45190300
2024-05-30,511.5868225097656,514.1222191656732,510.3338520073258,513.4565692506627,46377600
2024-05-31,516.2463989257812,516.373661669616,507.42643355259685,512.5461599640777,90785800
2024-06-03,516.6672973632812,518.1454570499837,511.5769670953754,517.8615954221938,46835700
2024-06-04,517.2448120117188,517.9887910753831,513.8871673409229,515.3555282041269,34632700
2024-06-05,523.3923950195312,523.411992286524,517.577682760377,519.5746920651516,47610400
2024-06-06,523.382568359375,524.1265474920779,521.4443509593684,523.6958258756584,30808500
2024-06-07,522.746337890625,525.5655959158784,521.3073129777647,522.4036844600561,43224500
2024-06-10,524.361572265625,524.6846284743783,521.3367815083941,521.9339007520192,35686100
2024-06-11,525.6243896484375,525.6831217080321,520.8277190397199,522.8051312923558,36383400
2024-06-12,529.9412231445312,532.64301675814,528.9035838325556,530.205547225615,63251300
2024-06-13,531.0083618164062,531.8698051580913,528.2087008298147,531.6936089856242,44760900
2024-06-14,531.3314208984375,531.3607570534568,528.4631694567662,529.4714728215465,40089900
2024-06-17,535.5601196289062,536.9600095405905,530.1859285159667,530.646045981177,55839500
2024-06-18,536.9209594726562,537.0482222261405,535.1980727311192,535.6189957819628,41376400
2024-06-20,535.4623413085938,538.5165275797466,533.6807226924603,537.8508777255481,70328200
2024-06-21,534.7444458007812,535.8640147535098,533.2811779308804,534.6364329914431,64338600
2024-06-24,533.0061645507812,537.1406814551851,532.8883214982557,534.5676749075179,45528700
2024-06-25,535.0587768554688,535.4221363045356,532.7116258646143,534.2338154405055,37936200
2024-06-26,535.7265014648438,536.4433900198844,533.2909984741738,533.9391352589275,38550600
2024-06-27,536.571044921875,537.1504898569925,534.8426003010983,535.588979563753,35041500
2024-06-28,534.4595947265625,540.4109684989184,533.2124124479245,537.3468693543182,76144500
2024-07-01,535.5595703125,536.08986404863,532.7901386983468,535.8443476992247,40297800
2024-07-02,539.1637573242188,539.1637573242188,533.8999009464727,533.9489922304165,40434800
2024-07-03,541.56982421875,541.9331836330194,538.8102227549504,538.8494837936086,32789900
2024-07-05,544.6928100585938,545.0954305299725,541.2359204016998,541.874286937383,41488400
2024-07-08,545.3213500976562,546.2739248445872,544.2508723475028,545.478454201086,36110500
2024-07-09,545.8516235351562,547.1872181563506,545.5570158893808,546.283734729133,27289700
2024-07-10,551.2529907226562,551.596689657151,546.7846048716298,547.079212521271,38701200
2024-07-11,546.499755859375,552.2448746370588,545.8614492888662,551.3708220113514,53054200
2024-07-12,549.94677734375,553.5607707150377,547.1577452576701,547.6291174546383,53084400
2024-07-15,551.459228515625,554.7098626844446,549.5932802263559,551.9502612295888,40584300
2024-07-16,554.7294311523438,555.024038775581,552.0189211375351,552.7751306542716,36475300
2024-07-17,546.9514770507812,550.4574575343235,546.627378702753,548.7781042114635,57119000
2024-07-18,542.7482299804688,549.4852440848026,540.5582433501387,548.4933484542273,56270400
2024-07-19,539.1441040039062,544.1428435386215,538.0834565302354,542.5125813182824,65509100
2024-07-22,544.7025756835938,545.3114514113106,541.1376736329704,543.0821438640331,43346700
2024-07-23,543.84814453125,546.7550194248576,543.3571118867343,544.5944638008868,34439600
2024-07-24,531.523193359375,539.3207943889454,530.6000495620024,539.0163565377113,74515300
2024-07-25,528.7538452148438,537.6415857024604,527.8111007222136,531.6411201045629,61158300
2024-07-26,534.6756591796875,537.3763388802067,531.7785544219373,532.5544244069231,53763800
2024-07-29,534.9899291992188,537.2388372702122,532.9864775250034,536.227341129643,39515800
2024-07-30,532.2794799804688,537.5237359172042,528.8619113563942,536.463088435743,46853600
2024-07-31,540.9314575195312,543.5732159258974,537.7594053591405,539.1342609978949,65663400
2024-08-01,533.2713012695312,544.9185816284977,529.7554906256498,542.6598433710025,76428700
2024-08-02,523.3426513671875,527.3592651002363,519.1197223906057,526.1415136511895,82789100
2024-08-05,508.1010437011719,514.189861675624,501.1185425419697,502.46399742687476,146267400
2024-08-06,512.7854614257812,520.2491343271334,508.58219283381527,509.90795711875484,84826300
2024-08-07,509.3580322265625,522.0561910508441,508.7589866968387,518.9920917478671,70698300
2024-08-08,521.1329956054688,521.7614718670237,512.4810023749844,514.5138248770706,63276600
2024-08-09,523.4310302734375,524.9237888690128,519.0804877250338,520.3080694804698,45619600
2024-08-12,523.7060546875,526.1218973002085,521.4276556811567,524.6291985957554,42542100
2024-08-13,532.3186645507812,532.5544105776438,526.6620186567962,526.9075349868316,52333100
2024-08-14,533.9981079101562,535.1864287265759,530.4332054014179,533.1142249967176,42446900
2024-08-15,543.1510009765625,543.4357784074974,539.0361439240991,539.6450197699079,60846800
2024-08-16,544.3687133789062,545.066001447727,541.3734256554437,541.5305297582873,44430700
2024-08-19,549.5736694335938,549.5736694335938,543.9267927123752,544.7811849166917,39121800
2024-08-20,548.679931640625,550.7815659083177,547.3345068852593,549.1218730431605,33732300
2024-08-21,550.5654907226562,552.028758554174,544.7811112258051,549.7307591225532,41514600
2024-08-22,546.2443237304688,553.0795196886376,545.0265723682652,552.4706440075358,56121500
2024-08-23,552.0484619140625,552.9912663344013,547.2952387130678,549.4951156938582,50639400
2024-08-26,550.7324829101562,553.7965224345438,549.023698553154,553.0796338099561,35788600
2024-08-27,551.4886474609375,551.9796801643517,548.3067651332959,549.4557648759409,32693900
2024-08-28,548.2871704101562,551.5771258819644,545.0856272093944,551.1450146535084,41066000
2024-08-29,548.336181640625,553.5706069059922,547.187181927915,550.2610513664456,38715200
2024-08-30,553.570556640625,554.0812497734636,547.1478712090765,550.7127730145278,62700100
2024-09-03,542.1786499023438,550.7520611429293,539.6547347846964,550.4181325533738,60600100
2024-09-04,541.0689697265625,544.486538299349,539.6057018017893,540.3324206417021,47224900
2024-09-05,539.7529296875,543.8677859554409,537.2879360362771,541.0100021233877,44264300
2024-09-06,530.6688232421875,541.70722829183,529.7653398948447,540.0770261689825,68493800
2024-09-09,536.6102905273438,537.8870234085998,532.947206027845,534.8819058967794,40445800
2024-09-10,538.9476928710938,539.3012819984793,533.6347450012723,538.5254119078065,36394600
2024-09-11,544.4767456054688,545.3998895864479,530.276116631913,538.8593596356329,75248600
2024-09-12,549.0630493164062,549.3674872362873,542.8268971710025,545.056205128517,51819600
2024-09-13,551.9306640625,552.9323900948785,549.4165786761877,549.6719253072272,39310500
2024-09-16,552.7457275390625,553.0108444429941,549.8584528057411,551.6654196124157,36656100
2024-09-17,552.9716186523438,556.4186780878246,550.73248057987,554.9651804135709,49321000
2024-09-18,551.33154296875,558.4907782007374,550.771758494403,553.6295424523687,59044900
2024-09-19,560.73974609375,562.6056945402063,557.8917920771589,560.7692368305202,75315500
2024-09-20,559.7704467773438,560.8146268159833,556.7363903893743,559.3665913435013,77503100
2024-09-23,561.169189453125,561.8193743965802,559.6226102686882,560.844157105768,44116900
2024-09-24,562.77490234375,562.8340046033333,559.1301026711176,561.9671313798626,46805700
2024-09-25,561.5336303710938,563.3560600605995,560.4204878396197,562.6172518383486,38428600
2024-09-26,563.760009765625,566.1340809200134,561.395859133459,565.8089884130038,48336000
2024-09-27,562.9423217773438,565.651285439919,561.908002221962,564.8337142422162,42100900
2024-09-30,565.1981201171875,565.8088634048895,559.6028866955652,561.9079345557661,63557400
2024-10-01,560.1348266601562,565.4936512718724,557.5539281278881,564.8435265029814,72668800
2024-10-02,560.3712158203125,561.3957349796159,556.8348209898014,559.2384126817892,38097800
2024-10-03,559.3468017578125,561.2972362765911,557.0515539848665,558.8936443913503,40846500
2024-10-04,564.4298095703125,564.804143911743,559.6226255139783,563.8092058002762,42939100
2024-10-07,559.3270874023438,563.425044167477,558.1745633665616,562.7748592374886,49964700
2024-10-08,564.616943359375,565.2178864241666,561.0313063853904,561.9079798048728,37398700
2024-10-09,568.52783203125,569.0893336080857,564.006298346405,564.6071813915806,37912200
2024-10-10,567.5328369140625,568.9612116462271,565.9172950083815,567.1782233614125,44138100
2024-10-11,570.9313354492188,571.6701437051296,567.3160570940822,567.4539823983677,42268000
2024-10-14,575.6005859375,576.5364217400751,572.0641306807273,572.54680911459,36217200
2024-10-15,571.1283569335938,576.1719497636773,569.9068101256781,575.8665780927906,54203600
2024-10-16,573.6107177734375,574.1328378005626,570.3205920106161,571.1283629185417,30725400
2024-10-17,573.6600341796875,577.3737967345479,573.4728669922558,577.1669087512673,34393700
2024-10-18,575.8665771484375,576.6546272535265,573.8865614270069,575.3543175241635,37416800
2024-10-21,574.9208984375,576.1226643625554,571.936084169767,575.1375866701346,36439000
2024-10-22,574.6155395507812,575.7779240387921,571.7194086656112,572.379393899403,34183800
2024-10-23,569.3650512695312,573.0295715850681,565.8483166590198,572.5862745943635,49314600
2024-10-24,570.596435546875,571.4042065299044,567.966294746531,571.3253834738008,34979900
2024-10-25,570.3992919921875,575.7384556877671,569.4536560087178,572.8324648441098,47268200
2024-10-28,572.1627197265625,574.0146706850179,571.8573480325817,573.8866057690544,30174700
2024-10-29,573.0886840820312,574.2116269876768,569.798498044357,571.1972915711463,42899700
2024-10-30,571.35498046875,574.615585559352,570.6456931929514,572.6158487794029,41435800
2024-10-31,560.154541015625,567.0402238212235,559.9575134707092,566.9712611742847,60182500
2024-11-01,562.5187377929688,566.9614477579651,562.1050220014198,562.7945884035815,45667500
2024-11-04,561.30712890625,563.9569903576214,559.4157965332372,562.6566805623088,38217000
2024-11-05,568.0942993164062,568.1336807780868,562.0065265842841,562.2232148100805,39478300
2024-11-06,582.2203979492188,583.0971316763067,576.6547441031889,580.4078883526755,68182000
2024-11-07,586.7220458984375,587.7465650663022,584.1510078317573,584.2298308733695,47233200
2024-11-08,589.263671875,590.6920466620936,587.2737955457643,587.2737955457643,46444900
2024-11-11,589.8250732421875,591.2140062031049,588.0913270467408,590.8593926970449,37586800
2024-11-12,587.9928588867188,590.3471487178498,585.5005836337616,589.7462657959629,43006100
2024-11-13,588.278564453125,590.2881013518266,586.0818603831444,588.4558712273305,47388600
2024-11-14,584.495849609375,588.8893179492193,583.8063432948493,588.4066394793019,38904100
2024-11-15,577.0092163085938,581.3928237454572,575.1474051756758,580.9199456029655,75988800
2024-11-18,579.3734130859375,580.6933833970946,576.6053474416191,577.4721604131028,37001700
2024-11-19,581.4913940429688,582.2203419709091,575.3149973262474,575.9848429931217,49412000
2024-11-20,581.6884155273438,581.9740664321081,575.9060139035164,581.5702110064499,50032600
2024-11-21,584.81103515625,586.2394097822103,578.6838809961135,584.5451050737219,46750300
2024-11-22,586.6236572265625,587.2541214128702,584.2988881794737,584.8012273246769,38226400
2024-11-25,588.613525390625,591.8937909448966,586.3182774428572,590.5738204551704,42441400
2024-11-26,591.6869506835938,592.3567963116076,589.1454333564441,589.8645208450938,45621300
2024-11-27,589.8941040039062,591.8839201005825,588.3672455728715,591.4997854868443,34000200
2024-11-29,593.5585327148438,594.3465828189082,590.4358533637491,590.7116438442056,30177400
2024-12-02,594.6224365234375,595.3021425181648,593.4797127608734,593.9722515940274,31746000
2024-12-03,594.8982543945312,595.1445238224464,593.3517352966707,594.3860548690404,26906600
2024-12-04,598.5922241210938,598.8384935195138,595.9227023218134,596.5925478705923,42787600
2024-12-05,597.607177734375,599.4000262634194,597.2525642119798,598.592255379496,28762200
2024-12-06,598.7401123046875,599.9813199050982,597.9619225172376,598.3756383425828,31241500
2024-12-09,595.65673828125,598.7892779517493,595.0657157488416,598.6218315882949,34742700
2024-12-10,593.8048706054688,596.7601039297737,593.1448853311992,596.3365277015484,37234500
2024-12-11,598.3953247070312,599.3508212217944,596.4645507592219,596.7404013764967,28677700
2024-12-12,595.3120727539062,598.0997995870548,595.3120727539062,597.5284977631196,31543800
2024-12-13,595.1937866210938,598.0701965149426,593.8146538658189,597.3511090725724,35904700
2024-12-16,597.7352294921875,598.710506843877,596.1788501366708,596.9570398144291,43695200
2024-12-17,595.2726440429688,596.1395173197234,593.8935711931338,595.1741603124011,55773500
2024-12-18,577.5313720703125,597.3609304879477,577.1471773446116,594.9671989364094,108248700
2024-12-19,577.35400390625,584.1510639445604,577.1077344863745,582.5355221203287,85919500
2024-12-20,584.2886352539062,588.8352196171104,574.1674387147792,575.0175026728227,125716700
2024-12-23,587.7875366210938,588.3904419763173,580.8391036798633,584.0316546408188,57635800
2024-12-24,594.3207397460938,594.3603140779195,588.5583912679473,589.141569721849,33160100
2024-12-26,594.3603515625,595.4870738828115,591.1381803052061,592.5416816588521,41219100
2024-12-27,588.103759765625,590.8416278253472,583.9030892928905,590.6043628183209,64969300
2024-12-30,581.392578125,584.8717412480703,577.6268027117767,581.066451827259,56578800
2024-12-31,579.2774658203125,583.7845361057068,577.6366994322016,583.0629680945224,57052700
2025-01-02,577.8541870117188,584.268848917565,573.7622248829753,582.5490544849214,50204000
2025-01-03,585.079345703125,585.7217650639146,579.6233961313516,580.7106648081768,37888500
2025-01-06,588.44970703125,592.7393596690575,586.7101255067332,589.3491785436146,47679400
2025-01-07,581.7978515625,590.8119920606497,579.9693484070148,590.4858054370367,60393100
2025-01-08,582.6478881835938,583.7252632975457,578.4077031433151,581.8670792861259,47304700
2025-01-10,573.7523193359375,579.148967552338,571.8348342474784,579.0797727939155,73105000
2025-01-13,574.6419067382812,574.9977137931114,568.6719735158341,569.0871420731995,47910100
2025-01-14,575.4325561523438,578.209938228887,571.637100270467,577.5773521941201,48420600
2025-01-15,585.899658203125,587.0461675916275,582.3611942103539,583.4780831774012,56900200
2025-01-16,584.77294921875,587.4514560986999,584.0711683508569,587.2735525674167,43319700
2025-01-17,590.6439819335938,592.4032903303786,588.6968161028142,590.0311830207747,58070600
2025-01-21,596.0504150390625,596.0603086218102,591.721248666258,593.6980347606263,42532900
2025-01-22,599.401123046875,600.7651103716523,598.3336415912388,598.887139322545,48196000
2025-01-23,602.6727294921875,602.6727294921875,598.4918457286775,598.7685644436611,41152100
2025-01-24,600.9132690429688,603.6907113133817,599.7568661133088,602.731938724249,34604700
2025-01-27,592.4132690429688,592.7295621283794,587.738188183351,587.9061981476592,70361100
2025-01-28,597.50341796875,598.3435279756633,590.3177808049226,593.6486607361097,44433300
2025-01-29,594.8248901367188,597.1179695261326,592.2649252873389,596.7126945442042,37177400
2025-01-30,598.0173950195312,599.5592859855939,593.747529191958,596.9499738076877,39281300
2025-01-31,594.8347778320312,602.880312619884,594.0736957955036,600.4488437325783,66566900
2025-02-03,590.831787109375,593.3224968021361,583.6362560871698,585.7909458950113,65857200
2025-02-04,594.795166015625,595.3090893513107,590.347397534179,590.8910016165671,33457800
2025-02-05,597.2068481445312,597.35513123978,591.6323569254649,593.668444292325,30653100
2025-02-06,599.2825317382812,599.4110276717307,595.6353586638426,598.9563451128535,35771500
2025-02-07,593.7969970703125,601.0715564826635,593.0853226024016,599.8459585772572,50788500
2025-02-10,597.82958984375,598.4720695404235,595.7440947156747,597.0191605249602,26048700
2025-02-11,598.2843017578125,598.8279059672569,595.4377244382205,595.5563267993089,30056700
2025-02-12,596.3568115234375,597.5330016568429,591.5631293989743,592.2451230112299,45076100
2025-02-13,602.6528930664062,602.8604773307252,596.1987176270893,597.4638293989674,40921300
2025-02-14,602.623291015625,603.8982964094444,602.0005985304107,602.8604957096632,26910400
2025-02-18,604.3924560546875,604.3924560546875,601.3185681498265,603.7895507730377,26749000
2025-02-19,605.8157958984375,606.1123017730542,602.4849158656623,602.9988995994843,31011100
2025-02-20,603.29541015625,604.5803091740476,599.9744236813096,604.4419196559093,36554000
2025-02-21,592.9766235351562,603.2163626901448,592.5120473575615,603.0779731626286,76519800
2025-02-24,590.2783203125,596.0307759330515,589.5666458438759,595.0324891561768,50737200
2025-02-25,587.3427124023438,590.9503713867966,582.7170398838512,590.2189701372146,58266500
2025-02-26,587.6392211914062,592.620761102799,584.9903348809851,589.013102100412,43321600
2025-02-27,578.2593383789062,591.0788275306367,577.864017357305,589.9223642338113,74196700
2025-02-28,587.283447265625,587.8171578604871,575.6797210871997,578.7635029554216,88744100
2025-03-03,576.9942626953125,590.4067643806418,573.1691862018861,589.2601945949107,74249200
2025-03-04,570.1644287109375,578.5954508037184,565.6079510021611,572.9813852396189,109648200
2025-03-05,576.2925415039062,578.0914243818631,566.4283965915856,569.996481594424,71230500
2025-03-06,566.0626220703125,573.4359958315716,563.5026574515875,568.800429877349,80094900
2025-03-07,569.2352905273438,570.6882596349558,559.0647480809484,564.2735985948641,81158800
2025-03-10,554.0734252929688,562.9293889302459,549.1413533370476,561.0020706313104,99326600
2025-03-11,549.4674682617188,557.473488465779,545.612771416854,552.907117228081,88102100
2025-03-12,552.38330078125,556.5740782812179,547.2634312637055,555.6449862636414,69588200
2025-03-13,545.0197143554688,552.6204598197313,543.2999199883595,552.0076609148241,74079400
2025-03-14,556.2775268554688,557.2857071377122,545.0889095501292,549.655280917059,62660300
2025-03-17,560.5671997070312,563.097483760462,555.8228643209595,556.2577597204585,49008700
2025-03-18,554.50830078125,558.4618730708418,552.5710286417288,558.2443952250169,66041400
2025-03-19,560.5474243164062,564.3230934716701,555.111261871823,556.2973457432603,66556000
2025-03-20,558.9264526367188,563.9475069089323,556.0699818531248,556.7915499004863,62958200
2025-03-21,559.11083984375,560.0130172119408,553.2122577806573,554.4514658625183,83763000
2025-03-24,569.1236572265625,570.1844265679264,565.2771506364932,565.8719462913679,58766800
2025-03-25,570.49169921875,571.4334488408351,568.7369614238087,570.3330467188074,38355700
2025-03-26,563.6810913085938,571.3542581528293,562.293154038674,570.2240858480267,51848300
2025-03-27,562.18408203125,565.971108987233,560.062543386952,562.2831944691987,42164200
2025-03-28,550.8626708984375,561.3811152230641,550.2777985606353,560.6475137101825,71662700
2025-03-31,554.5604858398438,555.869096797962,542.1485586831927,545.0830251203251,95328200
2025-04-01,556.1268310546875,558.0798545049701,548.8997911229003,552.6372621541935,54609600
2025-04-02,559.646240234375,562.5211668014963,550.0200496625995,550.2579679431105,76014500
2025-04-03,532.06640625,543.2390654249921,532.06640625,540.4037717910755,125986000
2025-04-04,500.9176330566406,521.3298644038904,500.69953122991006,519.1488461365848,217965100
2025-04-07,500.025390625,518.653143533525,477.6403203280687,484.9665325599909,256611400
2025-04-08,492.1936340332031,520.4475480659574,484.93682423959376,517.3544895320528,165816600
2025-04-09,543.8834838867188,543.8834838867188,488.7932402716448,489.17988772825765,241867300
2025-04-10,520.0509643554688,528.8939350431352,504.92270453590345,527.5754008869551,162331200
2025-04-11,529.3301391601562,531.7986316335475,515.5798930426869,518.4945124649533,97866300
2025-04-14,534.4654541015625,539.580938661594,529.2508571038156,539.3528832417228,68034000
2025-04-15,532.968505859375,538.5399805011373,532.1754247962592,535.0107183382963,56892900
2025-04-16,521.1216430664062,533.2460954669957,515.7980102587055,527.0896882471153,83484800
2025-04-17,521.8651733398438,526.5840872057769,519.3867572764926,523.0845951885916,79868100
2025-04-21,509.4433898925781,517.1958826970866,504.070170487947,516.6605060954281,69368100
2025-04-22,522.6979370117188,524.7302260402327,514.7075262081219,515.6493363944684,75948100
2025-04-23,530.79736328125,540.7209502963145,529.2706808590098,535.7641184612734,90590700
2025-04-24,541.9701538085938,542.7037553366079,530.8272040401201,532.086198348384,64150400
2025-04-25,545.8860473632812,546.2924809922215,538.9960382976576,541.9305048307399,61119600
2025-04-28,546.09423828125,548.7709400601335,540.3146148774163,546.629614941954,47613800
2025-04-29,549.5342407226562,550.6544896169489,543.8140371215516,544.1709145104755,47775100
2025-04-30,549.7523193359375,551.7152660165827,536.8447695388113,542.8425243498715,93101500
2025-05-01,553.6483764648438,559.2000647311057,553.0436574695955,555.5319968692943,63186100
2025-05-02,561.8668212890625,563.4728299899488,557.52463168794,559.8543184862792,60717300
2025-05-05,558.6448364257812,561.7577411466406,556.850465833372,557.7129496783965,38659200
2025-05-06,553.9755859375,558.4862913932635,552.1515054692122,553.1131019265209,48264700
2025-05-07,556.3052978515625,558.9522292842823,551.239369394788,555.3139314189718,55588000
2025-05-08,560.1815795898438,565.386253970535,556.8506025081723,560.3600183076248,65130800
2025-05-09,559.4677124023438,562.6004034437263,557.9013366275524,561.5891904044281,37603400
2025-05-12,577.9567260742188,577.9666494201874,572.0580835025086,576.4498296839446,78993600
2025-05-13,581.7734985351562,583.9941496422729,577.8080328415324,578.3730584556538,67947200
2025-05-14,582.5170288085938,583.8949821637985,580.4846792150129,582.7351003798474,66283500
2025-05-15,585.3622436523438,585.8677897044162,580.0484736048338,580.5045239452851,71268100
2025-05-16,589.0698852539062,589.367283051199,584.1923798537092,586.1453424794305,76052100
2025-05-19,589.7142944335938,590.3983396880136,583.0225710566098,583.0225710566098,68168500
2025-05-20,587.7315673828125,588.9212192076606,584.5096264657933,587.9695461543464,60614500
2025-05-21,577.8278198242188,587.4639329373288,576.7968205254032,583.3596614167781,95197700
2025-05-22,578.055908203125,581.5554004178355,576.3903592673228,577.6295673689441,70860400
2025-05-23,574.1101684570312,576.7868697784111,570.6304627900578,571.0071868542327,76029000
2025-05-27,586.0463256835938,586.2049176986301,573.4361124467979,581.0101669642168,72588500
2025-05-28,582.6558227539062,587.6523487169525,581.9222212137981,586.4527734503207,68445500
2025-05-29,584.9557495117188,588.0785779673218,581.0101304856973,587.9397721452495,69973300
2025-05-30,584.301513671875,586.0264816938155,578.2045855174352,583.8454633007033,90601200
2025-06-02,587.5928344726562,587.6721002233023,580.008856873824,582.6855584091887,61630500
2025-06-03,590.943603515625,591.9250465362925,586.740159298439,587.2259796444896,63606200
2025-06-04,590.7850341796875,592.7876138828078,590.3488304970734,591.8061707239787,57314200
2025-06-05,587.9298706054688,593.8285131802699,585.9471376733143,592.4703459624005,92278700
2025-06-06,593.96728515625,595.6426968087642,591.7069406984755,593.4913881340742,66588700
2025-06-09,594.5026245117188,596.0590770966814,593.322896017802,594.5422573867003,53016400
2025-06-10,597.873291015625,598.2598779419187,593.9177485918233,595.0379370041686,66247000
2025-06-11,596.1681518554688,599.8362200559476,594.0962297274801,598.9737360301211,73658200
2025-06-12,598.5374755859375,598.5374755859375,594.3440149953893,594.8297748594797,64129000
2025-06-13,591.845703125,596.6538056556503,590.3388069302991,593.3327526303392,89506000
2025-06-16,597.4767456054688,599.2314836456252,595.0379622706928,595.2164614851225,79984100
2025-06-17,592.3712158203125,596.5547531382241,591.6078443016146,595.0280706090336,82209400
2025-06-18,592.281982421875,596.0293161899417,591.3203254879343,593.2733488854554,76605000
2025-06-20,590.8909912109375,596.0414436168163,589.4790454395113,594.9675856083323,94051400
2025-06-23,596.7274780273438,597.1152078061239,588.5145735944315,591.6465733053511,87426000
2025-06-24,603.3196411132812,604.3834856367664,599.9688039561656,600.8836010096178,67735300
2025-06-25,603.65771484375,605.1392079707367,602.086708265907,604.4431877891288,62114800
2025-06-26,608.380615234375,608.8181084243395,604.9005750782753,605.517034479532,78548400
2025-06-27,611.4032592773438,612.8748603878714,607.3465704310272,609.3848675360332,86258400
2025-06-30,614.3264770507812,615.6886593072754,611.5325044540273,613.8591865146053,92502500
2025-07-01,614.127685546875,615.3009489521946,612.0098276707645,612.8450033281383,70030100
2025-07-02,616.9117431640625,616.9514932068568,613.0936150077308,613.7200271324969,66510400
2025-07-03,621.7738647460938,622.7085065821568,618.8804257837007,618.9003311484321,51065800
2025-07-07,617.1403198242188,620.4712515380828,614.3463473867639,619.8050287830624,74814500
2025-07-08,616.8023681640625,618.5622329876766,615.9870371559156,617.8065573856337,59024600
2025-07-09,620.5010986328125,621.1573080723725,617.3690382262929,619.2184771119485,66113300
2025-07-10,622.2510375976562,623.2950374474425,619.4570650879599,620.6402811009391,57529000
2025-07-11,620.0636596679688,621.2965785748338,617.9856123550688,619.1886732139827,63670200
2025-07-14,621.246826171875,621.5948059142781,618.2539819137044,619.6062115300674,51898500
2025-07-15,618.592041015625,624.2793915612978,618.5124802515571,623.9413645164026,74317300
2025-07-16,620.66015625,621.1672575214722,614.5253596449445,620.1829130237127,88987500
2025-07-17,624.4583740234375,624.8163671275224,620.6204015046147,620.8391784397268,68885700
2025-07-18,624.0010375976562,625.8802131347736,622.8874296174818,625.7111996075373,65621600
2025-07-21,625.1842651367188,627.9384270926762,624.7567246264017,625.1842651367188,63375000
2025-07-22,625.2737426757812,626.1387764125508,622.6189860590433,625.5123643014988,60046300
2025-07-23,630.5932006835938,630.5932006835938,626.138708302101,627.9483363497261,70511000
2025-07-24,630.802001953125,632.5221773472229,630.3744614468128,630.9809681636451,71307100
2025-07-25,633.4667358398438,633.9440397736063,631.2196750953526,631.4682494008442,56865400
2025-07-28,633.3076782226562,634.4013808975731,631.9156378299562,633.8445768779104,54917100
2025-07-29,631.6372680664062,635.0277949185313,630.722531607152,634.7096125224674,60556300
2025-07-30,630.841796875,634.0434045947875,627.9384054781906,632.2934318863223,80418900
2025-07-31,628.475341796875,636.200989166749,627.1728149946817,635.8132594113927,103385200
2025-08-01,618.1743774414062,622.7680859762785,615.7582427178595,622.7282752516747,140103600
2025-08-04,627.570556640625,627.6202593639928,622.0124691896333,622.1019219542782,73218000
2025-08-05,624.3887939453125,629.0023475949919,623.464104816374,628.187016594973,68051400
2025-08-06,629.17138671875,629.8275961427472,624.5478806448895,625.462617040701,64357500
2025-08-07,628.6444091796875,633.3474155493337,625.5223013845391,632.6116453260242,74205800
2025-08-08,633.5462646484375,634.0136158764692,630.125879949944,630.4440623273716,64051600
2025-08-11,632.29345703125,635.3062066703783,631.0406328520911,633.824713555593,58742300
2025-08-12,639.0248413085938,639.1839021511607,633.1584638161933,634.6499095494731,64730800
2025-08-13,641.2123413085938,642.5049155421342,639.0149226306152,641.2321859855442,60092800
2025-08-14,641.27197265625,641.9381347685223,638.6768716045066,639.1242567818475,59327500
2025-08-15,639.7705688476562,642.4054806038605,638.8558324502803,642.3060144753327,68592500
2025-08-18,639.6314086914062,640.3274289037191,638.5178006265407,639.1939154739885,43804900
2025-08-19,636.1612548828125,640.4367204754008,634.8388226855677,639.4523760102862,69750700
2025-08-20,634.470947265625,636.0120957287904,629.3404006137462,635.7536294439067,88890300
2025-08-21,631.9255981445312,634.3317804706619,630.195530658508,632.6514763962614,54805800
2025-08-22,641.6299438476562,642.8131599802851,633.6159105915494,634.1230118894028,84083200
2025-08-25,638.8060913085938,641.6100166878209,638.686780499868,640.3671451910226,51274300
2025-08-26,641.4807739257812,641.8288143683822,637.9112808564007,638.5376929659955,51581600
2025-08-27,642.9423828125,643.6781530071313,640.7449642231398,640.8941330732226,48341100
2025-08-28,645.2192993164062,645.7761033013204,641.6597591604225,643.548887361664,61519500
2025-08-29,641.3713989257812,644.1455269630451,639.472317969575,643.777581165663,74522200
2025-09-02,636.6187133789062,636.8374296419402,631.2991867317828,633.8644906037873,81983500
2025-09-03,640.06884765625,640.5361988813526,636.8075845104526,639.0049424066366,70820900
2025-09-04,645.418212890625,645.4480709373178,639.8402199968853,640.7450037735979,65219200
2025-09-05,643.5488891601562,648.4905776412766,639.6612139364762,647.7646994415851,85178900
2025-09-08,645.1298828125,646.1341327155172,643.5389708468488,644.9210585487652,63133100
2025-09-09,646.6212768554688,647.148222783044,643.5289666240282,645.2689866211995,66133900
2025-09-10,648.4905395507812,650.817160801947,646.9195331255914,649.8924717726807,78034500
2025-09-11,653.8796997070312,654.5757199134183,649.8627606991871,650.4493620868353,69934400
2025-09-12,653.6608276367188,655.351144838518,653.1537870945498,653.8497465125743,72780100
2025-09-15,657.1409301757812,657.2701936656516,655.5799369896564,655.8782140097094,63772400
2025-09-16,656.2361450195312,658.0060231465056,655.450672087237,657.6977327581834,61169000
2025-09-17,655.4208374023438,657.9463305061431,650.5686620900484,656.2461210913638,101952200
2025-09-18,658.4832153320312,661.098221592467,656.504573788396,658.1153302554297,90459200
2025-09-19,661.74462890625,662.5921003065068,658.4244226642126,660.3786700487054,97945600
2025-09-22,664.8753662109375,665.3239917254978,660.2190812650523,660.2490220888672,69452200
2025-09-23,661.256103515625,665.3739407705357,660.0296859026699,664.7557113987294,81708900
2025-09-24,659.1522216796875,662.6518901422049,657.7264420940938,662.5522091075384,68082200
2025-09-25,656.1112670898438,657.4672457066506,652.4819765077987,656.0016057727498,89622100
2025-09-26,659.8701782226562,660.4185456623683,655.9417836675868,657.5669862915963,69179200
2025-09-29,661.7246704101562,663.3199930316334,659.9100251593522,662.4026597035332,73499000
2025-09-30,664.21728515625,664.6859320813617,659.6607420426623,660.976860345401,86288000
2025-10-01,666.4806518554688,667.3979243492374,661.1065170498754,661.2161783670498,72545400
2025-10-02,667.248291015625,668.5943501107935,664.8155382515555,668.4747085274895,56896000
2025-10-03,667.2384033203125,670.6981508367895,666.1914481336265,668.0160736487628,70494400
2025-10-06,669.6312866210938,670.5286593813627,667.4876574687494,669.6412668959266,54623300
2025-10-07,667.1486206054688,671.0072138668005,665.7028804529681,670.5585274945992,72020100
2025-10-08,671.1268920898438,671.2266339865188,667.4477610054765,668.2753327277967,60702200
2025-10-09,669.1826171875,671.9544560264949,667.2384109165724,671.5456907353398,66501900
2025-10-10,651.0960693359375,671.9643973425017,650.9166069608107,670.1497521868876,159422600
2025-10-13,661.0865478515625,663.170417127303,657.8262232173948,658.7036354539871,79560500
2025-10-14,660.2789306640625,663.8683609233883,651.2456255038628,655.2338407773344,88779600
2025-10-15,663.2102661132812,668.2553559603689,656.988660072404,664.855429242796,81702600
2025-10-16,658.6936645507812,666.7398963555108,655.1740352792065,664.8554499895176,110563300
2025-10-17,662.4326171875,663.7985760836355,656.2010306703355,657.5570092911896,96500900
2025-10-20,669.3222045898438,670.2295576279439,665.3041094156895,665.3539499346838,60493400
2025-10-21,669.3121948242188,671.0071983826805,668.0060568363804,669.4617772299453,56249000
2025-10-22,665.83251953125,670.0201576878661,661.3457774038759,670.0201576878661,80564000
2025-10-23,669.7808837890625,670.7280970890292,665.8325287543602,666.1515932793667,65604500
2025-10-24,675.2546997070312,676.4710761570719,673.6594379369009,674.4670490970213,74356500
2025-10-27,683.2211303710938,683.5202343374859,680.1103274099472,680.7185156175003,63339800
2025-10-28,685.0357666015625,686.8802917495992,682.8123561492805,685.0257863269245,61738100
2025-10-29,685.3648071289062,687.6679989086465,680.8581046045199,686.6908448301914,85657100
2025-10-30,677.8270874023438,683.919071384824,677.8270874023438,681.8851035842282,76335800
2025-10-31,680.050537109375,683.0616591685175,677.2388379885472,683.0217380676526,87164100
2025-11-03,681.3267822265625,683.7794956694769,677.9367749059246,683.6498738048132,57315000
2025-11-04,673.2506103515625,677.9567360174515,672.5925816080086,674.1180423048241,78427000
2025-11-05,675.583740234375,678.8540450990596,672.1837526501265,672.9913638051393,74402400
2025-11-06,668.3351440429688,675.384321857154,666.7498016918889,674.4769688014325,85035300
2025-11-07,668.9931640625,669.1028862313885,659.2619700189845,665.9421818455136,100592400
2025-11-10,679.432373046875,680.1701831536659,673.0412846911101,675.2447347362015,75842900
2025-11-11,680.9877319335938,681.5560598909952,676.7302928180768,677.9467300747958,58953400
2025-11-12,681.3666381835938,682.9420002443612,678.9438047256676,682.7724572806613,62312500
2025-11-13,670.0599975585938,678.8540191634994,668.5445172010542,678.4950944095032,103457800
2025-11-14,669.9503784179688,673.669369761962,661.3159189526839,663.4196879466924,96846700
2025-11-17,663.7088012695312,671.7251529532939,660.2191128892804,667.7269573864955,90456100
2025-11-18,658.1353149414062,663.1604443809363,653.9277160969795,660.1493223141129,114467500
2025-11-19,660.6777954101562,665.3739409367662,656.8092216159307,658.8332701356088,94703000
2025-11-20,650.6075439453125,673.5696612658603,649.969414909385,670.9274443593279,165293500
2025-11-21,657.08837890625,662.5920743656175,648.9324254696204,653.1200634979649,123956200
2025-11-24,666.759765625,668.0858642133718,659.6408477705503,660.7375826041805,80437900
2025-11-25,673.03125,674.2177464111714,662.5222643995295,666.6600618545837,81077100
2025-11-26,677.6775512695312,679.6916195137131,674.7262499751725,675.6336030547216,71879600
2025-11-28,681.3765869140625,681.6557303234264,678.4950869285864,678.8540116786253,49212000
2025-12-01,678.2658081054688,680.9777652313311,676.7402865806703,676.8100876493213,61201200
2025-12-02,679.5220947265625,681.8053259843603,677.3285642303521,679.91089945233,62953800
2025-12-03,681.8751220703125,682.8920755410956,677.6874840363832,678.5648962284573,57238500
2025-12-04,682.3736572265625,683.3507504660292,679.3326553413237,683.2809493981625,61970300
2025-12-05,683.6697998046875,686.3618571461667,682.5630847287977,683.4504163312143,79241000
2025-12-08,681.6159057617188,684.6170474876437,679.5619773329797,684.5672069678625,55231500
2025-12-09,681.027587890625,683.3707007727439,680.5789623765876,681.1373100558188,58310100
2025-12-10,685.5443115234375,686.9401503769751,679.3027447895911,680.5490620813229,85671300
2025-12-11,687.1395263671875,687.2193077079016,680.1601500103427,683.1214313379483,86173700
2025-12-12,679.7514038085938,686.8504219479569,677.1690077077839,686.1424918468441,113160300
2025-12-15,678.7244262695312,683.7396361862291,677.2488060921288,683.7196756361553,90811000
2025-12-16,676.8699340820312,679.0734449717613,672.9913800472318,677.2288588584025,122030600
2025-12-17,669.4219360351562,678.4352803496147,669.2225131069573,677.8869129385677,110625200
2025-12-18,674.4769287109375,678.7343677454887,672.9116078583543,675.603604329658,108650100
2025-12-19,680.5900268554688,681.0900268554688,676.469970703125,676.5900268554688,103599500
2025-12-22,684.8300170898438,685.3599853515625,680.5900268554688,683.9400024414062,69556700
2025-12-23,687.9600219726562,688.2000122070312,683.8699951171875,683.9199829101562,64840000
2025-12-24,690.3800048828125,690.8300170898438,687.7999877929688,687.9500122070312,39445600
2025-12-26,690.3099975585938,691.6599731445312,689.27001953125,690.6400146484375,41613300
2025-12-29,687.8499755859375,689.2000122070312,686.0700073242188,687.5399780273438,62559500
2025-12-30,687.010009765625,688.5599975585938,686.5800170898438,687.4500122070312,47160700
2025-12-31,681.9199829101562,687.3599853515625,681.7100219726562,687.1400146484375,74144800
2026-01-02,683.1699829101562,686.8699951171875,679.8200073242188,685.7100219726562,89377200
2026-01-05,687.719970703125,689.4299926757812,686.3800048828125,686.5399780273438,71927200
2026-01-06,691.8099975585938,692.3200073242188,687.780029296875,687.9299926757812,69273800
2026-01-07,689.5800170898438,693.9600219726562,689.3200073242188,692.1900024414062,75588300
2026-01-08,689.510009765625,690.6199951171875,687.489990234375,688.8200073242188,64019200
2026-01-09,694.0700073242188,695.3099975585938,689.1799926757812,690.6300048828125,80125500
2026-01-12,695.1599731445312,696.0900268554688,690.6300048828125,690.6799926757812,63976000
2026-01-13,693.77001953125,696.0900268554688,691.3499755859375,695.489990234375,78309700
2026-01-14,690.3599853515625,691.719970703125,686.0399780273438,691.0,94676700
2026-01-15,692.239990234375,695.4500122070312,691.25,694.5700073242188,77862000
2026-01-16,691.6599731445312,694.25,690.0999755859375,693.6599731445312,79289200
2026-01-20,677.5800170898438,684.77001953125,676.5700073242188,681.489990234375,111623300
2026-01-21,685.4000244140625,688.739990234375,678.1300048828125,679.6500244140625,127844500
2026-01-22,688.97998046875,691.1300048828125,686.9199829101562,689.8499755859375,77112200
2026-01-23,689.22998046875,690.9600219726562,687.1599731445312,688.1500244140625,63059600
2026-01-26,692.72998046875,694.1300048828125,689.9199829101562,690.489990234375,60473800
2026-01-27,695.489990234375,696.530029296875,693.5700073242188,694.1799926757812,55506100
2026-01-28,695.4199829101562,697.8400268554688,693.9400024414062,697.0499877929688,61172200
2026-01-29,694.0399780273438,697.0599975585938,684.8300170898438,696.3900146484375,97486200
2026-01-30,691.969970703125,694.2100219726562,687.1199951171875,691.7899780273438,101835100
2026-02-02,695.4099731445312,696.9299926757812,689.4199829101562,689.5800170898438,79286500
2026-02-03,689.530029296875,696.9600219726562,684.030029296875,696.2100219726562,107904600
2026-02-04,686.1900024414062,691.4500122070312,681.760009765625,690.3499755859375,105204600
2026-02-05,677.6199951171875,683.6900024414062,675.7899780273438,680.9400024414062,113610800
2026-02-06,690.6199951171875,692.3099975585938,680.8499755859375,681.4600219726562,89127600
2026-02-09,693.9500122070312,695.8699951171875,688.3400268554688,689.4199829101562,73885200
2026-02-10,692.1199951171875,696.5399780273438,691.6599731445312,694.9500122070312,65185700
2026-02-11,691.9600219726562,697.1400146484375,689.1799926757812,696.3900146484375,76353900
2026-02-12,681.27001953125,695.3499755859375,680.3699951171875,694.239990234375,118829000
2026-02-13,681.75,686.280029296875,677.52001953125,681.6900024414062,96150400
